,Unnamed: 0,text,label
2359,1445,"good car chases , great fight scenes , and a distinctive blend of european , american and asian influences .",1
705,2814,"there are laughs aplenty , and , as a bonus , viewers don't have to worry about being subjected to farts , urine , feces , semen , or any of the other foul substances that have overrun modern-day comedies .",1
3505,3298,unfolds in a series of achronological vignettes whose cumulative effect is chilling .,1
3351,1511,likely to expertly drum up repressed teenage memories in any viewer .,1
2186,1359,"this is a good script , good dialogue , funny even for adults . the characters are interesting and often very creatively constructed from figure to backstory . the film will play equally well on both the standard and giant screens .",1
776,2161,". . . is there a deeper , more direct connection between these women , one that spans time and reveals meaning ? you bet there is and it's what makes this rather convoluted journey worth taking .",1
4453,2091,a documentary to make the stones weep -- as shameful as it is scary .,1
4655,1478,"as the two leads , lathan and diggs are charming and have chemistry both as friends and lovers .",1
3273,3495,moonlight mile doesn't quite go the distance but the cast is impressive and they all give life to these broken characters who are trying to make their way through this tragedy .,1
59,3285,"hatfield and hicks make the oddest of couples , and in this sense the movie becomes a study of the gambles of the publishing world , offering a case study that exists apart from all the movie's political ramifications .",1
4105,3654,"[raimi's] matured quite a bit with spider-man , even though it's one of the most plain white toast comic book films you'll ever see .",1
3838,4170,what elevates the movie above the run-of-the-mill singles blender is its surreal sense of humor and technological finish .,1
544,749,"nervy and sensitive , it taps into genuine artistic befuddlement , and at the same time presents a scathing indictment of what drives hollywood .",1
3458,3534,much of all about lily chou-chou is mesmerizing : some of its plaintiveness could make you weep .,1
2691,2662,"leaping from one arresting image to another , songs from the second floor has all the enjoyable randomness of a very lively dream and so manages to be compelling , amusing and unsettling at the same time .",1
4057,179,"maybe it's just because this past year has seen the release of some of the worst film comedies in decades . . . but honestly , analyze that really isn't all that bad .",1
4417,8239,"aside from the fact that the film idiotically uses the website feardotcom . com or the improperly hammy performance from poor stephen rea , the film gets added disdain for the fact that it is nearly impossible to look at or understand .",0
390,724,thurman and lewis are hilarious throughout .,1
1247,4021,tackles the difficult subject of grief and loss with such life-embracing spirit that the theme doesn't drag an audience down .,1
1528,924,"sensitive , insightful and beautifully rendered film . one of the best of the year .",1
1917,4007,superb production values & christian bale's charisma make up for a derivative plot .,1
397,2600,this is an undeniably intriguing film from an adventurous young talent who finds his inspiration on the fringes of the american underground .,1
4637,1306,beneath clouds is a succinct low-budget film whose compelling characters and intelligent script are exactly what was missing from rabbit-proof fence .,1
2326,1097,"ultimately feels empty and unsatisfying , like swallowing a communion wafer without the wine .",1
2175,5660,extremely bad .,0
841,3811,"this odd , poetic road movie , spiked by jolts of pop music , pretty much takes place in morton's ever-watchful gaze -- and it's a tribute to the actress , and to her inventive director , that the journey is such a mesmerizing one .",1
4310,174,ranks among willams' best screen work .,1
1854,87,"director kapur is a filmmaker with a real flair for epic landscapes and adventure , and this is a better film than his earlier english-language movie , the overpraised elizabeth .",1
4156,3182,quitting offers piercing domestic drama with spikes of sly humor .,1
4630,3428,moving and vibrant .,1
4656,1095,"add yet another hat to a talented head , clooney's a good director .",1
2408,4152,playfully profound . . . and crazier than michael jackson on the top floor of a skyscraper nursery surrounded by open windows .,1
4512,4196,"it's a hoot watching the rock chomp on jumbo ants , pull an arrow out of his back , and leap unscathed through raging fire !",1
3287,2654,"murderous maids has a lot going for it , not least the brilliant performances by testud . . . and parmentier .",1
3404,2004,"just about the best straight-up , old-school horror film of the last 15 years .",1
1283,2227,"think of it as gidget , only with muscles and a lot more smarts , but just as endearing and easy to watch .",1
4079,2319,"funny in a sick , twisted sort of way .",1
2486,3489,the film's only missteps come from the script's insistence on providing deep emotional motivation for each and every one of abagnale's antics .,1
4357,6031,it's a grab bag of genres that don't add up to a whole lot of sense .,0
238,1875,"imperfect ? yes , but also intriguing and honorable , a worthwhile addition to a distinguished film legacy .",1
4461,1627,fun and nimble .,1
3152,1139,"far more imaginative and ambitious than the trivial , cash-in features nickelodeon has made from its other animated tv series .",1
990,959,there has been much puzzlement among critics about what the election symbolizes . i believe the message is in the messenger : the agent is a woman .,1
2842,669,has a plot full of twists upon knots . . . and a nonstop parade of mock-tarantino scuzbag types that starts out clever but veers into overkill .,1
4680,6991,"after seeing swept away , i feel sorry for madonna .",0
1483,2707,"overall , it's a very entertaining , thought-provoking film with a simple message : god is love .",1
1010,1179,"like leon , it's frustrating and still oddly likable .",1
1862,687,"this is a raw and disturbing tale that took five years to make , and the trio's absorbing narrative is a heart-wrenching showcase indeed .",1
72,486,an irresistible combination of a rousing good story set on a truly grand scale .,1
3499,4240,"for all its visual panache and compelling supporting characters , the heart of the film rests in the relationship between sullivan and his son .",1
4394,379,george clooney proves he's quite a talented director and sam rockwell shows us he's a world-class actor with confessions of a dangerous mind .,1
833,794,"a work of intricate elegance , literary lyricism and profound common sense .",1
2015,3948,"sem se preocupar em criar momentos melodramáticos para arrancar lágrimas do espectador , o pianista é um filme triste sem que , para isso , precise ser emocionante .",1
4192,2915,"a sensitive , cultivated treatment of greene's work as well as a remarkably faithful one .",1
2374,166,"there's enough science to make it count as educational , and enough beauty to make it unforgettable .",1
3809,3086,one of the greatest films i've ever seen .,1
475,6160,"the action switches between past and present , but the material link is too tenuous to anchor the emotional connections that purport to span a 125-year divide .",0
4062,2985,"the fun of the movie is the chance it affords to watch jackson , who also served as executive producer , take his smooth , shrewd , powerful act abroad .",1
3433,5338,"the doofus-on- the-loose banter of welcome to collinwood has a cocky , after-hours loopiness to it . and as with most late-night bull sessions , eventually the content isn't nearly as captivating as the rowdy participants think it is .",0
1399,3573,provides a very moving and revelatory footnote to the holocaust .,1
3075,3539,"what i saw , i enjoyed .",1
3821,2212,"it's full of cheesy dialogue , but great trashy fun that finally returns de palma to his pulpy thrillers of the early '80s .",1
2125,7373,"i guess it just goes to show that if you give a filmmaker an unlimited amount of phony blood , nothing good can happen .",0
825,3376,"by and large this is mr . kilmer's movie , and it's his strongest performance since the doors .",1
3822,2441,"collateral damage is trash , but it earns extra points by acting as if it weren't .",1
1347,1329,a superbly acted and funny/gritty fable of the humanizing of one woman at the hands of the unseen forces of fate .,1
1576,1504,a delightful coming-of-age story .,1
456,3797,"it's mostly a pleasure to watch . and the reason for that is a self-aware , often self-mocking , intelligence .",1
1351,75,"the appearance of treebeard and gollum's expanded role will either have you loving what you're seeing , or rolling your eyes . i loved it ! gollum's 'performance' is incredible !",1
4527,3050,roman polanski's autobiographical gesture at redemption is better than 'shindler's list' - it is more than merely a holocaust movie .,1
226,7136,nothing about it fits .,0
3451,2629,adaptation is simply brilliant .,1
3201,3275,as lively an account as seinfeld is deadpan .,1
4410,1820,"jae-eun jeong's take care of my cat brings a beguiling freshness to a coming-of-age story with such a buoyant , expressive flow of images that it emerges as another key contribution to the flowering of the south korean cinema .",1
3636,234,"an absorbing trip into the minds and motivations of people under stress as well as a keen , unsentimental look at variations on the theme of motherhood .",1
1764,4118,"all in all , it's a pretty good execution of a story that's a lot richer than the ones hollywood action screenwriters usually come up with on their own .",1
684,2488,"gooding is the energetic frontman , and it's hard to resist his enthusiasm , even if the filmmakers come up with nothing original in the way of slapstick sequences .",1
3045,1115,a quiet treasure -- a film to be savored .,1
1001,4124,"the storytelling may be ordinary , but the cast is one of those all-star reunions that fans of gosford park have come to assume is just another day of brit cinema .",1
2415,937,an enchanting film that presents an audacious tour of the past and takes within its warm embrace the bounties of cultural artifacts inside st . petersburg's hermitage museum .,1
441,2270,a certain sexiness underlines even the dullest tangents .,1
2198,2906,'blue crush' swims away with the sleeper movie of the summer award .,1
2946,6304,has the feel of an unedited personal journal .,0
716,275,"if you're like me , a sucker for a good old fashion romance and someone who shamelessly loves to eat , then mostly martha offers all the perfect ingredients to more than satisfy your appetite .",1
1046,2869,"will you go ape over this movie ? well , it probably won't have you swinging from the trees hooting it's praises , but it's definitely worth taking a look .",1
215,4137,an affectionately goofy satire that's unafraid to throw elbows when necessary . . .,1
3106,451,"it sounds sick and twisted , but the miracle of shainberg's film is that it truly is romance",1
3997,117,"between the drama of cube ? s personal revelations regarding what the shop means in the big picture , iconic characters gambol fluidly through the story , with charming results .",1
1727,1521,if steven soderbergh's 'solaris' is a failure it is a glorious failure .,1
1185,3880,"godard has never made a more sheerly beautiful film than this unexpectedly moving meditation on love , history , memory , resistance and artistic transcendence .",1
1884,1845,"simultaneously heart-breaking and very funny , the last kiss is really all about performances .",1
1677,1040,"although it's a bit smug and repetitive , this documentary engages your brain in a way few current films do .",1
4219,4257,"constantly touching , surprisingly funny , semi-surrealist exploration of the creative act .",1
2993,1500,"another one of those estrogen overdose movies like "" divine secrets of the ya ya sisterhood , "" except that the writing , acting and character development are a lot better .",1
609,1122,it's fascinating to see how bettany and mcdowell play off each other .,1
1357,4147,delivers roughly equal amounts of beautiful movement and inside information .,1
3364,2324,". . . a solid , well-formed satire .",1
2316,2311,"the film is reasonably entertaining , though it begins to drag two-thirds through , when the melodramatic aspects start to overtake the comedy .",1
4431,2953,hawn and sarandon form an acting bond that makes the banger sisters a fascinating character study with laughs to spare .,1
1426,1138,"garcía bernal and talancón are an immensely appealing couple , and even though their story is predictable , you'll want things to work out .",1
1284,1071,a rarity among recent iranian films : it's a comedy full of gentle humor that chides the absurdity of its protagonist's plight .,1
2669,972,"cedar takes a very open-minded approach to this sensitive material , showing impressive control , both visually and in the writing .",1
4070,2080,"in all fairness , i must report that the children of varying ages in my audience never coughed , fidgeted or romped up and down the aisles for bathroom breaks .",1
2156,2458,"instead of hitting the audience over the head with a moral , schrader relies on subtle ironies and visual devices to convey point of view .",1
3399,1682,"the reason to see "" sade "" lay with the chemistry and complex relationship between the marquis ( auteil ) and emilie ( le besco ) .",1
2826,864,is it a total success ? no . is it something any true film addict will want to check out ? you bet .,1
3133,424,"disney's live-action division has a history of releasing cinematic flotsam , but this is one occasion when they have unearthed a rare gem .",1
3693,3009,"halloween : resurrection isn't exactly quality cinema , but it isn't nearly as terrible as it cold have been .",1
1144,456,"as if to prove a female director can make a movie with no soft edges , kathryn bigelow offers no sugar-coating or interludes of lightness . her film is unrelentingly claustrophobic and unpleasant .",1
3393,2647,leigh succeeds in delivering a dramatic slap in the face that's simultaneously painful and refreshing .,1
4471,626,"the film's 45-minute running time stops shy of overkill , though viewers may be more exhausted than the athletes onscreen .",1
3621,2879,"this is mostly well-constructed fluff , which is all it seems intended to be .",1
511,123,""" extreme ops "" exceeds expectations . good fun , good action , good acting , good dialogue , good pace , good cinematography .",1
561,2625,wonderful fencing scenes and an exciting plot make this an eminently engrossing film .,1
2906,2420,"hard , endearing , caring , warm . bring tissues .",1
1999,3601,"a refreshingly realistic , affectation-free coming-of-age tale .",1
3604,3559,"it's a fine , focused piece of work that reopens an interesting controversy and never succumbs to sensationalism .",1
309,3163,an overly melodramatic but somewhat insightful french coming-of-age film . . .,1
1536,2378,the film has the uncanny ability to right itself precisely when you think it's in danger of going wrong .,1
3172,4223,eric schweig and graham greene both exude an air of dignity that's perfect for the proud warrior that still lingers in the souls of these characters .,1
4134,2924,so vivid a portrait of a woman consumed by lust and love and crushed by betrayal that it conjures up the intoxicating fumes and emotional ghosts of a freshly painted rembrandt .,1
2569,1611,"while not for every taste , this often very funny collegiate gross-out comedy goes a long way toward restoring the luster of the national lampoon film franchise , too long reduced to direct-to-video irrelevancy .",1
1712,1771,"it's a technically superb film , shining with all the usual spielberg flair , expertly utilizing the talents of his top-notch creative team .",1
4225,3011,"romantic comedy and dogme 95 filmmaking may seem odd bedfellows , but they turn out to be delightfully compatible here .",1
2588,8233,the project's filmmakers forgot to include anything even halfway scary as they poorly rejigger fatal attraction into a high school setting .,0
875,495,"not everything works , but the average is higher than in mary and most other recent comedies .",1
2753,2454,"at times auto focus feels so distant you might as well be watching it through a telescope . yet in its own aloof , unreachable way it's so fascinating you won't be able to look away for a second .",1
2305,2071,the ya-ya's have many secrets and one is - the books are better . translating complex characters from novels to the big screen is an impossible task but they are true to the essence of what it is to be ya-ya .,1
1068,719,the film is an enjoyable family film -- pretty much aimed at any youngster who loves horses .,1
1190,498,"the film's sharp , often mischievous sense of humor will catch some off guard . . .",1
1339,1171,the film tunes into a grief that could lead a man across centuries .,1
3463,5668,cacoyannis is perhaps too effective in creating an atmosphere of dust-caked stagnation and labored gentility .,0
2790,2532,"unfolds in a low-key , organic way that encourages you to accept it as life and go with its flow .",1
3445,618,director nalin pan doesn't do much to weigh any arguments one way or the other . he simply presents his point of view that ayurveda works . no question .,1
797,3576,"i like it . there is a freedom to watching stunts that are this crude , this fast-paced and this insane .",1
2645,2329,"uneven , self-conscious but often hilarious spoof .",1
3562,29,it helps that lil bow wow . . . tones down his pint-sized gangsta act to play someone who resembles a real kid .,1
4451,6529,'enigma' is a good name for a movie this delibrately obtuse and unapproachable . a waste of good performances .,0
2422,1339,it's an offbeat treat that pokes fun at the democratic exercise while also examining its significance for those who take part .,1
2487,4854,"everything's serious , poetic , earnest and -- sadly -- dull .",0
4162,798,lee jeong-hyang tells it so lovingly and films it so beautifully that i couldn't help being captivated by it .,1
1550,2226,spare yet audacious . . .,1
1178,3041,"texan director george ratliff had unlimited access to families and church meetings , and he delivers fascinating psychological fare .",1
1732,508,the saturation bombing of reggio's images and glass' evocative music . . . ultimately leaves viewers with the task of divining meaning .,1
1510,1796,its sheer dynamism is infectious .,1
3584,46,gosling provides an amazing performance that dwarfs everything else in the film .,1
2041,8177,"like many such biographical melodramas , it suffers from the awkwardness that results from adhering to the messiness of true stories .",0
1330,254,this is a film brimming with detail and nuance and one that speaks volumes about the ability of the human spirit to find solace in events that could easily crush it forever .,1
2629,2511,k-19 : the widowmaker is a great yarn .,1
255,7390,just the sort of lazy tearjerker that gives movies about ordinary folk a bad name .,0
598,236,"the passions aroused by the discord between old and new cultures are set against the strange , stark beauty of the mideast desert , so lovingly and perceptively filmed that you can almost taste the desiccated air .",1
2539,4009,"i know i shouldn't have laughed , but hey , those farts got to my inner nine-year-old .",1
2228,1964,"a fantastically vital movie that manages to invest real humor , sensuality , and sympathy into a story about two adolescent boys .",1
3056,2705,"a penetrating , potent exploration of sanctimony , self-awareness , self-hatred and self-determination .",1
4257,2221,"watching this gentle , mesmerizing portrait of a man coming to terms with time , you barely realize your mind is being blown .",1
4021,1786,"you might want to take a reality check before you pay the full ticket price to see "" simone , "" and consider a dvd rental instead .",1
2234,1661,"maelstrom is strange and compelling , engrossing and different , a moral tale with a twisted sense of humor .",1
910,2668,"the story line may be 127 years old , but el crimen del padre amaro . . . couldn't be more timely in its despairing vision of corruption within the catholic establishment .",1
284,3228,a must-see for fans of thoughtful war films and those interested in the sights and sounds of battle .,1
4343,4027,"using an endearing cast , writer/director dover kosashvili takes a slightly dark look at relationships , both sexual and kindred .",1
2361,2851,"brilliantly written and well-acted , yellow asphalt is an uncompromising film .",1
380,3405,"the hours , a delicately crafted film , is an impressive achievement in spite of a river of sadness that pours into every frame .",1
715,3533,"maid in manhattan might not look so appealing on third or fourth viewing down the road . . . but as a high concept vehicle for two bright stars of the moment who can rise to fans' lofty expectations , the movie passes inspection .",1
1255,3722,"me no lika da accents so good , but i thoroughly enjoyed the love story . scott baio is turning in some delightful work on indie projects .",1
3830,3401,"the year's greatest adventure , and jackson's limited but enthusiastic adaptation has made literature literal without killing its soul -- a feat any thinking person is bound to appreciate .",1
4164,8483,this is a heartfelt story . . . it just isn't a very involving one .,0
4437,3236,"it's not a classic spy-action or buddy movie , but it's entertaining enough and worth a look .",1
1664,1366,"if you are an actor who can relate to the search for inner peace by dramatically depicting the lives of others onstage , then esther's story is a compelling quest for truth .",1
367,3532,"an unsettling , memorable cinematic experience that does its predecessors proud .",1
173,3916,this is one of the rarest kinds of films : a family-oriented non-disney film that is actually funny without hitting below the belt .,1
4652,8016,"just consider what new best friend does not have , beginning with the minor omission of a screenplay .",0
3176,3037,"murder by numbers' isn't a great movie , but it's a perfectly acceptable widget .",1
1946,4077,"scotland looks wonderful , the fans are often funny fanatics , the showdown sure beats a bad day of golf .",1
4075,164,"there are as many misses as hits , but ultimately , it finds humor in the foibles of human behavior , and it's a welcome return to the roots of a genre that should depend on surprises .",1
3550,3095,"while somewhat less than it might have been , the film is a good one , and you've got to hand it to director george clooney for biting off such a big job the first time out .",1
868,1750,a lyrical metaphor for cultural and personal self-discovery and a picaresque view of a little-remembered world .,1
4480,3605,"to honestly address the flaws inherent in how medical aid is made available to american workers , a more balanced or fair portrayal of both sides will be needed .",1
2021,432,"working from elliott's memoir , rohmer fashions the sort of delicate , articulate character- and- relationship study he's favored for decades .",1
4305,1251,"[chaiken's] talent lies in an evocative , accurate observation of a distinctive milieu and in the lively , convincing dialogue she creates for her characters .",1
1263,3,"if you sometimes like to go to the movies to have fun , wasabi is a good place to start .",1
600,3737,proves that some movie formulas don't need messing with -- like the big-bug movie .,1
3431,3424,the film is a very good viewing alternative for young women .,1
1212,3536,"spielberg's first real masterpiece , it deserved all the hearts it won -- and wins still , 20 years later .",1
2174,947,"this ecologically minded , wildlife friendly film teaches good ethics while entertaining with its unconventionally wacky but loving family",1
4281,7165,what could and should have been biting and droll is instead a tepid waste of time and talent .,0
4223,1170,"instead of a hyperbolic beat-charged urban western , it's an unpretentious , sociologically pointed slice of life .",1
1416,2527,a diverse and astonishingly articulate cast of palestinian and israeli children .,1
3218,3065,a heroic tale of persistence that is sure to win viewers' hearts .,1
808,4163,"in the affable maid in manhattan , jennifer lopez's most aggressive and most sincere attempt to take movies by storm , the diva shrewdly surrounds herself with a company of strictly a-list players .",1
1830,839,"this is one of the most visually stunning and thematically moving epics in recent memory , and in spite of numerous minor flaws , scorsese's best in more than a decade .",1
3808,4624,cedar somewhat defuses this provocative theme by submerging it in a hoary love triangle .,0
3407,2616,i don't think most of the people who loved the 1989 paradiso will prefer this new version . but i do .,1
4353,2884,"watching this film , one is left with the inescapable conclusion that hitchens' obsession with kissinger is , at bottom , a sophisticated flower child's desire to purge the world of the tooth and claw of human power .",1
3607,2503,"lead actress gaï , she of the impossibly long limbs and sweetly conspiratorial smile , is a towering siren .",1
1407,2730,morvern rocks .,1
99,592,a quietly reflective and melancholy new zealand film about an eventful summer in a 13-year-old girl's life .,1
1372,2146,"the huskies are beautiful , the border collie is funny and the overall feeling is genial and decent .",1
3994,4359,dignified ceo's meet at a rustic retreat and pee against a tree . can you bear the laughter ?,0
2250,1945,"the film is visually dazzling , the depicted events dramatic , funny and poignant .",1
945,2098,". . . the tale of her passionate , tumultuous affair with musset unfolds as sand's masculine persona , with its love of life and beauty , takes form .",1
4596,889,a compelling portrait of moral emptiness,1
135,3817,labute's careful handling makes the material seem genuine rather than pandering .,1
3395,3598,[has] an immediacy and an intimacy that sucks you in and dares you not to believe it's all true .,1
1317,2506,"it's a setup so easy it borders on facile , but keeping the film from cheap-shot mediocrity is its crack cast .",1
2006,3371,"all leather pants & augmented boobs , hawn is hilarious as she tries to resuscitate the fun-loving libertine lost somewhere inside the conservative , handbag-clutching sarandon .",1
2230,3504,"the tone errs on the shrill side , tempered by a soft southern gentility that speaks of beauty , grace and a closet full of skeletons .",1
4456,2219,"while there are times when the film's reach exceeds its grasp , the production works more often than it doesn't .",1
3909,3010,"as banal as the telling may be -- and at times , all my loved ones more than flirts with kitsch -- the tale commands attention .",1
1237,1653,a captivating coming-of-age story that may also be the first narrative film to be truly informed by the wireless age .,1
2762,2392,a jaw-droppingly beautiful work that upends nearly every cliché of japanese animation while delivering a more than satisfactory amount of carnage .,1
2483,2689,"while tattoo borrows heavily from both seven and the silence of the lambs , it manages to maintain both a level of sophisticated intrigue and human-scale characters that suck the audience in .",1
2736,3639,"mr . deeds is sure to give you a lot of laughs in this simple , sweet and romantic comedy .",1
4190,1952,a perfectly pleasant if slightly pokey comedy .,1
1005,2722,cremaster 3 is at once a tough pill to swallow and a minor miracle of self-expression .,1
1367,2939,"the film is a fierce dance of destruction . its flame-like , roiling black-and-white inspires trembling and gratitude .",1
1596,3552,the first half bursts with a goofy energy previous disney films only used for a few minutes here and there .,1
2444,2818,"filled with alexandre desplat's haunting and sublime music , the movie completely transfixes the audience .",1
4491,2288,"affirms the gifts of all involved , starting with spielberg and going right through the ranks of the players -- on-camera and off -- that he brings together .",1
981,1242,there has always been something likable about the marquis de sade .,1
3950,4426,"by the time you reach the finale , you're likely wondering why you've been watching all this strutting and posturing .",0
2985,3507,"the power of shanghai ghetto , a documentary by dana janklowicz-mann and amir mann , rests in the voices of men and women , now in their 70s , who lived there in the 1940s .",1
4445,2658,( rises ) above its oh-so-hollywood rejiggering and its conventional direction to give the film a soul and an unabashed sense of good old-fashioned escapism .,1
922,3187,"as improbable as this premise may seem , abbass's understated , shining performance offers us the sense that on some elemental level , lilia deeply wants to break free of her old life .",1
2585,3414,birthday girl walks a tricky tightrope between being wickedly funny and just plain wicked .,1
2989,2696,hashiguchi uses the situation to evoke a japan bustling atop an undercurrent of loneliness and isolation .,1
3745,3511,"if you ignore the cliches and concentrate on city by the sea's interpersonal drama , it ain't half-bad .",1
861,443,a great comedy filmmaker knows great comedy needn't always make us laugh . tim story's not there yet - but 'barbershop' shows he's on his way .,1
3787,1746,probably the best case for christianity since chesterton and lewis .,1
1952,1100,. . . a true delight .,1
1874,2775,can be viewed as pure composition and form -- film as music,1
888,1603,nair doesn't treat the issues lightly . she allows each character to confront their problems openly and honestly .,1
839,342,bennett's dramatization of her personal descent into post-breakup perdition has a morbid appeal that's tough to shake .,1
3059,2177,arguably the best script that besson has written in years .,1
1601,65,the invincible werner herzog is alive and well and living in la,1
1100,3127,"at its best , this is grand-scale moviemaking for a larger-than-life figure , an artist who has been awarded mythic status in contemporary culture .",1
39,1765,"a drama of great power , yet some members of the audience will leave the theater believing they have seen a comedy .",1
1686,3344,""" mr . deeds "" is suitable summer entertainment that offers escapism without requiring a great deal of thought .",1
4107,7510,the sweetest thing is expressly for idiots who don't care what kind of sewage they shovel into their mental gullets to simulate sustenance .,0
507,2874,"the story's scope and pageantry are mesmerizing , and mr . day-lewis roars with leonine power .",1
203,579,"[director peter] jackson and his crew have so steeped themselves in the majesty of tolkien's writing that every frame produces new joys , whether you're a fan of the books or not .",1
378,2549,"though it lacks the utter authority of a genre gem , there's a certain robustness to this engaging mix of love and bloodletting .",1
1074,1926,"uplifting as only a document of the worst possibilities of mankind can be , and among the best films of the year .",1
2282,2800,manages to be wholesome and subversive at the same time .,1
1180,598,a pleasant enough comedy that should have found a summer place .,1
1848,2513,"evokes the frustration , the awkwardness and the euphoria of growing up , without relying on the usual tropes .",1
4224,4820,"most of the storylines feel like time fillers between surf shots . the movie isn't horrible , but you can see mediocre cresting on the next wave .",0
889,1385,"bennett's naturalistic performance speaks volumes more truth than any 'reality' show , and anybody contemplating their own drastic life changes should watch some body first .",1
2950,3172,you'll end up moved .,1
408,645,"it's an example of sophisticated , challenging filmmaking that stands , despite its noticeable lack of emotional heft , in welcome contrast to the indulgent dead-end experimentation of the director's previous full frontal .",1
4139,2086,"a memorable experience that , like many of his works , presents weighty issues colorfully wrapped up in his own idiosyncratic strain of kitschy goodwill .",1
989,224,"an absorbing , slice-of-depression life that touches nerves and rings true .",1
1437,3281,what makes it worth watching is quaid's performance .,1
1032,3588,"an engaging , formulaic sports drama that carries a charge of genuine excitement .",1
444,3032,. . . the implication is kissinger may have decided that  when it comes to truncheoning  it's better to give than to receive .,1
3297,1935,a genuinely moving and wisely unsentimental drama .,1
562,729,"the comic performances are all spot on , especially lee ross's turn as ken .",1
2676,2740,"standing by yourself is haunting . . . [it's] what punk rock music used to be , and what the video medium could use more of : spirit , perception , conviction .",1
1258,3264,"heartwarming here relies less on forced air than on petter næss' delicate , clever direction . . . and a wonderful , imaginative script by axel hellstenius .",1
3733,3148,changing lanes is an anomaly for a hollywood movie ; it's a well-written and occasionally challenging social drama that actually has something interesting to say .,1
997,1233,"no sophomore slump for director sam mendes , who segues from oscar winner to oscar-winning potential with a smooth sleight of hand .",1
3947,387,"a slick , skillful little horror film .",1
1325,711,"an intelligent , moving and invigorating film .",1
3015,2128,". . . while each moment of this broken character study is rich in emotional texture , the journey doesn't really go anywhere .",1
4161,4965,"not really a thriller so much as a movie for teens to laugh , groan and hiss at .",0
679,771,"cho's fearless in picking apart human foibles , not afraid to lay her life bare in front of an audience . her delivery and timing are flawless .",1
1388,3249,"a compassionate , moving portrait of an american ( and an america ) always reaching for something just outside his grasp .",1
2557,7954,"elmo touts his drug as being 51 times stronger than coke . if you're looking for a tale of brits behaving badly , watch snatch again . it's 51 times better than this .",0
3992,3629,"beautiful , angry and sad , with a curious sick poetry , as if the marquis de sade had gone in for pastel landscapes .",1
1583,1501,"a breezy romantic comedy that has the punch of a good sitcom , while offering exceptionally well-detailed characters .",1
2452,1294,candid camera on methamphetamines .,1
189,2183,maintains your sympathy for this otherwise challenging soul by letting you share her one-room world for a while .,1
2644,2860,nachtwey clears the cynicism right out of you . he makes you realize that deep inside righteousness can be found a tough beauty .,1
1052,1140,"the very definition of the 'small' movie , but it is a good stepping stone for director sprecher .",1
4569,3640,"when you think you've figured out bielinsky's great game , that's when you're in the most trouble : he's the con , and you're just the mark .",1
3072,167,"remains a solid , if somewhat heavy-handed , account of the near-disaster . . . done up by howard with a steady , if not very imaginative , hand .",1
921,785,"a provocative movie about loss , anger , greed , jealousy , sickness and love .",1
1495,3457,"could have been crisper and punchier , but it's likely to please audiences who like movies that demand four hankies .",1
3869,1284,"prancing his way through the tailor-made part of a male hooker approaching the end of his vitality , jagger obviously relishes every self-mocking moment .",1
625,418,"still pretentious and filled with subtext , but entertaining enough at 'face value' to recommend to anyone looking for something different .",1
4200,1062,"it provides the grand , intelligent entertainment of a superior cast playing smart people amid a compelling plot .",1
2986,1691,"flawed , but worth seeing for ambrose's performance .",1
3742,1709,". . . creates a visceral sense of its characters' lives and conflicted emotions that carries it far above . . . what could have been a melodramatic , lifetime channel-style anthology .",1
2589,465,"the pleasures of super troopers may be fleeting , but they'll register strongly with anybody who still retains a soft spot for precollegiate humor .",1
1515,602,what it lacks in originality it makes up for in intelligence and b-grade stylishness .,1
4083,4259,merci pour le movie .,1
550,2708,"it may not be a great piece of filmmaking , but its power comes from its soul's-eye view of how well-meaning patronizing masked a social injustice , at least as represented by this case .",1
1891,3804,"if you don't flee , you might be seduced . if you don't laugh , flee .",1
2469,1719,"no , it's not as single-minded as john carpenter's original , but it's sure a lot smarter and more unnerving than the sequels .",1
1520,1263,"for anyone unfamiliar with pentacostal practices in general and theatrical phenomenon of hell houses in particular , it's an eye-opener .",1
2095,1862,"the film's sense of imagery gives it a terrible strength , but it's propelled by the acting .",1
360,517,. . . breathes surprising new life into the familiar by amalgamating genres and adding true human complexity to its not-so-stock characters .,1
656,2016,"a delightful stimulus for the optic nerves , so much that it's forgivable that the plot feels like every other tale of a totalitarian tomorrow .",1
2848,293,"intriguing and beautiful film , but those of you who read the book are likely to be disappointed .",1
4194,245,you might not buy the ideas . but you'll definitely want the t-shirt .,1
4524,1694,"lookin' for sin , american-style ? try hell house , which documents the cautionary christian spook-a-rama of the same name .",1
2049,1789,"there's back-stabbing , inter-racial desire and , most importantly , singing and dancing .",1
1767,3044,a film in a class with spike lee's masterful do the right thing .,1
3849,95,"if nothing else , this movie introduces a promising , unusual kind of psychological horror .",1
783,1554,"this is wild surreal stuff , but brilliant and the camera just kind of sits there and lets you look at this and its like you're going from one room to the next and none of them have any relation to the other .",1
2093,3698,"it's a smartly directed , grown-up film of ideas .",1
4299,454,"one of the best examples of how to treat a subject , you're not fully aware is being examined , much like a photo of yourself you didn't know was being taken .",1
1752,2854,a fascinating literary mystery story with multiple strands about the controversy of who really wrote shakespeare's plays .,1
3692,2405,one of the most genuinely sweet films to come along in quite some time .,1
3191,80,"it's the best film of the year so far , the benchmark against which all other best picture contenders should be measured .",1
709,1882,feral and uncomfortable .,1
3514,3267,""" home movie "" is a sweet treasure and something well worth your time .",1
1662,2914,deliciously slow .,1
2774,6721,borrows from so many literary and cinematic sources that this future world feels absolutely deja vu .,0
4158,504,the bourne identity is what summer screen escapism used to be in the decades when it was geared more to grownups .,1
3987,1718,the casting of von sydow . . . is itself intacto's luckiest stroke .,1
11,2065,"birthday girl lucks out with chaplin and kidman , who are capable of anteing up some movie star charisma when they need it to sell us on this twisted love story , but who can also negotiate the movie's darker turns .",1
4350,3596,horns and halos benefits from serendipity but also reminds us of our own responsibility to question what is told as the truth .,1
531,646,a very funny look at how another culture handles the process of courting and marriage .,1
3209,507,too sincere to exploit its subjects and too honest to manipulate its audience .,1
2779,140,"it's a minor comedy that tries to balance sweetness with coarseness , while it paints a sad picture of the singles scene .",1
1411,984,"unlike the nauseating fictions peddled by such 'have-yourself-a-happy-little-holocaust' movies as life is beautiful and jakob the liar , the grey zone is honest enough to deny the possibility of hope in auschwitz .",1
2922,2639,a portrait of an artist .,1
4363,1849,miyazaki is one of world cinema's most wondrously gifted artists and storytellers .,1
2960,920,the way coppola professes his love for movies -- both colorful pop junk and the classics that unequivocally qualify as art -- is giddily entertaining .,1
340,1185,"fun , flip and terribly hip bit of cinematic entertainment .",1
3263,3756,"spectacular in every sense of the word , even if you don' t know an orc from a uruk-hai .",1
2841,3590,"like vardalos and corbett , who play their roles with vibrant charm , the film , directed by joel zwick , is heartfelt and hilarious in ways you can't fake .",1
3900,2442,"a whole lot of fun and funny in the middle , though somewhat less hard-hitting at the start and finish .",1
2057,4446,". . . ice age treads predictably along familiar territory , making it a passable family film that won't win many fans over the age of 12 .",0
3782,2214,a quietly moving look back at what it was to be iranian-american in 1979 .,1
4274,3222,it's a ripper of a yarn and i for one enjoyed the thrill of the chill . naomi watts is terrific as rachel ; her petite frame and vulnerable persona emphasising her plight and isolation .,1
2127,4373,the movie is a mess from start to finish .,0
2424,2264,gently humorous and touching .,1
818,1642,adaptation is intricately constructed and in a strange way nails all of orlean's themes without being a true adaptation of her book .,1
3928,2522,"the sight of the spaceship on the launching pad is duly impressive in imax dimensions , as are shots of the astronauts floating in their cabins .",1
3196,2604,"fans of critics' darling band wilco will marvel at the sometimes murky , always brooding look of i am trying to break your heart .",1
3774,2541,worse than 'silence of the lambs' better than 'hannibal',1
1223,6389,"the story is naturally poignant , but first-time screenwriter paul pender overloads it with sugary bits of business .",0
1016,1438,one from the heart .,1
518,3244,"all three actresses are simply dazzling , particularly balk , who's finally been given a part worthy of her considerable talents .",1
1385,3262,"leave it to the french to truly capture the terrifying angst of the modern working man without turning the film into a cheap thriller , a dumb comedy or a sappy melodrama .",1
1709,3057,"this is an exercise in chilling style , and twohy films the sub , inside and out , with an eye on preserving a sense of mystery .",1
480,3558,. . . the kind of entertainment that parents love to have their kids see .,1
2383,4055,"while centered on the life experiences of a particular theatrical family , this marvelous documentary touches -- ever so gracefully -- on the entire history of the yiddish theater , both in america and israel .",1
2243,970,"my oh my , is this an invigorating , electric movie .",1
384,2846,"the climactic events are so well realized that you may forget all about the original conflict , just like the movie does",1
2214,4255,the film's heady yet far from impenetrable theory suggests that russians take comfort in their closed-off nationalist reality .,1
2328,1293,it's one heck of a character study -- not of hearst or davies but of the unique relationship between them .,1
3438,239,"a triumph of art direction over narrative , but what art direction !",1
3424,1982,the casting of raymond j . barry as the 'assassin' greatly enhances the quality of neil burger's impressive fake documentary .,1
851,1457,"the special effects and many scenes of weightlessness look as good or better than in the original , while the oscar-winning sound and james horner's rousing score make good use of the hefty audio system .",1
3611,3058,"an uncomfortable experience , but one as brave and challenging as you could possibly expect these days from american cinema .",1
3398,2110,norton holds the film together .,1
1932,2136,will warm your heart without making you feel guilty about it .,1
4127,2203,"the direction has a fluid , no-nonsense authority , and the performances by harris , phifer and cam'ron seal the deal .",1
1314,2424,"though frodo's quest remains unfulfilled , a hardy group of determined new zealanders has proved its creative mettle .",1
821,1986,"as satisfyingly odd and intriguing a tale as it was a century and a half ago . . . has a delightfully dour , deadpan tone and stylistic consistency .",1
3244,2222,the beautifully choreographed kitchen ballet is simple but absorbing .,1
124,3171,"despite its flaws , crazy as hell marks an encouraging new direction for la salle .",1
2710,2049,a three-hour cinema master class .,1
643,836,[broomfield] uncovers a story powerful enough to leave the screen sizzling with intrigue .,1
2038,871,"a sly game of cat and mouse that's intense and thrilling at times , but occasionally stretches believability to its limits and relies on predictable plot contrivances .",1
2604,2260,able to provide insight into a fascinating part of theater history .,1
2973,2108,"stanley kwan has directed not only one of the best gay love stories ever made , but one of the best love stories of any stripe .",1
3541,3056,"the audacity to view one of shakespeare's better known tragedies as a dark comedy is , by itself , deserving of discussion .",1
2355,2259,"it's fun , wispy , wise and surprisingly inoffensive for a film about a teen in love with his stepmom .",1
946,661,"no wonder they're talking about "" talk to her . "" it's astonishing .",1
299,4245,"the performances of the four main actresses bring their characters to life . a little melodramatic , but with enough hope to keep you engaged .",1
4413,4208,a well paced and satisfying little drama that deserved better than a direct-to-video' release .,1
3897,5821,"the film is based on truth and yet there is something about it that feels incomplete , as if the real story starts just around the corner .",0
901,2135,"though not for everyone , the guys is a somber trip worth taking .",1
2190,2963,"smart and fun , but far more witty than it is wise .",1
2696,1966,"though a capable thriller , somewhere along the way k-19 jettisoned some crucial drama .",1
1417,6945,"i admire it and yet cannot recommend it , because it overstays its natural running time .",0
1897,3919,"deep intelligence and a warm , enveloping affection breathe out of every frame .",1
1892,436,[an] hilarious romantic comedy .,1
3510,3925,"even though many of these guys are less than adorable ( their lamentations are pretty much self-centered ) , there's something vital about the movie .",1
1959,559,"this romantic thriller is steeped in the atmosphere of wartime england , and ably captures the speech patterns , moral codes and ideals of the 1940s .",1
2207,670,a work of astonishing delicacy and force .,1
4657,542,several degrees shy of the gross-out contests one expects from current teen fare .,1
1531,3111,it is scott's convincing portrayal of roger the sad cad that really gives the film its oomph .,1
313,8156,what puzzles me is the lack of emphasis on music in britney spears' first movie .,0
1158,3705,a fun ride .,1
4594,1738,"[haynes'] homage to such films as "" all that heaven allows "" and "" imitation of life "" transcends them . simply put , "" far from heaven "" is a masterpiece .",1
4010,2493,offers an interesting look at the rapidly changing face of beijing .,1
2195,4195,"a thriller whose style , structure and rhythms are so integrated with the story , you cannot separate them .",1
2827,7480,the modern-day characters are nowhere near as vivid as the 19th-century ones .,0
3361,5478,a story which fails to rise above its disgusting source material .,0
1803,151,"here's a british flick gleefully unconcerned with plausibility , yet just as determined to entertain you .",1
278,5352,"plays like one long , meandering sketch inspired by the works of john waters and todd solondz , rather than a fully developed story .",0
927,1237,yakusho and shimizu . . . create engaging characterizations in imamura's lively and enjoyable cultural mix .,1
1798,1035,a comic gem with some serious sparkles .,1
3828,1371,moretti's compelling anatomy of grief and the difficult process of adapting to loss .,1
3386,2496,"holm does his sly , intricate magic , and iben hjelje is entirely appealing as pumpkin .",1
3019,2774,george lucas returns as a visionary with a tale full of nuance and character dimension .,1
2927,3177,those with a modicum of patience will find in these characters' foibles a timeless and unique perspective .,1
4151,3221,imamura has said that warm water under a red bridge is a poem to the enduring strengths of women . it may also be the best sex comedy about environmental pollution ever made .,1
2990,2250,"shattering , devastating documentary on two maladjusted teens in a downward narcotized spiral . extraordinary debut from josh koury .",1
693,2038,a stylistic romp that's always fun to watch .,1
1000,2318,"while it has definite weaknesses -- like a rather unbelievable love interest and a meandering ending -- this '60s caper film is a riveting , brisk delight .",1
3908,2393,"terry is a sort of geriatric dirty harry , which will please eastwood's loyal fans -- and suits the story , wherein our hero must ride roughshod over incompetent cops to get his man .",1
3944,2061,"by not averting his eyes , solondz forces us to consider the unthinkable , the unacceptable , the unmentionable .",1
2478,3407,"this is unusual , food-for-thought cinema that's as entertaining as it is instructive .",1
756,3417,brings an irresistible blend of warmth and humor and a consistent embracing humanity in the face of life's harshness .,1
1143,6972,i was perplexed to watch it unfold with an astonishing lack of passion or uniqueness .,0
2285,3336,craig bartlett and director tuck tucker should be commended for illustrating the merits of fighting hard for something that really matters .,1
1486,3834,"unfolds as one of the most politically audacious films of recent decades from any country , but especially from france .",1
2706,3791,"a burst of color , music , and dance that only the most practiced curmudgeon could fail to crack a smile at .",1
750,5514,"philosophically , intellectually and logistically a mess .",0
2477,1747,"a gently funny , sweetly adventurous film that makes you feel genuinely good , that is to say , entirely unconned by false sentiment or sharp , overmanipulative hollywood practices .",1
1164,4262,all three women deliver remarkable performances .,1
3078,6800,"without september 11 , collateral damage would have been just another bad movie . now it's a bad , embarrassing movie .",0
2161,1193,it all adds up to good fun .,1
348,161,stephen earnhart's homespun documentary mule skinner blues has nothing but love for its posse of trailer park denizens .,1
4020,568,"[gai] comes closer to any actress i can remember to personifying independence in its purest and , yes , most intimidating form .",1
3923,942,"it is far from the worst , thanks to the topical issues it raises , the performances of stewart and hardy , and that essential feature -- a decent full-on space battle .",1
2958,184,a cop story that understands the medium amazingly well .,1
2014,86,"together , tok and o orchestrate a buoyant , darkly funny dance of death . in the process , they demonstrate that there's still a lot of life in hong kong cinema .",1
3760,2044,"it's the perfect star vehicle for grant , allowing him to finally move away from his usual bumbling , tongue-tied screen persona .",1
711,7383,"the script's judgment and sense of weight is way , way off .",0
1611,7710,it's difficult for a longtime admirer of his work to not be swept up in invincible and overlook its drawbacks .,0
247,3939,"impresses as a skillfully assembled , highly polished and professional adaptation . . . just about as chilling and unsettling as 'manhunter' was .",1
2580,590,"an exceedingly clever piece of cinema . another great what you don't see' is much more terrifying than what you do see thriller , coupled with some arresting effects , incandescent tones and stupendous performances",1
3094,948,an enjoyably half-wit remake of the venerable italian comedy big deal on madonna street .,1
2916,294,"the new guy does have a heart . now , if it only had a brain .",1
3523,974,"biggie and tupac is so single-mindedly daring , it puts far more polished documentaries to shame .",1
3479,3395,does an impressive job of relating the complicated history of the war and of filling in the background .,1
2605,1532,"oscar wilde's masterpiece , the importance of being earnest , may be the best play of the 19th century . it's so good that its relentless , polished wit can withstand not only inept school productions , but even oliver parker's movie adaptation .",1
769,1717,arteta directs one of the best ensemble casts of the year,1
2410,1083,"you won't like roger , but you will quickly recognize him . and that's a big part of why we go to the movies .",1
2820,4149,"the structure is simple , but in its own way , rabbit-proof fence is a quest story as grand as the lord of the rings .",1
3773,3097,a charmer from belgium .,1
834,3541,the level of acting elevates the material above pat inspirational status and gives it a sturdiness and solidity that we've long associated with washington the actor .,1
2961,1818,cusack's just brilliant in this .,1
4644,3538,"more than simply a portrait of early extreme sports , this peek into the 1970s skateboard revolution is a skateboard film as social anthropology . . .",1
2630,900,"finds a way to tell a simple story , perhaps the simplest story of all , in a way that seems compelling and even original .",1
1264,4234,almost peerlessly unsettling .,1
4476,2574,"confessions isn't always coherent , but it's sharply comic and surprisingly touching , so hold the gong .",1
3661,1618,"old people will love this movie , and i mean that in the nicest possible way : last orders will touch the heart of anyone old enough to have earned a 50-year friendship .",1
2325,2990,a frustrating yet deeply watchable melodrama that makes you think it's a tougher picture than it is .,1
1908,3248,i am highly amused by the idea that we have come to a point in society where it has been deemed important enough to make a film in which someone has to be hired to portray richard dawson .,1
2662,1623,"too damn weird to pass up , and for the blacklight crowd , way cheaper ( and better ) than pink floyd tickets .",1
2074,2556,"one of the best films i have ever seen , constantly pulling the rug from underneath us , seeing things from new sides , plunging deeper , getting more intense .",1
789,3563,"it's weird , wonderful , and not necessarily for kids .",1
80,1141,"a gripping , searing portrait of a lost soul trying to find her way through life .",1
3284,1005,"a movie that will touch the hearts of both children and adults , as well as bring audiences to the edge of their seats .",1
44,366,"if there's nothing fresh about wannabes , which was written by mr . demeo , who produced and directed the film with charles a . addessi , much of the time the movie feels authentic .",1
3841,3711,"as janice , eileen walsh , an engaging , wide-eyed actress whose teeth are a little too big for her mouth , infuses the movie with much of its slender , glinting charm .",1
224,846,a charming romantic comedy that is by far the lightest dogme film and among the most enjoyable .,1
3639,2,effective but too-tepid biopic,1
4374,1806,"the last scenes of the film are anguished , bitter and truthful . mr . koshashvili is a director to watch .",1
3034,4092,"a shimmeringly lovely coming-of-age portrait , shot in artful , watery tones of blue , green and brown .",1
792,1526,"a spellbinding african film about the modern condition of rootlessness , a state experienced by millions around the globe .",1
3986,5907,holden caulfield did it better .,0
3099,1629,"miller tells this very compelling tale with little fuss or noise , expertly plucking tension from quiet .",1
512,2115,a movie that sends you out of the theater feeling like you've actually spent time living in another community .,1
3178,3872,sleek and arty .,1
714,1960,beautifully produced .,1
2747,3554,"an old-fashioned scary movie , one that relies on lingering terror punctuated by sudden shocks and not constant bloodshed punctuated by flying guts .",1
2525,660,"it may not be "" last tango in paris "" but . . .",1
2981,596,"it suggests the wide-ranging effects of media manipulation , from the kind of reporting that is done by the supposedly liberal media . . . to the intimate and ultimately tragic heartache of maverick individuals like hatfield and hicks .",1
3217,4006,"a deliberative account of a lifestyle characterized by its surface-obsession  one that typifies the delirium of post , pre , and extant stardom .",1
1751,1391,"it is the sheer , selfish , wound-licking , bar-scrapping doggedness of leon's struggle to face and transmute his demons that makes the movie a spirited and touching occasion , despite its patchy construction .",1
3608,1057,"[lawrence bounces] all over the stage , dancing , running , sweating , mopping his face and generally displaying the wacky talent that brought him fame in the first place .",1
4481,3342,"the story , once it gets rolling , is nothing short of a great one .",1
3288,1343,"anchored by friel and williams's exceptional performances , the film's power lies in its complexity . nothing is black and white .",1
1793,1114,this surreal gilliam-esque film is also a troubling interpretation of ecclesiastes . a rewarding work of art for only the most patient and challenge-hungry moviegoers .,1
1301,2933,"smart , funny and just honest enough to provide the pleasures of a slightly naughty , just-above-average off- broadway play .",1
2060,1451,generally provides its target audience of youngsters enough stimulating eye and ear candy to make its moral medicine go down .,1
1391,476,the film runs on equal parts of innocence and wisdom -- wisdom that comes with experience . it has fun being grown up .,1
681,45,"karmen moves like rhythm itself , her lips chanting to the beat , her long , braided hair doing little to wipe away the jeweled beads of sweat .",1
426,5354,a mawkish self-parody that plays like some weird masterpiece theater sketch with neither a point of view nor a compelling reason for being .,0
536,2084,the hot topics of the plot are relegated to the background -- a welcome step forward from the sally jesse raphael atmosphere of films like philadelphia and american beauty .,1
151,2785,"the result puts a human face on derrida , and makes one of the great minds of our times interesting and accessible to people who normally couldn't care less .",1
1634,1497,if you enjoy more thoughtful comedies with interesting conflicted characters ; this one is for you .,1
3854,7543,this is an action movie with an action icon who's been all but decommissioned .,0
2743,240,behan himself knew how to spin a tale and one can't help but think he'd appreciate this attempt to turn his life into art .,1
1012,6432,a cumbersome and cliche-ridden movie greased with every emotional device known to man .,0
446,3823,parris' performance is credible and remarkably mature .,1
2178,2358,"a knowing look at female friendship , spiked with raw urban humor .",1
951,2973,"it's about individual moments of mood , and an aimlessness that's actually sort of amazing .",1
3073,2001,the film sparkles with the the wisdom and humor of its subjects .,1
3242,3985,renner carries much of the film with a creepy and dead-on performance .,1
2537,760,"andersson creates a world that's at once surreal and disturbingly familiar ; absurd , yet tremendously sad .",1
713,955,a tale of horror and revenge that is nearly perfect in its relentless descent to the depths of one man's tortured soul .,1
983,1953,"coppola's directorial debut is an incredibly layered and stylistic film that , despite a fairly slow paced , almost humdrum approach to character development , still manages at least a decent attempt at meaningful cinema .",1
139,4079,"the emotion is impressively true for being so hot-blooded , and both leads are up to the task .",1
658,4219,"more mature than fatal attraction , more complete than indecent proposal and more relevant than 9 ½ weeks , unfaithful is at once intimate and universal cinema .",1
2082,2494,"a solid , psychological action film from hong kong .",1
3767,2366,"simple , poignant and leavened with humor , it's a film that affirms the nourishing aspects of love and companionship .",1
917,1546,"not the kind of film that will appeal to a mainstream american audience , but there is a certain charm about the film that makes it a suitable entry into the fest circuit .",1
1888,569,"these are lives worth watching , paths worth following .",1
3164,3183,some people want the ol' ball-and-chain and then there are those who just want the ball and chain .,1
66,3143,"a distinguished and thoughtful film , marked by acute writing and a host of splendid performances .",1
4605,1067,the film's welcome breeziness and some unbelievably hilarious moments -- most portraying the idiocy of the film industry -- make it mostly worth the trip .,1
900,577,""" the emperor's new clothes "" begins with a simple plan . . . . well , at least that's the plan .",1
4439,2502,"bravo for history rewritten , and for the uncompromising knowledge that the highest power of all is the power of love .",1
2631,2972,"while the now 72-year-old robert evans been slowed down by a stroke , he has at least one more story to tell : his own .",1
1538,642,"good movie . good actress . but if you expect light romantic comedy , good gosh , will you be shocked .",1
4507,2277,"ultimate x is a ride , basically the kind of greatest-hits reel that might come with a subscription to espn the magazine .",1
2307,287,"it could change america , not only because it is full of necessary discussion points , but because it is so accessible that it makes complex politics understandable to viewers looking for nothing but energetic entertainment .",1
3902,237,remarkably accessible and affecting .,1
1300,2032,"as any creature-feature fan knows , when you cross toxic chemicals with a bunch of exotic creatures , you get a lot of running around , screaming and death . on that score , the film certainly doesn't disappoint .",1
1120,2078,"a rich tale of our times , very well told with an appropriate minimum of means .",1
1977,1387,"the film is powerful , accessible and funny . you won't miss its messages , but you'll be entertained as well .",1
111,2362,"the trinity assembly approaches the endeavor with a shocking lack of irony , and george ratliff's documentary , hell house , reflects their earnestness  which makes for a terrifying film .",1
982,6,offers that rare combination of entertainment and education .,1
2787,2745,"this is a stunning film , a one-of-a-kind tour de force .",1
2155,5197,little is done to support the premise other than fling gags at it to see which ones shtick .,0
4264,52,some actors have so much charisma that you'd be happy to listen to them reading the phone book . hugh grant and sandra bullock are two such likeable actors .,1
1008,4016,captivates and shows how a skillful filmmaker can impart a message without bludgeoning the audience over the head .,1
4619,243,"the additional storyline is interesting and entertaining , but it doesn't have the same magical quality as the beginning of the story . i like the new footage and still love the old stuff .",1
1085,362,star wars is back in a major way .,1
1055,773,"at its best , the good girl is a refreshingly adult take on adultery . . .",1
4150,5286,"when the fire burns out , we've only come face-to-face with a couple dragons and that's where the film ultimately fails .",0
2825,7526,this franchise has not spawned a single good film . the crap continues .,0
1048,2106,fessenden's narrative is just as much about the ownership and redefinition of myth as it is about a domestic unit finding their way to joy .,1
941,2123,"an amusing and unexpectedly insightful examination of sexual jealousy , resentment and the fine line between passion and pretence .",1
2119,2129,"the film gets close to the chimps the same way goodall did , with a serious minded patience , respect and affection .",1
3899,4210,a treat for its depiction on not giving up on dreams when you're a struggling nobody .,1
1556,1560,"a welcome relief from baseball movies that try too hard to be mythic , this one is a sweet and modest and ultimately winning story .",1
2565,3375,a difficult but worthy film that bites off more than it can chew by linking the massacre of armenians in 1915 with some difficult relationships in the present .,1
137,3822,"amid the new populist comedies that underscore the importance of family tradition and familial community , one would be hard-pressed to find a movie with a bigger , fatter heart than barbershop .",1
772,1847,"an unforgettable look at morality , family , and social expectation through the prism of that omnibus tradition called marriage .",1
140,854,"a resonant tale of racism , revenge and retribution .",1
3746,2467,"if you can get past the taboo subject matter , it will be well worth your time .",1
2114,3889,where bowling for columbine is at its most valuable is in its examination of america's culture of fear as a root cause of gun violence .,1
4207,6695,"director barry skolnick and his screenwriters glibly tick off every point of "" the longest yard "" playbook like a checklist .",0
2107,3379,"henry bean's thoughtful screenplay provides no easy answers , but offers a compelling investigation of faith versus intellect",1
3806,2428,i was impressed by how many tit-for-tat retaliatory responses the filmmakers allow before pulling the plug on the conspirators and averting an american-russian armageddon .,1
4345,7572,it's obvious [je-gyu is] trying for poetry ; what he gets instead has all the lyricism of a limerick scrawled in a public restroom .,0
1279,3866,"a summer entertainment adults can see without feeling embarrassed , but it could have been more .",1
4415,2547,"alternately hilarious and sad , aggravating and soulful , scathing and joyous . it's a masterpeice .",1
1448,2830,a savage john waters-like humor that dances on the edge of tastelessness without ever quite falling over .,1
1231,3147,"it's a smart , solid , kinetically-charged spy flick worthy of a couple hours of summertime and a bucket of popcorn . nothing overly original , mind you , but solidly entertaining .",1
2688,3765,"a colorful , vibrant introduction to a universal human impulse , lushly photographed and beautifully recorded .",1
1823,2903,an elegant and sly deadpan comedy .,1
1768,340,farrell . . . thankfully manages to outshine the role and successfully plays the foil to willis's world-weary colonel .,1
2118,5164,"an empty exercise , a florid but ultimately vapid crime melodrama with lots of surface flash but little emotional resonance .",0
387,285,"the tone is balanced , reflective and reasonable .",1
2104,4161,"both grant and hoult carry the movie because they are believable as people -- flawed , assured of the wrong things , and scared to admit how much they may really need the company of others .",1
425,2624,very well written and directed with brutal honesty and respect for its audience .,1
1216,580,"while the glass slipper doesn't quite fit , pumpkin is definitely a unique modern fairytale .",1
1711,180,"a droll , well-acted , character-driven comedy with unexpected deposits of feeling .",1
1626,4243,"with spy kids 2 : the island of lost dreams , the spy kids franchise establishes itself as a durable part of the movie landscape : a james bond series for kids .",1
3298,3153,intimate and panoramic .,1
1329,630,"this warm and gentle romantic comedy has enough interesting characters to fill several movies , and its ample charms should win over the most hard-hearted cynics .",1
4248,1473,a mess when it comes to the characters and writing . . . but works its way underneath the skin like few movies have in recent memory .,1
1953,2294,"pan nalin's exposition is beautiful and mysterious , and the interviews that follow , with the practitioners of this ancient indian practice , are as subtle and as enigmatic .",1
918,3998,. . . a delicious crime drama on par with the slickest of mamet .,1
2318,4091,handsome and sophisticated approach to the workplace romantic comedy .,1
1252,6954,"another big , dumb action movie in the vein of xxx , the transporter is riddled with plot holes big enough for its titular hero to drive his sleek black bmw through .",0
1950,2336,"an awfully good , achingly human picture .",1
675,2812,a coming-of-age movie that hollywood wouldn't have the guts to make .,1
1306,2388,"for a debut film , skin of man , heart of beast feels unusually assured .",1
4214,1981,"by no means a great movie , but it is a refreshingly forthright one .",1
2998,1109,broomfield turns his distinctive 'blundering' style into something that could really help clear up the case .,1
2607,919,"a comprehensive and provocative film -- one that pushes the boundaries of biography , and challenges its audience .",1
2164,3628,"if reno is to the left of liberal on the political spectrum , her tough , funny , rather chaotic show isn't subversive so much as it is nit-picky about the hypocrisies of our time .",1
410,3000,"expect no major discoveries , nor any stylish sizzle , but the film sits with square conviction and touching good sense on the experience of its women .",1
3314,3166,skillfully weaves both the elements of the plot and a powerfully evocative mood combining heated sexuality with a haunting sense of malaise .,1
1771,2517,touché !,1
4247,271,"parker holds true to wilde's own vision of a pure comedy with absolutely no meaning , and no desire to be anything but a polished , sophisticated entertainment that is in love with its own cleverness .",1
1117,3551,". . . only bond can save us from the latest eccentric , super-wealthy megalomaniac bent on world domination and destruction .",1
2846,698,a refreshingly authentic coming-of-age tale .,1
3811,3139,"the film is filled with humorous observations about the general absurdity of modern life as seen through the eyes outsiders , but deftly manages to avoid many of the condescending stereotypes that so often plague films dealing with the mentally ill .",1
2952,1244,"for the most part , director anne-sophie birot's first feature is a sensitive , extraordinarily well-acted drama .",1
2534,3440,what makes the movie special is its utter sincerity .,1
2339,3635,"nicole kidman evolved from star to superstar some time over the past year , which means that birthday girl is the kind of quirkily appealing minor movie she might not make for a while .",1
707,3801,"vividly demonstrates that the director of such hollywood blockbusters as patriot games can still turn out a small , personal film with an emotional wallop .",1
3340,7289,not sweet enough to liven up its predictable story and will leave even fans of hip-hop sorely disappointed .,0
809,2918,"what makes barbershop so likable , with all its flaws , is that it has none of the pushiness and decibel volume of most contemporary comedies .",1
4454,601,"compelling as it is exotic , fast runner has a plot that rivals shakespeare for intrigue , treachery and murder .",1
3047,853,"a picture that extols the virtues of comradeship and community in a spunky , spirited fashion .",1
499,4125,there's something about a marching band that gets me where i live .,1
2643,1226,"highbrow self-appointed guardians of culture need not apply , but those who loved cool as ice have at last found a worthy follow-up .",1
393,188,the kind of nervous film that will either give you a mild headache or exhilarate you .,1
303,1264,it seems like i have been waiting my whole life for this movie and now i can't wait for the sequel .,1
1815,1999,"young hanks and fisk , who vaguely resemble their celebrity parents , bring fresh good looks and an ease in front of the camera to the work .",1
712,3636,vividly conveys the shadow side of the 30-year friendship between two english women .,1
4372,944,a pleasurably jacked-up piece of action moviemaking .,1
1988,227,all but the most persnickety preteens should enjoy this nonthreatening but thrilling adventure .,1
4191,4162,"leading a double life in an american film only comes to no good , but not here . matters play out realistically if not always fairly .",1
3428,2970,the best of the pierce brosnan james bond films to date .,1
4016,1901,boomers and their kids will have a barrie good time .,1
4380,519,a pleasant romantic comedy .,1
1498,2387,"this odd , distant portuguese import more or less borrows from bad lieutenant and les vampires , and comes up with a kind of art-house gay porn film .",1
1763,4067,". . . a gleefully grungy , hilariously wicked black comedy . . .",1
522,2118,isabelle huppert excels as the enigmatic mika and anna mouglalis is a stunning new young talent in one of chabrol's most intense psychological mysteries .,1
3153,3295,"rouge is less about a superficial midlife crisis than it is about the need to stay in touch with your own skin , at 18 or 80 .",1
2810,1606,"has a certain ghoulish fascination , and generates a fair amount of b-movie excitement .",1
2219,2263,"it's a familiar story , but one that is presented with great sympathy and intelligence .",1
4222,4236,"the film's gamble to occasionally break up the live-action scenes with animated sequences pays off , as does its sensitive handling of some delicate subject matter .",1
849,428,there are moments it can be heart-rending in an honest and unaffected ( and gentle ) way .,1
3030,3422,"weird , vulgar comedy that's definitely an acquired taste .",1
4326,3110,it was only a matter of time before some savvy producer saw the potential success inherent in the mixture of bullock bubble and hugh goo .,1
1044,2950,"ramsay succeeds primarily with her typical blend of unsettling atmospherics , delivering a series of abrasive , stylized sequences that burn themselves upon the viewer's memory .",1
1496,1823,malcolm mcdowell is cool . paul bettany is cool . paul bettany playing malcolm mcdowell ? cool .,1
644,1441,"while undisputed isn't exactly a high , it is a gripping , tidy little movie that takes mr . hill higher than he's been in a while .",1
2766,2367,"together , miller , kuras and the actresses make personal velocity into an intricate , intimate and intelligent journey .",1
4193,2342,toes the fine line between cheese and earnestness remarkably well ; everything is delivered with such conviction that it's hard not to be carried away .,1
3004,6655,a long-winded and stagy session of romantic contrivances that never really gels like the shrewd feminist fairy tale it could have been .,0
3330,1313,"audrey tatou has a knack for picking roles that magnify her outrageous charm , and in this literate french comedy , she's as morning-glory exuberant as she was in amélie .",1
4024,25,"occasionally melodramatic , it's also extremely effective .",1
3765,1346,no screen fantasy-adventure in recent memory has the showmanship of clones' last 45 minutes .,1
1045,4222,"a highly personal look at the effects of living a dysfunctionally privileged lifestyle , and by the end , we only wish we could have spent more time in its world .",1
129,566,"we need [moore's] noisy , cocky energy , his passion and class consciousness ; we need his shticks , we need his stones .",1
627,1236,ahhhh . . . revenge is sweet !,1
3872,2003,"like the english patient and the unbearable lightness of being , the hours is one of those reputedly "" unfilmable "" novels that has bucked the odds to emerge as an exquisite motion picture in its own right .",1
1923,3898,a refreshing change from the usual whoopee-cushion effort aimed at the youth market .,1
2905,750,a marvellous journey from childhood idealism to adolescent self-absorption .,1
194,1533,the movie does a good job of laying out some of the major issues that we encounter as we journey through life .,1
4236,8501,"high crimes carries almost no organic intrigue as a government/ marine/legal mystery , and that's because the movie serves up all of that stuff , nearly subliminally , as the old-hat province of male intrigue .",0
2541,7385,"evelyn may be based on a true and historically significant story , but the filmmakers have made every effort to disguise it as an unimaginative screenwriter's invention .",0
2667,1951,"en sí mismo el rey león es un espectáculo digno de contemplarse en cine , dvd o en su soberbio montaje teatral ; pero el hacerlo en la pantalla imax es una experiencia colosal .",1
755,3101,with exquisite craftsmanship . . . olivier assayas has fashioned an absorbing look at provincial bourgeois french society .,1
2298,679,"as teen movies go , "" orange county "" is a refreshing change",1
2867,3514,"reign of fire is hardly the most original fantasy film ever made -- beyond road warrior , it owes enormous debts to aliens and every previous dragon drama -- but that barely makes it any less entertaining .",1
626,3721,. . . an interesting slice of history .,1
2257,1911,this beautifully animated epic is never dull .,1
1042,2824,"' . . . despite lagging near the finish line , the movie runs a good race , one that will have you at the edge of your seat for long stretches . '",1
3711,2736,either a fascinating study of the relationship between mothers and their children or a disturbing story about sociopaths and their marks .,1
3925,2370,less front-loaded and more shapely than the two-hour version released here in 1990 .,1
655,1734,"sparkles in its deft portrait of tinseltown's seasoned veterans of gossip , wealth , paranoia , and celebrityhood .",1
1392,3688,"it's not particularly subtle . . . however , it still manages to build to a terrifying , if obvious , conclusion .",1
1918,5444,bad and baffling from the get-go .,0
3542,964,the acting alone is worth the price of admission .,1
3658,7488,"kicks off with an inauspicious premise , mopes through a dreary tract of virtually plotless meanderings and then ends with a whimper .",0
3125,3054,speaks eloquently about the symbiotic relationship between art and life .,1
2746,676,a modest pleasure that accomplishes its goals with ease and confidence .,1
4509,2499,it would take a complete moron to foul up a screen adaptation of oscar wilde's classic satire .,1
4628,8263,"with a tighter editorial process and firmer direction this material could work , especially since the actresses in the lead roles are all more than competent , but as is , personal velocity seems to be idling in neutral .",0
4366,2693,the movie should be credited with remembering his victims .,1
218,3167,damon brings the proper conviction to his role as [jason bourne] .,1
843,316,"easier to respect than enthuse over , andersson's rigorous personal vision is not only distanced but distancing .",1
966,7907,"on a certain base level , blue crush delivers what it promises , just not well enough to recommend it .",0
880,2320,"if cinema had been around to capture the chaos of france in the 1790's , one imagines the result would look like something like this .",1
2694,1716,"a touching , small-scale story of family responsibility and care in the community .",1
882,1232,"this nickleby thing might have more homosexual undertones than an eddie murphy film . and just when you think it can't get any more gay , in pops nathan lane .",1
3817,1800,"perhaps it's cliche to call the film 'refreshing , ' but it is . 'drumline' shows a level of young , black manhood that is funny , touching , smart and complicated .",1
2017,1808,"antwone fisher certainly does the trick of making us care about its protagonist and celebrate his victories but , with few exceptions , it rarely stoops to cheap manipulation or corny conventions to do it .",1
1896,1165,lapaglia's ability to convey grief and hope works with weaver's sensitive reactions to make this a two-actor master class .,1
4338,3820,"a beautiful , entertaining two hours . you get the idea , though , that kapur intended the film to be more than that .",1
700,4037,"evelyn's strong cast and surehanded direction make for a winning , heartwarming yarn .",1
108,1686,"the film's strength isn't in its details , but in the larger picture it paints - of a culture in conflict with itself , with the thin veneer of nationalism that covers our deepest , media-soaked fears .",1
1075,2133,it's quaid who anchors the film with his effortless performance and that trademark grin of his -- so perfect for a ballplayer .,1
220,133,"[schweiger is] talented and terribly charismatic , qualities essential to both movie stars and social anarchists .",1
2581,1575,"if you're as happy listening to movies as you are watching them , and the slow parade of human frailty fascinates you , then you're at the right film .",1
3384,308,"an amusing , breezily apolitical documentary about life on the campaign trail .",1
1013,834,". . . a sour little movie at its core ; an exploration of the emptiness that underlay the relentless gaiety of the 1920's . . . the film's ending has a "" what was it all for ? "" feeling to it , but like the 1920's , the trip there is a great deal of fun .",1
2795,2715,a life-size reenactment of those jack chick cartoon tracts that always ended with some hippie getting tossed into the lake of fire .,1
4066,3122,terrific casting and solid execution give all three stories life .,1
2380,2111,"[there's] quite a bit of heart , as you would expect from the directors of the little mermaid and aladdin .",1
4590,489,"exquisitely acted and masterfully if preciously interwoven [the film] addresses in a fascinating , intelligent manner the intermingling of race , politics and local commerce .",1
2482,3207,"none of his actors stand out , but that's less of a problem here than it would be in another film : characterization matters less than atmosphere .",1
1513,1748,"would be an unendurable viewing experience for this ultra-provincial new yorker if 26-year-old reese witherspoon were not on hand to inject her pure fantasy character , melanie carmichael , with a massive infusion of old-fashioned hollywood magic .",1
2386,1265,it's a bit disappointing that it only manages to be decent instead of dead brilliant .,1
413,2445,the film is insightful about kissinger's background and history .,1
817,2350,"likeable thanks to its cast , its cuisine and its quirky tunes .",1
2272,8508,the crassness of this reactionary thriller is matched only by the ridiculousness of its premise .,0
1960,2539,pretty good little movie .,1
1230,3600,"captivates as it shows excess in business and pleasure , allowing us to find the small , human moments , and leaving off with a grand whimper .",1
3246,3001,the success of undercover brother is found in its ability to spoof both black and white stereotypes equally .,1
225,3076,sensitive ensemble performances and good period reconstruction add up to a moving tragedy with some buoyant human moments .,1
3498,1788,a backstage must-see for true fans of comedy .,1
3,2463,"you don't need to be a hip-hop fan to appreciate scratch , and that's the mark of a documentary that works .",1
506,3900,. . . an enjoyably frothy 'date movie' . . .,1
3052,2258,"you just know something terrible is going to happen . but when it does , you're entirely unprepared .",1
3416,1861,this masterfully calibrated psychological thriller thrives on its taut performances and creepy atmosphere even if the screenplay falls somewhat short .,1
2083,7263,a tv episode inflated past its natural length .,0
957,4266,"it's so laddish and juvenile , only teenage boys could possibly find it funny .",0
128,4174,"light the candles , bring out the cake and don't fret about the calories because there's precious little substance in birthday girl -- it's simply , and surprisingly , a nice , light treat .",1
4008,4038,"'aunque recurre a ciertos clichés del género , la poderosa actuación de robin williams perdona las fallas del guión . '",1
1396,2430,"fast , frantic and fun , but also soon forgotten",1
3175,4238,"beating the austin powers films at their own game , this blaxploitation spoof downplays the raunch in favor of gags that rely on the strength of their own cleverness as opposed to the extent of their outrageousness .",1
474,2459,"k-19 will not go down in the annals of cinema as one of the great submarine stories , but it is an engaging and exciting narrative of man confronting the demons of his own fear and paranoia .",1
1362,945,"nicolas philibert observes life inside a one-room schoolhouse in northern france in his documentary to be and to have , easily one of the best films of the year .",1
4543,3374,"chicago offers much colorful eye candy , including the spectacle of gere in his dancing shoes , hoofing and crooning with the best of them .",1
699,1225,"a delectable and intriguing thriller filled with surprises , read my lips is an original . this is a story of two misfits who don't stand a chance alone , but together they are magnificent .",1
3488,2847,a rude black comedy about the catalytic effect a holy fool has upon those around him in the cutthroat world of children's television .,1
621,3793,"lasker's canny , meditative script distances sex and love , as byron and luther . . . realize they can't get no satisfaction without the latter .",1
2157,1506,an exquisitely crafted and acted tale .,1
2296,2182,an unexpectedly sweet story of sisterhood .,1
2001,4122,"it's consistently funny , in an irresistible junior-high way , and consistently free of any gag that would force you to give it a millisecond of thought .",1
3313,1585,certainly the performances are worthwhile .,1
2654,2491,it's stylishly directed with verve . . .,1
674,3662,one can't deny its seriousness and quality .,1
4444,70,"a taut , intelligent psychological drama .",1
50,2606,"[gosling's] combination of explosive physical energy and convincing intelligence helps create a complex , unpredictable character .",1
3139,976,the cast is uniformly excellent and relaxed .,1
1468,5742,the comedy death to smoochy is a rancorous curiosity : a movie without an apparent audience .,0
3823,7520,suffers from a flat script and a low budget .,0
4117,2810,"this cinema verite speculation on the assassination of john f . kennedy may have been inspired by blair witch , but it takes its techniques into such fresh territory that the film never feels derivative .",1
4443,652,"smith profiles five extraordinary american homes , and because the owners seem fully aware of the uses and abuses of fame , it's a pleasure to enjoy their eccentricities .",1
3995,2957,""" white oleander , "" the movie , is akin to a reader's digest condensed version of the source material .",1
4362,312,"spielberg is the rare director who does not want to invite viewers to gawk at or applaud his special effects . he just wants them to be part of the action , the wallpaper of his chosen reality . here , thankfully , they are .",1
782,2290,"makes one thing abundantly clear . american musical comedy as we know it wouldn't exist without the precedent of yiddish theater , whose jolly , fun-for-fun's-sake communal spirit goes to the essence of broadway .",1
1127,4017,"there is a welcome lack of pretension about the film , which very simply sets out to entertain and ends up delivering in good measure .",1
4288,1207,a movie that reminds us of just how exciting and satisfying the fantasy cinema can be when it's approached with imagination and flair .,1
4031,3487,harmless fun .,1
266,2408,"a bit of a downer and a little over-dramatic at times , but this is a beautiful film for people who like their romances to have that french realism .",1
2211,4263,"claire is a terrific role for someone like judd , who really ought to be playing villains .",1
3625,1243,"as a first-time director , paxton has tapped something in himself as an actor that provides frailty with its dark soul .",1
1930,4136,"a heartbreakingly thoughtful minor classic , the work of a genuine and singular artist .",1
152,1896,"call it magic realism or surrealism , but miss wonton floats beyond reality with a certain degree of wit and dignity .",1
3455,116,"this may not have the dramatic gut-wrenching impact of other holocaust films , but it's a compelling story , mainly because of the way it's told by the people who were there .",1
1060,416,". . . has freaky scenes where the crew wonder if they're ghosts imagining themselves as alive . it's a sly wink to the others without becoming a postmodern joke , made creepy by its "" men in a sardine can "" warped logic .",1
1731,2414,better than the tepid star trek : insurrection ; falls short of first contact because the villain couldn't pick the lint off borg queen alice krige's cape ; and finishes half a parsec ( a nose ) ahead of generations .,1
1205,1614,jeffrey tambor's performance as the intelligent jazz-playing exterminator is oscar-worthy .,1
3117,1529,"a very well-made , funny and entertaining picture .",1
779,1519,"the movie occasionally threatens to become didactic , but it's too grounded in the reality of its characters to go over the edge . a touch of humor or an unexpected plot twist always pulls it back .",1
262,1011,"thoughtful , even stinging at times , and lots of fun .",1
1455,1104,makes even the claustrophobic on-board quarters seem fun .,1
1623,872,"funny and , at times , poignant , the film from director george hickenlooper all takes place in pasadena , "" a city where people still read . """,1
1039,940,"the powers team has fashioned a comedy with more laughs than many , no question . but this time there's some mold on the gold .",1
3883,43,"'compleja e intelectualmente retadora , el ladrón de orquídeas es uno de esos filmes que vale la pena ver precisamente por su originalidad . '",1
2999,2749,"an extremely funny , ultimately heartbreaking look at life in contemporary china .",1
1422,297,"the film's greatest asset is how much it's not just another connect-the-dots , spy-on-the-run picture .",1
2077,347,"yeah , these flicks are just that damn good . isn't it great ?",1
774,126,"it's obviously struck a responsive chord with many south koreans , and should work its magic in other parts of the world .",1
115,90,"doug liman , the director of bourne , directs the traffic well , gets a nice wintry look from his locations , absorbs us with the movie's spycraft and uses damon's ability to be focused and sincere .",1
4556,2468,"a lovely film . . . elegant , witty and beneath a prim exterior unabashedly romantic . . . hugely enjoyable in its own right though not really faithful to its source's complexity .",1
316,1333,the emotions are raw and will strike a nerve with anyone who's ever had family trauma .,1
1373,1281,""" the ring "" is pretty much an english-language copy of the film that inspired it , and it carries the same strengths and flaws .",1
4517,1455,very psychoanalytical -- provocatively so -- and also refreshingly literary .,1
2227,3735,just how these families interact may surprise you .,1
2004,1221,a subtle and well-crafted ( for the most part ) chiller .,1
4206,4188,a gem of a movie .,1
243,1159,the performances take the movie to a higher level .,1
493,5454,jaglom offers the none-too-original premise that everyone involved with moviemaking is a con artist and a liar .,0
1966,3518,another trumpet blast that there may be a new mexican cinema a-bornin' .,1
3278,408,the movie has an avalanche of eye-popping visual effects .,1
304,57,"singer/composer bryan adams contributes a slew of songs  a few potential hits , a few more simply intrusive to the story  but the whole package certainly captures the intended , er , spirit of the piece .",1
661,4247,everyone should be able to appreciate the wonderful cinematography and naturalistic acting .,1
4408,6191,"partway through watching this saccharine , easter-egg-colored concoction , you realize that it is made up of three episodes of a rejected tv show .",0
3187,2087,"executed with such gentle but insistent sincerity , with such good humor and appreciation of the daily grind that only the most hardhearted scrooge could fail to respond .",1
1868,3971,fantastic !,1
416,1930,the performances are remarkable .,1
3163,4057,the immersive powers of the giant screen and its hyper-realistic images are put to perfect use in the breathtakingly beautiful outer-space documentary space station 3d .,1
411,4388,"it's also curious to note that this film , like the similarly ill-timed antitrust , is easily as bad at a fraction the budget .",0
3470,950,"reign of fire may be little more than another platter of reheated aliens , but it's still pretty tasty .",1
3255,1405,"i can't say that i liked homeboy ; it'd be more accurate to say that i found it intriguing , bizarre , dogma-like in spots - and quite truthful , in its way .",1
4564,3284,"more of the same from taiwanese auteur tsai ming-liang , which is good news to anyone who's fallen under the sweet , melancholy spell of this unique director's previous films .",1
2649,3707,"while bollywood/hollywood will undoubtedly provide its keenest pleasures to those familiar with bombay musicals , it also has plenty for those ( like me ) who aren't .",1
3876,3764,morton deserves an oscar nomination .,1
2584,2396,a delightful entree in the tradition of food movies .,1
67,1513,. . . a magnificent drama well worth tracking down .,1
2475,2009,"e . t . works because its flabbergasting principals , 14-year-old robert macnaughton , 6-year-old drew barrymore and 10-year-old henry thomas , convince us of the existence of the wise , wizened visitor from a faraway planet .",1
3118,2554,"this is a harrowing movie about how parents know where all the buttons are , and how to push them .",1
3669,3434,the difference between cho and most comics is that her confidence in her material is merited .,1
726,2586,refreshing .,1
3956,2747,"it's about as convincing as any other arnie musclefest , but has a little too much resonance with real world events and ultimately comes off as insultingly simplistic .",1
1925,822,more than makes up for its mawkish posing by offering rousing spates of genuine feeling .,1
4662,2561,"if "" lilo & stitch "" isn't the most edgy piece of disney animation to hit the silver screen , then this first film to use a watercolor background since "" dumbo "" certainly ranks as the most original in years .",1
3777,723,happily for mr . chin -- though unhappily for his subjects -- the invisible hand of the marketplace wrote a script that no human screenwriter could have hoped to match .,1
1787,925,"a love for films shines through each frame and the era is recreated with obvious affection , scored to perfection with some tasty boogaloo beats .",1
1757,348,an unbelievably fun film just a leading man away from perfection .,1
1111,186,"britney has been delivered to the big screen safe and sound , the way we like our 20-year-old superstar girls to travel on the fame freeway .",1
3113,1530,a giggle-inducing comedy with snappy dialogue and winning performances by an unlikely team of oscar-winners : susan sarandon and goldie hawn .,1
3430,3418,jackson is always watchable .,1
2869,4809,"the images are usually abbreviated in favor of mushy obviousness and telegraphed pathos , particularly where whitaker's misfit artist is concerned .",0
4068,2055,"clint eastwood's blood work is a lot like a well-made pb& j sandwich : familiar , fairly uneventful and boasting no real surprises  but still quite tasty and inviting all the same .",1
381,2663,"sean penn , you owe nicolas cage an apology .",1
724,901,"a stunning piece of visual poetry that will , hopefully , be remembered as one of the most important stories to be told in australia's film history .",1
1053,1675,"enough may pander to our basest desires for payback , but unlike many revenge fantasies , it ultimately delivers .",1
1313,3134,as tricky and satisfying as any of david mamet's airless cinematic shell games .,1
3467,1774,the date movie that franz kafka would have made .,1
2241,3586,easily one of the best and most exciting movies of the year .,1
3440,1978,"with a romantic comedy plotline straight from the ages , this cinderella story doesn't have a single surprise up its sleeve . but it does somehow manage to get you under its spell .",1
4309,1033,escapism in its purest form .,1
2267,2886,"the movie is amateurish , but it's a minor treat .",1
4450,4064,rarely have i seen a film so willing to champion the fallibility of the human heart .,1
938,3990,""" the dangerous lives of altar boys "" has flaws , but it also has humor and heart and very talented young actors",1
4541,4159,"an emotionally and spiritually compelling journey seen through the right eyes , with the right actors and with the kind of visual flair that shows what great cinema can really do .",1
4672,753,"though the film's scenario is certainly not earthshaking , this depiction of fluctuating female sexuality has two winning lead performances and charm to spare .",1
2680,1663,"dark and disturbing , yet compelling to watch .",1
4614,1795,happily stays close to the ground in a spare and simple manner and doesn't pummel us with phony imagery or music .,1
458,823,it's neither as romantic nor as thrilling as it should be . but it offers plenty to ponder and chew on as its unusual relationship slowly unfolds .,1
1364,3954,"a fine , rousing , g-rated family film , aimed mainly at little kids but with plenty of entertainment value to keep grown-ups from squirming in their seats .",1
4027,1257,"not for the prurient or squeamish , it's a daring if overlong examination of an idolized culture , self-loathing and sexual politics .",1
2632,1931,"it's burns' visuals , characters and his punchy dialogue , not his plot , that carry waydowntown .",1
877,1043,"no one goes unindicted here , which is probably for the best . and if you're not nearly moved to tears by a couple of scenes , you've got ice water in your veins .",1
3028,168,makmalbaf follows a resolutely realistic path in this uncompromising insight into the harsh existence of the kurdish refugees of iran's borderlands .,1
3666,3863,there's no clear picture of who killed bob crane . but here's a glimpse at his life .,1
1722,4783,"adults , other than the parents . . . will be hard pressed to succumb to the call of the wild .",0
168,2921,"a meditation on faith and madness , frailty is blood-curdling stuff .",1
3368,7038,"will only satisfy those who can't tell the difference between the good , the bad and the ugly .",0
2860,1609,"the film aims to be funny , uplifting and moving , sometimes all at once . the extent to which it succeeds is impressive .",1
798,2266,kinnear's performance is a career-defining revelation .,1
1661,5935,"from the opening scenes , it's clear that all about the benjamins is a totally formulaic movie .",0
4114,8266,an entertainment so in love with its overinflated mythology that it no longer recognizes the needs of moviegoers for real characters and compelling plots .,0
603,2960,"the low-key direction is pleasingly emphatic in this properly intense , claustrophobic tale of obsessive love .",1
2854,983,nolan bravely treads where few american films dare to delve -- into the world of ambivalence and ambiguity . . .,1
4011,1160,"what really makes it special is that it pulls us into its world , gives us a hero whose suffering and triumphs we can share , surrounds him with interesting characters and sends us out of the theater feeling we've shared a great adventure .",1
4234,967,"this is a terrific character study , a probe into the life of a complex man .",1
1789,572,"as a singular character study , it's perfect . it's also the year's sweetest movie .",1
1647,2410,enticing and often funny documentary .,1
2907,1161,". . . a spoof comedy that carries its share of laughs  sometimes a chuckle , sometimes a guffaw and , to my great pleasure , the occasional belly laugh .",1
455,2907,"you're not merely watching history , you're engulfed by it .",1
3485,3892,there's a lot to recommend read my lips .,1
55,21,"with a cast that includes some of the top actors working in independent film , lovely & amazing involves us because it is so incisive , so bleakly amusing about how we go about our lives .",1
2350,654,"sam jones became a very lucky filmmaker the day wilco got dropped from their record label , proving that one man's ruin may be another's fortune .",1
2903,3426,a dazzling dream of a documentary .,1
3535,538,"hilarious , acidic brit comedy .",1
708,2637,"offers big , fat , dumb laughs that may make you hate yourself for giving in . ah , what the hell .",1
1315,2934,topics that could make a sailor blush - but lots of laughs .,1
1718,1135,"a must-see for the david mamet enthusiast and for anyone who appreciates intelligent , stylish moviemaking .",1
4320,6316,audiences will find no mention of political prisoners or persecutions that might paint the castro regime in less than saintly tones .,0
4563,811,"a real story about real people living their lives concerned about the future of an elderly , mentally handicapped family member .",1
3068,2841,a movie that will wear you out and make you misty even when you don't want to be .,1
852,695,"you can feel the heat that ignites this gripping tale , and the humor and humanity that root it in feeling .",1
3762,249,"just what makes us happy , anyway ?",1
665,1715,"a confident , richly acted , emotionally devastating piece of work and 2002's first great film",1
1021,1247,"a tender , heartfelt family drama .",1
3979,2050,eyre is on his way to becoming the american indian spike lee .,1
3619,2759,one of those unassuming films that sneaks up on you and stays with you long after you have left the theatre .,1
1739,232,"elling , portrayed with quiet fastidiousness by per christian ellefsen , is a truly singular character , one whose frailties are only slightly magnified versions of the ones that vex nearly everyone .",1
3539,3352,i'm not generally a fan of vegetables but this batch is pretty cute .,1
3417,1222,"warm water under a red bridge is a quirky and poignant japanese film that explores the fascinating connections between women , water , nature , and sexuality .",1
566,1396,". . . a fun little timewaster , helped especially by the cool presence of jean reno .",1
1119,2698,"my big fat greek wedding is not only the best date movie of the year , it's also a -- dare i say it twice -- delightfully charming -- and totally american , i might add -- slice of comedic bliss .",1
802,2717,"this film is not a love letter for the slain rappers , it's a taunt -a call for justice for two crimes from which many of us have not yet recovered .",1
4015,1356,"with tightly organized efficiency , numerous flashbacks and a constant edge of tension , miller's film is one of 2002's involvingly adult surprises .",1
2575,2716,grainy photography mars an otherwise delightful comedy of errors .,1
2481,1804,"[a] wonderfully loopy tale of love , longing , and voting .",1
2289,3895,"audiences are advised to sit near the back and squint to avoid noticing some truly egregious lip-non-synching , but otherwise the production is suitably elegant .",1
3790,1258,"a cartoon that's truly cinematic in scope , and a story that's compelling and heartfelt -- even if the heart belongs to a big , four-legged herbivore .",1
3295,3350,a funny and touching film that is gorgeously acted by a british cast to rival gosford park's .,1
1832,1939,plays out with a dogged and eventually winning squareness that would make it the darling of many a kids-and-family-oriented cable channel .,1
2617,350,. . . a poignant and powerful narrative that reveals that reading writing and arithmetic are not the only subjects to learn in life .,1
4567,3303,it has that rare quality of being able to creep the living hell out of you . . .,1
3318,1460,[a]n utterly charming and hilarious film that reminded me of the best of the disney comedies from the 60s .,1
2702,1072,"not only is undercover brother as funny , if not more so , than both austin powers films , but it's also one of the smarter , savvier spoofs to come along in some time .",1
3062,4242,a hidden-agenda drama that shouts classic french nuance .,1
4473,3796,noyce has worked wonders with the material .,1
74,218,we get some truly unique character studies and a cross-section of americana that hollywood couldn't possibly fictionalize and be believed .,1
1285,716,"hilarious , touching and wonderfully dyspeptic .",1
2693,3158,the movie is a trove of delights .,1
79,2051,psychologically revealing .,1
4176,1568,"a terrific b movie -- in fact , the best in recent memory .",1
2128,681,"a deliciously mordant , bitter black comedy .",1
1521,172,"the seaside splendor and shallow , beautiful people are nice to look at while you wait for the story to get going .",1
2780,1589,steven spielberg brings us another masterpiece,1
496,3664,"this engrossing , characteristically complex tom clancy thriller is shifty in the manner in which it addresses current terrorism anxieties and sidesteps them at the same time .",1
8,2341,"a sexy , surprising romance . . . idemoto and kim make a gorgeous pair . . . their scenes brim with sexual possibility and emotional danger .",1
4547,1879,as simple and innocent a movie as you can imagine . this is a movie you can trust .,1
3519,951,"there are times when a rumor of angels plays like an extended episode of touched by an angel -- a little too much dancing , a few too many weeping scenes -- but i liked its heart and its spirit .",1
2891,2446,an engrossing portrait of a man whose engaging manner and flamboyant style made him a truly larger-than-life character .,1
156,3345,"it's an ambitious film , and as with all ambitious films , it has some problems . but on the whole , you're gonna like this movie .",1
3864,2521,"although it doesn't always hang together -- violence and whimsy don't combine easily -- "" cherish "" certainly isn't dull .",1
464,1832,those who aren't put off by the film's austerity will find it more than capable of rewarding them .,1
1319,1720,"a gem of a romantic crime comedy that turns out to be clever , amusing and unpredictable .",1
2191,2733,cletis is playful but highly studied and dependent for its success on a patient viewer .,1
2618,1509,"despite its title , punch-drunk love is never heavy-handed . the jabs it employs are short , carefully placed and dead-center .",1
3379,3181,foster breathes life into a roll that could have otherwise been bland and run of the mill .,1
2224,1760,an impeccable study in perversity .,1
3486,824,"occasionally funny , always very colorful and enjoyably overblown in the traditional almodóvar style .",1
2509,2538,"the stars may be college kids , but the subject matter is as adult as you can get : the temptations of the flesh are unleashed by a slightly crazed , overtly determined young woman and a one-night swim turns into an ocean of trouble .",1
1287,6506,not even the hanson brothers can save it,0
3649,1418,"a tender , witty , captivating film about friendship , love , memory , trust and loyalty .",1
3622,3223,"a family film that contains some hefty thematic material on time , death , eternity , and what is needed to live a rich and full life .",1
2542,3026,"it is as uncompromising as it is nonjudgmental , and makes clear that a prostitute can be as lonely and needy as any of the clients .",1
3114,3359,"this is not an easy film . but it could be , by its art and heart , a necessary one .",1
4602,3885,mike leigh populates his movie with a wonderful ensemble cast of characters that bring the routine day to day struggles of the working class to life,1
4252,2195,"miyazaki has created such a vibrant , colorful world , it's almost impossible not to be swept away by the sheer beauty of his images .",1
4051,2783,"it's a strange film , one that was hard for me to warm up to .",1
4118,2021,sweet and memorable film .,1
2928,8272,"sorvino makes the princess seem smug and cartoonish , and the film only really comes alive when poor hermocrates and leontine pathetically compare notes about their budding amours .",0
4323,4218,somehow ms . griffiths and mr . pryce bring off this wild welsh whimsy .,1
2566,4062,". . . the one thing this wild film has that other imax films don't : chimps , lots of chimps , all blown up to the size of a house . that's fun for kids of any age .",1
1057,201,"solid , lump-in-the-throat family entertainment that derives its power by sticking to the facts .",1
1708,770,"as hugh grant says repeatedly throughout the movie , 'lovely ! brilliant ! '",1
113,552,"the best thing the film does is to show us not only what that mind looks like , but how the creative process itself operates .",1
2775,6738,it would be hard to think of a recent movie that has worked this hard to achieve this little fun .,0
3264,3684,viveka seldahl and sven wollter will touch you to the core in a film you will never forget -- that you should never forget .,1
3548,2014,"it may be a somewhat backhanded compliment to say that the film makes the viewer feel like the movie's various victimized audience members after a while , but it also happens to be the movie's most admirable quality",1
950,1922,a gripping drama .,1
1505,2655,"filmmaker stacy peralta has a flashy editing style that doesn't always jell with sean penn's monotone narration , but he respects the material without sentimentalizing it .",1
1413,473,"as the story moves inexorably through its seven day timeframe , the picture becomes increasingly mesmerizing .",1
1368,6915,""" the kid stays in the picture "" is a great story , terrifically told by the man who wrote it but this cliff notes edition is a cheat .",0
4600,96,"in a normal screen process , these bromides would be barely enough to sustain an interstitial program on the discovery channel . but in imax 3-d , the clichés disappear into the vertiginous perspectives opened up by the photography .",1
3620,2531,"call this the full monty on ice , the underdog sports team formula redux .",1
3002,3084,"the tasteful little revision works wonders , enhancing the cultural and economic subtext , bringing richer meaning to the story's morals .",1
3058,4216,"the film's appeal has a lot to do with the casting of juliette binoche as sand , who brings to the role her pale , dark beauty and characteristic warmth .",1
3007,2162,"the most amazing super-sized dosage of goofball stunts any "" jackass "" fan could want .",1
1160,2105,"a worthwhile documentary , whether you're into rap or not , even if it may still leave you wanting more answers as the credits roll .",1
1249,2300,a strangely stirring experience that finds warmth in the coldest environment and makes each crumb of emotional comfort feel like a 10-course banquet .,1
3476,1923,"a real winner -- smart , funny , subtle , and resonant .",1
1685,4461,"a feature-length , r-rated , road-trip version of mama's family .",0
1835,3570,meant for star wars fans . it is there to give them a good time .,1
447,1477,"if you're in the mood for a bollywood film , here's one for you .",1
2167,3253,one of those terrific documentaries that collect a bunch of people who are enthusiastic about something and then figures out how to make us share their enthusiasm .,1
213,3847,"this is pure , exciting moviemaking . you won't exactly know what's happening but you'll be blissfully exhausted .",1
2776,5043,"the heedless impetuousness of youth is on full , irritating display in [this] meandering and pointless french coming-of-age import from writer-director anne-sophie birot .",0
3730,1830,"this breezy caper movie becomes a soulful , incisive meditation on the way we were , and the way we are .",1
2749,2776,an extraordinary dramatic experience .,1
3556,2632,a haunting tale of murder and mayhem .,1
1668,3432,"the last kiss will probably never achieve the popularity of my big fat greek wedding , but its provocative central wedding sequence has far more impact .",1
2582,478,"rarely do films come along that are as intelligent , exuberant , and moving as monsoon wedding .",1
4518,391,"despite the long running time , the pace never feels slack -- there's no scene that screams "" bathroom break ! """,1
1575,305,"you could say that it's slow at times , you could say that a few of the characters act in ways that real people wouldn't , but one thing you couldn't say is that alias betty is predictable .",1
4125,6726,"the fight scenes are fun , but it grows tedious .",0
2957,1192,"unfortunately , it appears that [jackie] chan's us influence is starting to show in his hong kong films .",1
2112,337,"foster nails the role , giving a tight , focused performance illuminated by shards of feeling .",1
804,2932,"birthday girl doesn't try to surprise us with plot twists , but rather seems to enjoy its own transparency .",1
197,3631,monte cristo smartly emphasizes the well-wrought story and omits needless chase scenes and swordfights as the revenge unfolds .,1
1553,1164,a true pleasure .,1
2969,667,tailored to entertain !,1
2323,3905,a wild comedy that could only spring from the demented mind of the writer of being john malkovich .,1
2232,3443,"the aaa of action , xxx is a blast of adrenalin , rated eee for excitement . and vin diesel is the man .",1
1642,3087,"its gentle , touching story creeps into your heart .",1
4302,677,"a breezy , diverting , conventional , well-acted tale of two men locked in an ongoing game of cat-and-cat .",1
1938,1961,smart and taut .,1
892,2114,"enjoyably dumb , sweet , and intermittently hilarious -- if you've a taste for the quirky , steal a glimpse .",1
4041,2125,adaptation's success in engaging the audience in the travails of creating a screenplay is extraordinary .,1
2124,2404,begins like a docu-drama but builds its multi-character story with a flourish .,1
1464,2088,the gentle comic treatment of adolescent sturm und drang should please fans of chris fuhrman's posthumously published cult novel .,1
420,1727,the pleasures that it does afford may be enough to keep many moviegoers occupied amidst some of the more serious-minded concerns of other year-end movies .,1
4388,1700,"extremely well acted by the four primary actors , this is a seriously intended movie that is not easily forgotten .",1
876,2190,"a creepy , intermittently powerful study of a self-destructive man . . . about as unsettling to watch as an exploratory medical procedure or an autopsy .",1
1069,2282,"lohman adapts to the changes required of her , but the actress and director peter kosminsky never get the audience to break through the wall her character erects",1
3422,159,"its mysteries are transparently obvious , and it's too slowly paced to be a thriller . [but it's] worth recommending because of two marvelous performances by michael caine and brendan fraser .",1
4502,3800,"there aren't many conclusive answers in the film , but there is an interesting story of pointed personalities , courage , tragedy and the little guys vs . the big guys .",1
2965,3025,it asks nothing of the audience other than to sit back and enjoy a couple of great actors hamming it up .,1
1776,6808,"unfortunately , heartbreak hospital wants to convey the same kind of haughtiness in its own sketchy material but this territory has already been explored previously with better aplomb and sardonic wit .",0
4102,550,windtalkers celebrates the human spirit and packs an emotional wallop .,1
1883,623,"( a ) hollywood sheen bedevils the film from the very beginning . . . ( but ) lohman's moist , deeply emotional eyes shine through this bogus veneer . . .",1
4044,731,"at nearly three hours , the whole of safe conduct is less than the sum of its parts .",1
4249,1547,director andrew niccol . . . demonstrates a wry understanding of the quirks of fame . his healthy sense of satire is light and fun . . . .,1
4407,1706,". . . begins with promise , but runs aground after being snared in its own tangled plot .",1
2737,2326,"most consumers of lo mein and general tso's chicken barely give a thought to the folks who prepare and deliver it , so , hopefully , this film will attach a human face to all those little steaming cartons .",1
1305,1077,"[næs] directed the stage version of elling , and gets fine performances from his two leads who originated the characters on stage .",1
1378,3107,"the ingenious construction ( adapted by david hare from michael cunningham's novel ) constantly flows forwards and back , weaving themes among three strands which allow us to view events as if through a prism",1
1616,1807,predictable storyline and by-the-book scripting is all but washed away by sumptuous ocean visuals and the cinematic stylings of director john stockwell .,1
1956,1151,"84 minutes of rolling musical back beat and supercharged cartoon warfare . it's also , clearly , great fun .",1
109,2686,"slow and ponderous , but rohmer's drama builds to an intense indoor drama about compassion , sacrifice , and christian love in the face of political corruption .",1
2687,2169,well-done supernatural thriller with keen insights into parapsychological phenomena and the soulful nuances of the grieving process .,1
1079,3003,cox creates a fluid and mesmerizing sequence of images to match the words of nijinsky's diaries .,1
3953,603,the warm presence of zhao benshan makes the preposterous lying hero into something more than he reasonably should be .,1
2353,2617,a zinger-filled crowd-pleaser that open-minded elvis fans ( but by no means all ) will have fun with .,1
71,2550,"a conventional , but well-crafted film about a historic legal battle in ireland over a man's right to raise his own children .",1
555,3881,"the kind of movie that comes along only occasionally , one so unconventional , gutsy and perfectly executed it takes your breath away .",1
3116,6490,an afterschool special without the courage of its convictions .,0
286,2201,nicole kidman makes it a party worth attending .,1
2511,877,"windtalkers blows this way and that , but there's no mistaking the filmmaker in the tall grass , true to himself .",1
3989,2612,the movie is not as terrible as the synergistic impulse that created it .,1
1514,3040,"a well-done film of a self-reflexive , philosophical nature .",1
4522,2958,it's like going to a house party and watching the host defend himself against a frothing ex-girlfriend . you don't want to call the cops . you want to call domino's .,1
3237,3130,10 minutes into the film you'll be white-knuckled and unable to look away .,1
460,3506,"a meatier deeper beginning and/or ending would have easily tipped this film into the "" a "" range , as is , it's a very very strong "" b+ . "" i love the robust middle of this picture .",1
3963,4253,"despite these annoyances , the capable clayburgh and tambor really do a great job of anchoring the characters in the emotional realities of middle age .",1
1083,1739,an intense and effective film about loneliness and the chilly anonymity of the environments where so many of us spend so much of our time .,1
1352,3593,"each punch seen through prison bars , the fights become not so much a struggle of man vs . man as brother-man vs . the man .",1
2544,800,enjoy it for what it is ; you can hate yourself later .,1
4074,354,as a randy film about sexy people in gorgeous places being pushed and pulled ( literally and figuratively ) by desire . . . [sex and lucía] makes for an arousing good time .,1
257,1246,this riveting world war ii moral suspense story deals with the shadow side of american culture : racial prejudice in its ugly and diverse forms .,1
2758,3571,"from a deceptively simple premise , this deeply moving french drama develops a startling story that works both as a detailed personal portrait and as a rather frightening examination of modern times .",1
1564,2289,"a delightful little film that revels in its own simplicity , mostly martha will leave you with a smile on your face and a grumble in your stomach .",1
49,2594,marvelously entertaining and deliriously joyous documentary .,1
2085,926,"throwing caution to the wind with an invitation to the hedonist in us all , nair has constructed this motion picture in such a way that even the most cynical curmudgeon with find himself or herself smiling at one time or another .",1
2524,1944,the mark of a respectable summer blockbuster is one of two things : unadulterated thrills or genuine laughs .,1
4342,3717,i couldn't recommend this film more .,1
1504,2582,"not a bad choice here , assuming that . . . the air-conditioning in the theater is working properly .",1
2139,536,hayek is stunning as frida and . . . a star-making project .,1
2791,1136,"crackerjack entertainment -- nonstop romance , music , suspense and action .",1
2466,452,disturbing and brilliant documentary .,1
1414,2338,"you'll laugh at either the obviousness of it all or its stupidity or maybe even its inventiveness , but the point is , you'll laugh .",1
785,1721,"stands as one of the year's most intriguing movie experiences , letting its imagery speak for it while it forces you to ponder anew what a movie can be .",1
3370,4192,"the film is moody , oozing , chilling and heart-warming all at once . . . a twisting , unpredictable , cat-and-mouse thriller .",1
4573,609,"in the end , punch-drunk love is one of those films that i wanted to like much more than i actually did . sometimes , that's enough .",1
92,4323,"a static and sugary little half-hour , after-school special about interfaith understanding , stretched out to 90 minutes .",0
9,1427,"while it regards 1967 as the key turning point of the 20th century , and returns again and again to images of dissidents in the streets , it's alarmingly current .",1
3749,835,a worthy entry into a very difficult genre .,1
3101,4029,"smart , sassy interpretation of the oscar wilde play .",1
4534,5396,the film lapses too often into sugary sentiment and withholds delivery on the pell-mell pyrotechnics its punchy style promises .,0
1014,4206,"frei assembles a fascinating profile of a deeply humanistic artist who , in spite of all that he's witnessed , remains surprisingly idealistic , and retains an extraordinary faith in the ability of images to communicate the truth of the world around him .",1
2218,3875,"though jackson doesn't always succeed in integrating the characters in the foreground into the extraordinarily rich landscape , it must be said that he is an imaginative filmmaker who can see the forest for the trees .",1
3896,2257,it's good to see michael caine whipping out the dirty words and punching people in the stomach again .,1
537,1859,"rabbit-proof fence will probably make you angry . but it will just as likely make you weep , and it will do so in a way that doesn't make you feel like a sucker .",1
3726,3556,"what makes how i killed my father compelling , besides its terrific performances , is fontaine's willingness to wander into the dark areas of parent-child relationships without flinching .",1
1363,2236,the amazing film work is so convincing that by movies' end you'll swear you are wet in some places and feel sand creeping in others .,1
143,7255,murder and mayhem of this sort quickly becomes monotonous .,0
2401,3193,sayles is making a statement about the inability of dreams and aspirations to carry forward into the next generation .,1
2221,2936,"a fine production with splendid singing by angela gheorghiu , ruggero raimondi , and roberto alagna .",1
2113,1895,"a highly spirited , imaginative kid's movie that broaches neo-augustinian theology : is god stuck in heaven because he's afraid of his best-known creation ?",1
733,3961,"disappointingly , the characters are too strange and dysfunctional , tom included , to ever get under the skin , but this is compensated in large part by the off-the-wall dialogue , visual playfulness and the outlandishness of the idea itself .",1
3557,810,"earns its laughs from stock redneck 'types' and from the many , many moments when we recognize even without the elizabethan prose , the play behind the thing .",1
748,3242,"a pleasing , often-funny comedy .",1
60,3682,to get at the root psychology of this film would require many sessions on the couch of dr . freud .,1
815,4065,"holofcener rejects patent solutions to dramatize life's messiness from inside out , in all its strange quirks .",1
558,3306,"feardotcom's thrills are all cheap , but they mostly work .",1
3127,801,a map of the inner rhythms of love and jealousy and sacrifice drawn with a master's steady stroke .,1
2752,1205,"though it's become almost redundant to say so , major kudos go to leigh for actually casting people who look working-class .",1
2471,2640,directors brett morgen and nanette burstein have put together a bold biographical fantasia .,1
4297,4000,"directed with purpose and finesse by england's roger mitchell , who handily makes the move from pleasing , relatively lightweight commercial fare such as notting hill to commercial fare with real thematic heft .",1
3662,4026,"a delightful romantic comedy with plenty of bite . it's far from a frothy piece , and the characters are complex , laden with plenty of baggage and tinged with tragic undertones .",1
4077,1510,there's a wickedly subversive bent to the best parts of birthday girl .,1
3855,2649,"'film aficionados cannot help but love cinema paradiso , whether the original version or new director's cut . '",1
3964,6033,"[director] o'fallon manages to put some lovely pictures up on the big screen , but his skill at telling a story -- he also contributed to the screenplay -- falls short .",0
181,4183,an intelligently made ( and beautifully edited ) picture that at the very least has a spark of life to it -- more than you can say for plenty of movies that flow through the hollywood pipeline without a hitch .,1
4316,2853,"personal velocity has a no-frills docu-dogma plainness , yet miller lingers on invisible , nearly psychic nuances , leaping into digressions of memory and desire . she boxes these women's souls right open for us .",1
78,3330,"the charm of revolution os is rather the way it introduces you to new , fervently held ideas and fanciful thinkers .",1
1799,2572,a low-key labor of love that strikes a very resonant chord .,1
3798,2090,"a deftly entertaining film , smartly played and smartly directed .",1
2330,4103,a very charming and funny movie .,1
2794,999,"subversive , meditative , clinical and poetic , the piano teacher is a daring work of genius .",1
913,1050,"nothing's at stake , just a twisty double-cross you can smell a mile away--still , the derivative nine queens is lots of fun .",1
3029,2322,the fast runner' transports the viewer into an unusual space,1
4308,3843,"there's very little sense to what's going on here , but the makers serve up the cliches with considerable dash .",1
3006,2232,"while insomnia is in many ways a conventional , even predictable remake , nolan's penetrating undercurrent of cerebral and cinemantic flair lends ( it ) stimulating depth .",1
2485,934,"the long-range appeal of "" minority report "" should transcend any awards it bags . this is one for the ages .",1
32,2027,"'it's better to go in knowing full well what's going to happen , but willing to let the earnestness of its execution and skill of its cast take you down a familiar road with a few twists . cynics need not apply . '",1
4290,1590,"finally , the french-produced "" read my lips "" is a movie that understands characters must come first .",1
4463,3115,"aside from rohmer's bold choices regarding point of view , the lady and the duke represents the filmmaker's lifelong concern with formalist experimentation in cinematic art .",1
4331,2172,this film puts wang at the forefront of china's sixth generation of film makers .,1
2387,2535,a riveting story well told .,1
637,927,makes an aborbing if arguable case for the man's greatness .,1
4392,1883,"vividly conveys the passion , creativity , and fearlessness of one of mexico's most colorful and controversial artists -- a captivating drama that will speak to the nonconformist in us all .",1
4488,617,"it's the cinematic equivalent of a good page-turner , and even if it's nonsense , its claws dig surprisingly deep .",1
1156,4156,it sends you away a believer again and quite cheered at just that .,1
829,1073,"in a way , the film feels like a breath of fresh air , but only to those that allow it in .",1
2376,1000,the weakest of the four harry potter books has been transformed into the stronger of the two films by the thinnest of margins .,1
2016,3430,the film proves unrelentingly grim -- and equally engrossing .,1
291,119,"somewhere short of tremors on the modern b-scene : neither as funny nor as clever , though an agreeably unpretentious way to spend ninety minutes .",1
2936,3484,"even if invincible is not quite the career peak that the pianist is for roman polanski , it demonstrates that werner herzog can still leave us with a sense of wonder at the diverse , marvelously twisted shapes history has taken .",1
500,3254,an instance of an old dog not only learning but inventing a remarkable new trick .,1
1138,4211,"one of those rare films that seems as though it was written for no one , but somehow manages to convince almost everyone that it was put on the screen , just for them .",1
2256,4115,"cold , nervy and memorable .",1
3383,6920,"just one more collection of penis , breast and flatulence gags in search of a story . or a profit . or some damn thing .",0
2723,7049,the problem isn't that the movie hits so close to home so much as that it hits close to home while engaging in such silliness as that snake-down-the-throat business and the inevitable shot of schwarzenegger outrunning a fireball .,0
1698,1026,it's a glorious groove that leaves you wanting more .,1
2433,35,"though everything might be literate and smart , it never took off and always seemed static .",1
534,2601,"the sweetest thing , a romantic comedy with outrageous tendencies , may be a mess in a lot of ways . but it does have one saving grace . a lot of its gags and observations reflect a woman's point-of-view .",1
1994,273,"thankfully , the film , which skirts that rapidly deteriorating line between fantasy and reality . . . takes a tongue-in-cheek attitude even as it pushes the croc hunter agenda .",1
3988,2977,rubbo runs through a remarkable amount of material in the film's short 90 minutes .,1
4009,4189,"witty , vibrant , and intelligent .",1
2559,4058,"has an unmistakable , easy joie de vivre .",1
1783,3458,together writer-director danny verete's three tales comprise a powerful and reasonably fulfilling gestalt .,1
64,3399,its rawness and vitality give it considerable punch .,1
2309,2167,"i'll put it this way : if you're in the mood for a melodrama narrated by talking fish , this is the movie for you .",1
4216,162,a solidly seaworthy chiller .,1
4557,3893,a minor film with major pleasures from portuguese master manoel de oliviera . . .,1
2187,1107,"not far beneath the surface , this reconfigured tale asks disturbing questions about those things we expect from military epics .",1
2193,2223,there's . . . an underlying old world sexism to monday morning that undercuts its charm .,1
759,4085,like a less dizzily gorgeous companion to mr . wong's in the mood for love -- very much a hong kong movie despite its mainland setting .,1
2199,3318,"if you love the music , and i do , its hard to imagine having more fun watching a documentary . . .",1
907,2497,an enjoyable feel-good family comedy regardless of race .,1
697,4011,"it's a smart , funny look at an arcane area of popular culture , and if it isn't entirely persuasive , it does give exposure to some talented performers .",1
1765,1255,one of the more intelligent children's movies to hit theaters this year .,1
2658,2006,"an oddity , to be sure , but one that you might wind up remembering with a degree of affection rather than revulsion .",1
2531,3265,"makes the case for a strong education and good teachers being more valuable in the way they help increase an average student's self-esteem , and not strictly in the knowledge imparted .",1
4650,497,a sensitive and expertly acted crowd-pleaser that isn't above a little broad comedy and a few unabashedly sentimental tears .,1
4520,2283,"although it includes a fair share of dumb drug jokes and predictable slapstick , "" orange county "" is far funnier than it would seem to have any right to be .",1
3961,7763,"a fast-paced , glitzy but extremely silly piece .",0
1375,3315,there is greatness here .,1
3776,844,it never fails to engage us .,1
2624,5390,eight legged freaks won't join the pantheon of great monster/science fiction flicks that we have come to love . . .,0
450,7553,we have an actor who is great fun to watch performing in a film that is only mildly diverting .,0
4478,1880,"passionate , irrational , long-suffering but cruel as a tarantula , helga figures prominently in this movie , and helps keep the proceedings as funny for grown-ups as for rugrats .",1
677,757,"occasionally funny and consistently odd , and it works reasonably well as a star vehicle for zhao .",1
1742,3119,"films are made of little moments . changing lanes tries for more . it doesn't reach them , but the effort is gratefully received .",1
1827,7554,"despite hoffman's best efforts , wilson remains a silent , lumpish cipher ; his encounters reveal nothing about who he is or who he was before .",0
3889,320,"clever , brutal and strangely soulful movie .",1
1523,1573,"shamelessly resorting to pee-related sight gags that might even cause tom green a grimace ; still , myer's energy and the silliness of it all eventually prevail",1
4412,2559,"it's a tour de force , written and directed so quietly that it's implosion rather than explosion you fear .",1
3464,2746,"[cho's face is] an amazing slapstick instrument , creating a scrapbook of living mug shots .",1
414,2048,"not only a reminder of how they used to make movies , but also how they sometimes still can be made .",1
350,3116,"what 'dumb and dumber' would have been without the vulgarity and with an intelligent , life-affirming script .",1
1761,1336,"by the end of the movie , you're definitely convinced that these women are spectacular .",1
1824,1386,". . . a good , if not entirely fresh , look at war .",1
2097,3509,"there is a beautiful , aching sadness to it all . paul cox needed to show it . it is up to you to decide if you need to see it .",1
2562,2677,"payne has created a beautiful canvas , and nicholson proves once again that he's the best brush in the business .",1
2754,3505,"an interesting psychological game of cat-and-mouse , three-dimensional characters and believable performances all add up to a satisfying crime drama .",1
569,2107,that the film opens with maggots crawling on a dead dog is not an out of place metaphor .,1
2056,1215,"for the first time in years , de niro digs deep emotionally , perhaps because he's been stirred by the powerful work of his co-stars .",1
1561,1070,"a poignant , artfully crafted meditation on mortality .",1
2122,2273,that old adage about women being unknowable gets an exhilarating new interpretation in morvern callar .,1
745,4305,"though the opera itself takes place mostly indoors , jacquot seems unsure of how to evoke any sort of naturalism on the set .",0
1635,2359,"as i settled into my world war ii memories , i found myself strangely moved by even the corniest and most hackneyed contrivances .",1
2529,1776,leguizamo and jones are both excellent and the rest of the cast is uniformly superb .,1
4612,461,"bourne , jason bourne . he can scale a building like a super hero , he can out-stealth any agent , he'll get the girl . he's super spy !",1
1456,1909,an immensely entertaining look at some of the unsung heroes of 20th century pop music .,1
1129,3661,"a bonanza of wacky sight gags , outlandish color schemes , and corny visual puns that can be appreciated equally as an abstract frank tashlin comedy and as a playful recapitulation of the artist's career .",1
4571,4878,"offers no new insight on the matter , nor do its characters exactly spring to life .",0
20,3297,o Último suspeito ganha força ao também funcionar em uma esfera adicional : a do drama familiar .,1
1145,3537,"the screenwriters dig themselves in deeper every time they toss logic and science into what is essentially a "" dungeons and dragons "" fantasy with modern military weaponry . . .",1
1578,439,"i complain all the time about seeing the same ideas repeated in films over and over again , but the bourne identity proves that a fresh take is always possible .",1
893,1735,"in its dry and forceful way , it delivers the same message as jiri menzel's closely watched trains and danis tanovic's no man's land .",1
2248,1363,"gives you the steady pulse of life in a beautiful city viewed through the eyes of a character who , in spite of tragic loss and increasing decrepitude , knows in his bones that he is one of the luckiest men alive .",1
4263,7683,everything was as superficial as the forced new jersey lowbrow accent uma had .,0
3885,8431,it isn't that stealing harvard is a horrible movieif only it were that grand a failure ! it's just that it's so not-at-all-good . and i expect much more from a talent as outstanding as director bruce mcculloch .,0
31,1375,'easily my choice for one of the year's best films . ',1
3543,2922,"the production design , score and choreography are simply intoxicating .",1
4523,475,"not a cozy or ingratiating work , but it's challenging , sometimes clever , and always interesting , and those are reasons enough to see it .",1
688,216,"purely propaganda , a work of unabashed hero worship , it is nonetheless -- and likely inadvertently -- a timely and invaluable implicit reminder of the role that u . s . foreign policy has played in the rise of castro .",1
1894,1525,"featuring a dangerously seductive performance from the great daniel auteuil , "" sade "" covers the same period as kaufmann's "" quills "" with more unsettlingly realistic results .",1
3371,2151,combine the paranoid claustrophobia of a submarine movie with the unsettling spookiness of the supernatural -- why didn't hollywood think of this sooner ?,1
2859,7961,fails so fundamentally on every conventional level that it achieves some kind of goofy grandeur .,0
1658,4048,"film can't quite maintain its initial momentum , but remains sporadically funny throughout .",1
3001,634,good ol' urban legend stuff .,1
321,4221,a fanciful drama about napoleon's last years and his surprising discovery of love and humility .,1
4143,2758,"the movie is well crafted , and well executed . if you're paying attention , the "" big twists "" are pretty easy to guess - but that doesn't make the movie any less entertaining .",1
370,931,it is not a mass-market entertainment but an uncompromising attempt by one artist to think about another .,1
2412,737,"barney has created a tour de force that is weird , wacky and wonderful .",1
1524,3929,maryam is more timely now than ever .,1
1653,3488,a wild ride with eight boarders from venice beach that was a deserved co-winner of the audience award for documentaries at the sundance film festival .,1
617,4110,"i have always appreciated a smartly written motion picture , and , whatever flaws igby goes down may possess , it is undeniably that .",1
3474,4278,"on a cutting room floor somewhere lies . . . footage that might have made no such thing a trenchant , ironic cultural satire instead of a frustrating misfire .",0
2165,1698,"frida isn't that much different from many a hollywood romance . what sets it apart is the vision that taymor , the avant garde director of broadway's the lion king and the film titus , brings .",1
4148,3877,a dazzling thing to behold -- as long as you're wearing the somewhat cumbersome 3d goggles the theater provides .,1
1475,3630,ms . hutchins is talented enough and charismatic enough to make us care about zelda's ultimate fate .,1
379,8415,"everything about girls can't swim , even its passages of sensitive observation , feels secondhand , familiar -- and not in a good way .",0
1487,720,a frisky and fresh romantic comedy exporing sexual politics and the challenges of friendships between women .,1
768,4571,"this is the sort of low-grade dreck that usually goes straight to video --with a lousy script , inept direction , pathetic acting , poorly dubbed dialogue and murky cinematography , complete with visible boom mikes .",0
4199,2261,"an unflinching , complex portrait of a modern israel that is rarely seen on-screen .",1
2084,303,the tug of war that ensues is as much a snapshot of modern china in microcosm as it is a crash course in movie mythology .,1
3602,33,"if there's a way to effectively teach kids about the dangers of drugs , i think it's in projects like the ( unfortunately r-rated ) paid .",1
2894,4256,despite modest aspirations its occasional charms are not to be dismissed .,1
2553,3391,"although some viewers will not be able to stomach so much tongue-in-cheek weirdness , those who do will have found a cult favorite to enjoy for a lifetime .",1
2536,226,the result is something quite fresh and delightful .,1
2493,3521,"this is a story that zings all the way through with originality , humour and pathos .",1
2237,2611,featherweight romantic comedy has a few nice twists in a standard plot and the charisma of hugh grant and sandra bullock .,1
2498,4633,a high-minded snoozer .,0
4460,624,do we really need a 77-minute film to tell us exactly why a romantic relationship between a 15-year-old boy and a 40-year-old woman doesn't work ?,1
1054,4261,what sets ms . birot's film apart from others in the genre is a greater attention to the parents -- and particularly the fateful fathers -- in the emotional evolution of the two bewitched adolescents .,1
228,2928,"implicitly acknowledges and celebrates the glorious chicanery and self-delusion of this most american of businesses , and for that reason it may be the most oddly honest hollywood document of all .",1
3833,8367,. . . a confusing drudgery .,0
503,3644,"it's the sweet cinderella story that "" pretty woman "" wanted to be .",1
2451,5299,"a loud , low-budget and tired formula film that arrives cloaked in the euphemism 'urban drama . '",0
1192,902,this is art paying homage to art .,1
3331,6270,"even film silliness needs a little gravity , beyond good hair and humping .",0
1191,3334,for all its problems . . . the lady and the duke surprisingly manages never to grow boring . . . which proves that rohmer still has a sense of his audience .,1
245,1352,uses high comedy to evoke surprising poignance .,1
2934,67,part of the charm of satin rouge is that it avoids the obvious with humour and lightness .,1
1863,1885,maybe thomas wolfe was right : you can't go home again .,1
2597,653,"though the plot is predictable , the movie never feels formulaic , because the attention is on the nuances of the emotional development of the delicate characters .",1
1901,1673,this version does justice both to stevenson and to the sci-fi genre .,1
3286,3341,"it's immensely ambitious , different than anything that's been done before and amazingly successful in terms of what it's trying to do .",1
1907,448,"[taymor] utilizes the idea of making kahlo's art a living , breathing part of the movie , often catapulting the artist into her own work . this isn't a new idea . it's been done before but never so vividly or with so much passion .",1
4244,7405,this is more a case of 'sacre bleu ! ' than 'magnifique' .,0
2822,6585,"a soggy , cliche-bound epic-horror yarn that ends up being even dumber than its title .",0
1037,2159,"the bai brothers have taken an small slice of history and opened it up for all of us to understand , and they've told a nice little story in the process .",1
2436,2029,""" red dragon "" is entertaining . an obvious copy of one of the best films ever made , how could it not be ? but it is entertaining on an inferior level . it is a popcorn film , not a must-own , or even a must-see .",1
622,3494,"if you're burnt out on it's a wonderful life marathons and bored with a christmas carol , it might just be the movie you're looking for . it depends on how well flatulence gags fit into your holiday concept .",1
800,3464,"like shrek , spirit's visual imagination reminds you of why animation is such a perfect medium for children , because of the way it allows the mind to enter and accept another world .",1
2026,2174,"wiseman is patient and uncompromising , letting his camera observe and record the lives of women torn apart by a legacy of abuse .",1
4537,668,"a compelling , moving film that respects its audience and its source material .",1
526,3830,i know that i'll never listen to marvin gaye or the supremes the same way again,1
3003,2882,"schepisi , aided by a cast that seems to include every top-notch british actor who did not appear in gosford park ( as well as one , ms . mirren , who did ) , has succeeded beyond all expectation .",1
2882,2876,"twenty years later , e . t . is still a cinematic touchstone .",1
319,40,"newton draws our attention like a magnet , and acts circles around her better known co-star , mark wahlberg .",1
182,5424,"drumline is -- the mere suggestion , albeit a visually compelling one , of a fully realized story .",0
1922,3165,close enough in spirit to its freewheeling trash-cinema roots to be a breath of fresh air .,1
1935,4799,"there's something unintentionally comic in the film's drumbeat about authenticity , given the stale plot and pornographic way the film revels in swank apartments , clothes and parties .",0
38,359,"if you love reading and/or poetry , then by all means check it out . you'll probably love it .",1
3167,1262,"there's something auspicious , and daring , too , about the artistic instinct that pushes a majority-oriented director like steven spielberg to follow a . i . with this challenging report so liable to unnerve the majority .",1
1782,3729,"sensual , funny and , in the end , very touching .",1
1065,338,"even if you can't pronounce "" gyro "" correctly , you'll appreciate much of vardalos' humor , which transcends ethnic boundaries .",1
4278,3174,"the woodman seems to have directly influenced this girl-meets-girl love story , but even more reassuring is how its makers actually seem to understand what made allen's romantic comedies so pertinent and enduring .",1
3929,3949,"the storylines are woven together skilfully , the magnificent swooping aerial shots are breathtaking , and the overall experience is awesome .",1
3755,3140,daughter from danang sticks with its subjects a little longer and tells a deeper story,1
2828,3908,"mana gives us compelling , damaged characters who we want to help -- or hurt .",1
2269,3932,"what a concept , what an idea , what a thrill ride . this is a more fascinating look at the future than "" bladerunner "" and one of the most high-concept sci fi adventures attempted for the screen .",1
3651,395,"the best movie of its kind since 'brazil . ' lucas , take notes . this is how you use special effects .",1
2515,2804,"this starts off with a 1950's doris day feel and it gets very ugly , very fast . the first five minutes will have you talking 'til the end of the year !",1
624,563,resourceful and ingenious entertainment .,1
3262,2992,"[russell] makes good b movies ( the mask , the blob ) , and the scorpion king more than ably meets those standards .",1
695,2555,a stirring road movie .,1
1659,6050,"i don't think i laughed out loud once . and when you're talking about a slapstick comedy , that's a pretty big problem .",0
942,3994,"may take its sweet time to get wherever it's going , but if you have the patience for it , you won't feel like it's wasted yours .",1
3955,322,an intelligent fiction about learning through cultural clash .,1
1587,1082,"here's yet another studio horror franchise mucking up its storyline with glitches casual fans could correct in their sleep . but taken as a stylish and energetic one-shot , the queen of the damned cannot be said to suck .",1
3357,211,"[a] rare , beautiful film .",1
2708,3186,at its best ( and it does have some very funny sequences ) looking for leonard reminds you just how comically subversive silence can be .,1
972,5167,trying to make head or tail of the story in the hip-hop indie snipes is enough to give you brain strain -- and the pay-off is negligible .,0
3405,4060,this movie has the usual impossible stunts . . . but it has just as many scenes that are lean and tough enough to fit in any modern action movie .,1
4218,775,about nowhere kids who appropriated turfs as they found them and become self-made celebrity athletes -- a low-down version of the american dream .,1
1671,3777,"adams , with four scriptwriters , takes care with the characters , who are so believable that you feel what they feel .",1
1593,3190,transforms one of [shakespeare's] deepest tragedies into a smart new comedy .,1
1976,7182,"the rest of the plot is impossible to explain without blowing whatever tension there is , although it's more comedy than suspense de palma creates .",0
3587,1886,"a compelling yarn , but not quite a ripping one .",1
1562,1167,"altogether , this is successful as a film , while at the same time being a most touching reconsideration of the familiar masterpiece .",1
3696,3348,"in a summer overrun with movies dominated by cgi aliens and super heroes , it revigorates the mind to see a feature that concentrates on people , a project in which the script and characters hold sway .",1
2265,4179,"because the film deliberately lacks irony , it has a genuine dramatic impact ; it plays like a powerful 1957 drama we've somehow never seen before .",1
3725,74,at heart the movie is a deftly wrought suspense yarn whose richer shadings work as coloring rather than substance .,1
4231,928,"an endlessly fascinating , landmark movie that is as bold as anything the cinema has seen in years .",1
3914,3412,"although devoid of objectivity and full of nostalgic comments from the now middle-aged participants , dogtown and z-boys has a compelling story to tell .",1
263,3349,there's just something about watching a squad of psychopathic underdogs whale the tar out of unsuspecting lawmen that reaches across time and distance .,1
4375,1018,"to the film's credit , the acting is fresh and unselfconscious , and munch is a marvel of reality versus sappy sentiment .",1
4269,3188,anyone who ever fantasized about space travel but can't afford the $20 million ticket to ride a russian rocket should catch this imax offering .,1
2385,697,a movie for 11-year-old boys with sports dreams of their own and the preteen girls who worship lil' bow wow .,1
3194,6002,it has all the excitement of eating oatmeal .,0
3853,3899,it finds its moviegoing pleasures in the tiny events that could make a person who has lived her life half-asleep suddenly wake up and take notice .,1
3016,3581,"the script is smart , not cloying .",1
1312,4089,"poignant and moving , a walk to remember is an inspirational love story , capturing the innocence and idealism of that first encounter .",1
1124,3328,"the movie itself is far from disappointing , offering an original take on courtroom movies , a few nifty twists that are so crucial to the genre and another first-rate performance by top-billed star bruce willis .",1
1756,3697,a psychic journey deep into the very fabric of iranian . . . life .,1
2769,1292,two hours fly by -- opera's a pleasure when you don't have to endure intermissions -- and even a novice to the form comes away exhilarated .,1
2663,2651,it's one thing to read about or rail against the ongoing - and unprecedented - construction project going on over our heads . it's quite another to feel physically caught up in the process .,1
4332,2599,murderous maids pulls no punches in its depiction of the lives of the papin sister and the events that led to their notorious rise to infamy . . .,1
2188,533,only two words will tell you what you know when deciding to see it : anthony . hopkins .,1
3958,865,"zany , exuberantly irreverent animated space adventure .",1
801,1328,"the film may appear naked in its narrative form . . . but it goes deeper than that , to fundamental choices that include the complexity of the catholic doctrine",1
46,8168,"amid the cliché and foreshadowing , cage manages a degree of casual realism . . . that is routinely dynamited by blethyn .",0
1785,4049,"o fantasma is boldly , confidently orchestrated , aesthetically and sexually , and its impact is deeply and rightly disturbing .",1
2728,3004,"what bloody sunday lacks in clarity , it makes up for with a great , fiery passion .",1
2488,3542,"a deft , delightful mix of sulky teen drama and overcoming-obstacles sports-movie triumph .",1
481,3467,"not everything in this ambitious comic escapade works , but coppola , along with his sister , sofia , is a real filmmaker . it must be in the genes .",1
2982,92,"katz uses archival footage , horrifying documents of lynchings , still photographs and charming old reel-to-reel recordings of meeropol entertaining his children to create his song history , but most powerful of all is the song itself",1
114,1814,"this orange has some juice , but it's far from fresh-squeezed .",1
1236,2753,a lively and engaging examination of how similar obsessions can dominate a family .,1
1271,50,an engaging overview of johnson's eccentric career .,1
3282,3703,"vera has created a provocative , absorbing drama that reveals the curse of a self-hatred instilled by rigid social mores .",1
2668,2940,a riveting documentary .,1
3461,7742,"loud , chaotic and largely unfunny .",0
3079,2765,this sci-fi techno-sex thriller starts out bizarre and just keeps getting weirder .,1
2870,1442,the most compelling wiseman epic of recent years .,1
3043,1157,bogdanovich tantalizes by offering a peep show into the lives of the era's creme de la celluloid .,1
2171,520,it's a count for our times .,1
3991,479,one scarcely needs the subtitles to enjoy this colorful action farce .,1
1226,110,a feel-good picture in the best sense of the term .,1
1613,1093,"although occasionally static to the point of resembling a stage play , the film delivers a solid mixture of sweetness and laughs .",1
1590,734,"pretty darn good , despite its smarty-pants aura .",1
4140,3365,"one of the smarter offerings the horror genre has produced in recent memory , even if it's far tamer than advertised .",1
2700,585,"sometimes , nothing satisfies like old-fashioned swashbuckling . and in this regard , on guard delivers .",1
4613,2944,diane lane works nothing short of a minor miracle in unfaithful .,1
1404,3896,the movie is . . . very funny as you peek at it through the fingers in front of your eyes .,1
3600,1662,it makes you believe the cast and crew thoroughly enjoyed themselves and believed in their small-budget film .,1
953,393,a film of precious increments artfully camouflaged as everyday activities .,1
42,1162,"manages to transcend the sex , drugs and show-tunes plot into something far richer .",1
4536,1311,"a full world has been presented onscreen , not some series of carefully structured plot points building to a pat resolution .",1
3493,4107,the biggest problem with this movie is that it's not nearly long enough .,1
1186,1810,"it challenges , this nervy oddity , like modern art should .",1
1518,7805,nearly every attempt at humor here is doa .,0
3199,1252,"in all , this is a watchable movie that's not quite the memorable experience it might have been .",1
4329,4138,"between them , de niro and murphy make showtime the most savory and hilarious guilty pleasure of many a recent movie season .",1
2261,1805,"the fascination comes in the power of the huston performance , which seems so larger than life and yet so fragile , and in the way the ivan character accepts the news of his illness so quickly but still finds himself unable to react .",1
2194,1730,"like the original , this version is raised a few notches above kiddie fantasy pablum by allen's astringent wit .",1
504,5824,rarely has leukemia looked so shimmering and benign .,0
1031,3491,"the film belongs to the marvelous verdu , a sexy slip of an earth mother who mourns her tragedies in private and embraces life in public",1
3309,2109,"the concert footage is stirring , the recording sessions are intriguing , and -- on the way to striking a blow for artistic integrity -- this quality band may pick up new admirers .",1
3585,4204,an off-beat and fanciful film about the human need for monsters to blame for all that is amiss in the world .,1
86,349,"over-the-top and a bit ostentatious , this is a movie that's got oodles of style and substance .",1
4442,2278,"rich in shadowy metaphor and as sharp as a samurai sword , jiang wen's devils on the doorstep is a wartime farce in the alternately comic and gut-wrenching style of joseph heller or kurt vonnegut .",1
326,3263,"the director , mark pellington , does a terrific job conjuring up a sinister , menacing atmosphere though unfortunately all the story gives us is flashing red lights , a rattling noise , and a bump on the head .",1
4689,3980,"it's plotless , shapeless -- and yet , it must be admitted , not entirely humorless . indeed , the more outrageous bits achieve a shock-you-into-laughter intensity of almost dadaist proportions .",1
3344,3679,". . . enthusiastically invokes the percussion rhythm , the brass soul and the sense of fierce competition that helps make great marching bands half the fun of college football games .",1
2437,1668,it's a diverting enough hour-and-a-half for the family audience .,1
862,1406,"displaying about equal amounts of naiveté , passion and talent , beneath clouds establishes sen as a filmmaker of considerable potential .",1
2310,2805,"triumph of love is a very silly movie , but the silliness has a pedigree .",1
2526,1446,"liotta put on 30 pounds for the role , and has completely transformed himself from his smooth , goodfellas image .",1
1887,1745,"i stopped thinking about how good it all was , and started doing nothing but reacting to it - feeling a part of its grand locations , thinking urgently as the protagonists struggled , feeling at the mercy of its inventiveness , gasping at its visual delights .",1
4014,1198,"a quiet , pure , elliptical film",1
3717,914,"from spiritual rebirth to bruising defeat , vincent's odyssey resonates in a profound way , comparable to the classic films of jean renoir .",1
1963,3873,"with so many bad romances out there , this is the kind of movie that deserves a chance to shine .",1
3572,2286,ozpetek's effort has the scope and shape of an especially well-executed television movie .,1
757,1900,it's a satisfying summer blockbuster and worth a look .,1
2868,2666,it's a perfect show of respect to just one of those underrated professionals who deserve but rarely receive it .,1
4088,1997,"yakusho , as always , is wonderful as the long-faced sad sack . . . and his chemistry with shimizu is very believable .",1
439,6362,"guillen rarely gets beneath the surface of things . she lists ingredients , but never mixes and stirs .",0
2266,6000,the script isn't very good ; not even someone as gifted as hoffman ( the actor ) can make it work .,0
948,37,"ms . fulford-wierzbicki is almost spooky in her sulky , calculating lolita turn .",1
3522,2391,"although olivier assayas' elegantly appointed period drama seems , at times , padded with incident in the way of a too-conscientious adaptation . . . its three-hour running time plays closer to two .",1
2633,8069,dense and enigmatic . . . elusive . . . stagy and stilted,0
2417,1873,"as an introduction to the man's theories and influence , derrida is all but useless ; as a portrait of the artist as an endlessly inquisitive old man , however , it's invaluable .",1
4339,956,an epic of grandeur and scale that's been decades gone from the popcorn pushing sound stages of hollywood .,1
463,3683,great over-the-top moviemaking if you're in a slap-happy mood .,1
3054,2827,"it's a treat  a delightful , witty , improbable romantic comedy with a zippy jazzy score grant and bullock make it look as though they are having so much fun .",1
2872,3819,"death to smoochy is often very funny , but what's even more remarkable is the integrity of devito's misanthropic vision .",1
3720,2147,"whatever complaints i might have , i'd take [its] earnest errors and hard-won rewards over the bombastic self-glorification of other feel-good fiascos like antwone fisher or the emperor's club any time .",1
2283,3610,witless but watchable .,1
1140,788,boisterous and daft documentary .,1
1955,3978,"shyamalan takes a potentially trite and overused concept ( aliens come to earth ) and infuses it into a rustic , realistic , and altogether creepy tale of hidden invasion .",1
2407,1778,. . . there is enough originality in 'life' to distance it from the pack of paint-by-number romantic comedies that so often end up on cinema screens .,1
1400,1087,"a fast , funny , highly enjoyable movie .",1
1028,2040,". . . once the true impact of the day unfolds , the power of this movie is undeniable .",1
1316,4178,drumline ably captures the complicated relationships in a marching band .,1
4136,1492,"it's somewhat clumsy and too lethargically paced -- but its story about a mysterious creature with psychic abilities offers a solid build-up , a terrific climax , and some nice chills along the way .",1
4201,6723,"the acting by the over-25s lacks spark , with csokas particularly unconnected .",0
1291,318,". . . tunney is allowed to build an uncommonly human character , an almost real-live girl complete with trouble and hope .",1
3637,3759,tres greek writer and star nia vardalos has crafted here a worldly-wise and very funny script .,1
2490,7319,""" an entire film about researchers quietly reading dusty old letters . """,0
4187,1390,the primitive force of this film seems to bubble up from the vast collective memory of the combatants . it's like watching a nightmare made flesh .,1
2314,3019,. . . a series of tales told with the intricate preciseness of the best short story writing .,1
3492,3716,it trusts the story it sets out to tell .,1
1233,2855,"throughout , mr . audiard's direction is fluid and quick .",1
1920,1737,. . . a triumph of emotionally and narratively complex filmmaking .,1
3960,4081,i'd watch these two together again in a new york minute .,1
502,6439,"there are a few laughs and clever sight gags scattered about , but not enough to make this anything more than another big-budget bust .",0
1643,137,gloriously goofy ( and gory ) midnight movie stuff .,1
3779,1976,"this time , the hype is quieter , and while the movie is slightly less successful than the first , it's still a rollicking good time for the most part .",1
2120,1658,allen's underestimated charm delivers more goodies than lumps of coal .,1
1605,1219,"an effectively creepy , fear-inducing ( not fear-reducing ) film from japanese director hideo nakata , who takes the superstitious curse on chain letters and actually applies it .",1
110,2045,"gaunt , silver-haired and leonine , [harris] brings a tragic dimension and savage full-bodied wit and cunning to the aging sandeman .",1
1819,2965,"originality ain't on the menu , but there's never a dull moment in the giant spider invasion comic chiller .",1
1007,6296,"shamelessly sappy and , worse , runs away from its own provocative theme .",0
742,2665,"she's all-powerful , a voice for a pop-cyber culture that feeds on her bjorkness .",1
1123,1643,so purely enjoyable that you might not even notice it's a fairly straightforward remake of hollywood comedies such as father of the bride .,1
2628,3743,"[clooney's] debut can be accused of being a bit undisciplined , but it has a tremendous , offbeat sense of style and humor that suggests he was influenced by some of the filmmakers who have directed him , especially the coen brothers and steven soderbergh .",1
4073,127,"run , don't walk , to see this barbed and bracing comedy on the big screen .",1
2675,3289,a sobering and powerful documentary about the most severe kind of personal loss : rejection by one's mother .,1
2129,3833,"whenever it threatens to get bogged down in earnest dramaturgy , a stirring visual sequence like a surge through swirling rapids or a leap from pinnacle to pinnacle rouses us . if horses could fly , this is surely what they'd look like .",1
3972,3799,"a very well-meaning movie , and it will stand in future years as an eloquent memorial to the world trade center tragedy .",1
1681,1858,amari has dressed up this little parable in a fairly irresistible package full of privileged moments and memorable performances .,1
2914,158,fans of behan's work and of irish movies in general will be rewarded by borstal boy .,1
1187,4286,"on its own , it's not very interesting . as a remake , it's a pale imitation .",0
4643,15,an utterly compelling 'who wrote it' in which the reputation of the most famous author who ever lived comes into question .,1
331,6276,van wilder brings a whole new meaning to the phrase 'comedy gag . ' at least one scene is so disgusting that viewers may be hard pressed to retain their lunch .,0
903,246,provides an intriguing window into the imagination and hermetic analysis of todd solondz .,1
2226,1644,"moonlight mile gives itself the freedom to feel contradictory things . it is sentimental but feels free to offend , is analytical and then surrenders to the illogic of its characters , is about grief and yet permits laughter .",1
1256,739,. . . an agreeable time-wasting device -- but george pal's low-tech 1960 version still rules the epochs .,1
523,107,"4 friends , 2 couples , 2000 miles , and all the pabst blue ribbon beer they can drink - it's the ultimate redneck road-trip .",1
1058,4094,"in many ways , reminiscent of 1992's unforgiven which also utilized the scintillating force of its actors to draw out the menace of its sparse dialogue .",1
417,3853,"steven soderbergh's digital video experiment is a clever and cutting , quick and dirty look at modern living and movie life .",1
761,1206,it deserves to be seen by anyone with even a passing interest in the events shaping the world beyond their own horizons .,1
2755,1027,majidi gets uniformly engaging performances from his largely amateur cast .,1
3507,409,"starts off with a bang , but then fizzles like a wet stick of dynamite at the very end . it's still worth a look .",1
4595,152,"it's an old story , but a lively script , sharp acting and partially animated interludes make just a kiss seem minty fresh .",1
3801,3435,sad to say -- it accurately reflects the rage and alienation that fuels the self-destructiveness of many young people .,1
1194,4034,nice piece of work .,1
1724,1398,"though only 60 minutes long , the film is packed with information and impressions .",1
1904,5674,includes too much obvious padding .,0
3786,392,bullock does a good job here of working against her natural likability .,1
2768,2623,"the re-release of ron howard's apollo 13 in the imax format proves absolutely that really , really , really good things can come in enormous packages .",1
4433,5994,""" the time machine "" is a movie that has no interest in itself . it doesn't believe in itself , it has no sense of humorit's just plain bored .",0
3697,1014,"it's a pleasure to see seinfeld griping about the biz with buddies chris rock , garry shandling and colin quinn .",1
3256,4024,"i admire the closing scenes of the film , which seem to ask whether our civilization offers a cure for vincent's complaint .",1
4498,3572,simply and eloquently articulates the tangled feelings of particular new yorkers deeply touched by an unprecedented tragedy .,1
899,632,this is a happy throwback to the time when cartoons were cinema's most idiosyncratic form instead of one of its most predictable .,1
3146,2584,it must be the end of the world : the best film so far this year is a franchise sequel starring wesley snipes .,1
164,3625,"a lot of fun , with an undeniable energy sparked by two actresses in their 50s working at the peak of their powers .",1
2915,1146,"at a time when half the so-called real movies are little more than live-action cartoons , it's refreshing to see a cartoon that knows what it is , and knows the form's history .",1
1533,1173,[d]oesn't bother being as cloying or preachy as equivalent evangelical christian movies -- maybe the filmmakers know that the likely audience will already be among the faithful .,1
385,796,"thoughtful , provocative and entertaining .",1
930,1216,the film's snags and stumblings are more than compensated for by its wryly subversive tone .,1
3974,455,not too far below the gloss you can still feel director denis villeneuve's beating heart and the fondness he has for his characters .,1
2672,2489,"the otherwise good-naturedness of mr . deeds , with its embrace of sheer goofiness and cameos of less- than-likely new york celebrities . . . certainly raises the film above anything sandler's been attached to before .",1
1181,4235,ranges from laugh-out-loud hilarious to wonder-what- time-it-is tedious .,1
2674,3239,tsai convincingly paints a specifically urban sense of disassociation here .,1
1853,1430,"harris commands the screen , using his frailty to suggest the ravages of a life of corruption and ruthlessness .",1
3367,567,"although the editing might have been tighter , hush ! sympathetically captures the often futile lifestyle of young people in modern japan .",1
403,7919,so aggressively cheery that pollyana would reach for a barf bag .,0
573,2097,darkly funny and frequently insightful .,1
318,1061,". . . an otherwise intense , twist-and-turn thriller that certainly shouldn't hurt talented young gaghan's resume .",1
3945,3201,"with wit and empathy to spare , waydowntown acknowledges the silent screams of workaday inertia but stops short of indulging its characters' striving solipsism .",1
2461,3901,"the genius of the work speaks volumes , offering up a hallucinatory dreamscape that frustrates and captivates .",1
1663,3226,the film is darkly funny in its observation of just how much more grueling and time-consuming the illusion of work is than actual work .,1
3747,831,""" auto focus "" works as an unusual biopic and document of male swingers in the playboy era",1
3400,3034,kiarostami has crafted a deceptively casual ode to children and managed to convey a tiny sense of hope .,1
457,2741,"not the best herzog perhaps , but unmistakably herzog .",1
2003,4465,"there's undeniable enjoyment to be had from films crammed with movie references , but the fun wears thin -- then out -- when there's nothing else happening .",0
1346,1144,an intriguing cinematic omnibus and round-robin that occasionally is more interesting in concept than in execution .,1
4639,3439,mordantly funny and intimately knowing . . .,1
334,3958,offers a guilt-free trip into feel-good territory .,1
620,3271,". . . wallace is smart to vary the pitch of his movie , balancing deafening battle scenes with quieter domestic scenes of women back home receiving war department telegrams .",1
1207,3007,the film grows on you . and how .,1
912,2015,"charlotte sometimes is a brilliant movie . it is about irrational , unexplainable life and it seems so real because it does not attempt to filter out the complexity .",1
3071,3486,hardly a film that comes along every day .,1
3586,649,"the path ice age follows most closely , though , is the one established by warner bros . giant chuck jones , who died a matter of weeks before the movie's release .",1
3090,3255,rodriguez has the chops of a smart-aleck film school brat and the imagination of a big kid . . .,1
3487,2542,"if you haven't seen the film lately , you may be surprised at the variety of tones in spielberg's work . much of it is funny , but there are also some startling , surrealistic moments . . .",1
1990,1571,"for devotees of french cinema , safe conduct is so rich with period minutiae it's like dying and going to celluloid heaven .",1
1544,2164,"young everlyn sampi , as the courageous molly craig , simply radiates star-power potential in this remarkable and memorable film .",1
2931,904,invincible is a wonderful movie .,1
401,7781,the filmmakers needed more emphasis on the storytelling and less on the glamorous machine that thrusts the audience into a future they won't much care about .,0
2576,1228,"maud and roland's search for an unknowable past makes for a haunting literary detective story , but labute pulls off a neater trick in possession : he makes language sexy .",1
487,3713,"dong shows how intolerance has the power to deform families , then tear them apart .",1
1497,267,"all the performances are top notch and , once you get through the accents , all or nothing becomes an emotional , though still positive , wrench of a sit .",1
2863,2376,"notwithstanding my problem with the movie's final half hour , i'm going to recommend secretary , based on the wonderful acting clinic put on by spader and gyllenhaal , and also the unique way shainberg goes about telling what at heart is a sweet little girl-",1
4006,2265,"it won't hold up over the long haul , but in the moment , finch's tale provides the forgettable pleasures of a saturday matinee .",1
3547,251,one of the greatest romantic comedies of the past decade .,1
4175,2419,what a bewilderingly brilliant and entertaining movie this is .,1
1532,3090,"even these tales of just seven children seem at times too many , although in reality they are not enough . every child's story is what matters . this film can only point the way -- but thank goodness for this signpost .",1
3846,5953,"without the dark spookiness of crystal lake camp , the horror concept completely loses its creepy menace .",0
1003,3814,"the movie should jolt you out of your seat a couple of times , give you a few laughs , and leave you feeling like it was worth your seven bucks , even though it does turn out to be a bit of a cheat in the end .",1
2423,1152,. . . takes the beauty of baseball and melds it with a story that could touch anyone regardless of their familiarity with the sport,1
4186,3912,"in xxx , diesel is that rare creature -- an action hero with table manners , and one who proves that elegance is more than tattoo deep .",1
2132,3789,there are some movies that hit you from the first scene and you know it's going to be a trip . igby goes down is one of those movies .,1
3780,2955,a very capable nailbiter .,1
1639,2883,"lejos del paraíso es al mismo tiempo una fiesta para los ojos y oídos y un movilizador cuadro de personajes enfrentados a sus propios deseos , miedos y prejuicios .",1
3713,863,it's a beautifully accomplished lyrical meditation on a bunch of despondent and vulnerable characters living in the renown chelsea hotel . . .,1
2300,3584,the directive to protect the code at all costs also begins to blur as the importance of the man and the code merge,1
187,2276,"in his u . s . debut , mr . schnitzler proves himself a deft pace master and stylist .",1
4036,755,"a recent favourite at sundance , this white-trash satire will inspire the affection of even those unlucky people who never owned a cassette of def leppard's pyromania .",1
2570,5049,"when mr . hundert tells us in his narration that 'this is a story without surprises , ' we nod in agreement .",0
4241,5021,forget the psychology 101 study of romantic obsession and just watch the procession of costumes in castles and this won't seem like such a bore .,0
261,219,"though this film can be clumsy , its ambitions are equally -- and admirably -- uncommercial .",1
619,3218,"captures that perverse element of the kafkaesque where identity , overnight , is robbed and replaced with a persecuted "" other . """,1
1879,2821,strange and beautiful film .,1
3269,3129,"the plot of the comeback curlers isn't very interesting actually , but what i like about men with brooms and what is kind of special is how the film knows what's unique and quirky about canadians .",1
3088,4327,"the cumulative effect of watching this 65-minute trifle is rather like being trapped while some weird relative trots out the video he took of the family vacation to stonehenge . before long , you're desperate for the evening to end .",0
1617,5258,"howard and his co-stars all give committed performances , but they're often undone by howard's self-conscious attempts to find a 'literary' filmmaking style to match his subject .",0
4289,2077,a knowing sense of humor and a lot of warmth ignite son of the bride .,1
3046,2483,"the emperor's club , ruthless in its own placid way , finds one of our most conservative and hidebound movie-making traditions and gives it new texture , new relevance , new reality .",1
3638,2371,"watching war photographer , you come to believe that nachtwey hates the wars he shows and empathizes with the victims he reveals .",1
611,2941,"may lack the pungent bite of its title , but it's an enjoyable trifle nonetheless .",1
660,1098,"chilling , well-acted , and finely directed : david jacobson's dahmer .",1
2714,375,"although it bangs a very cliched drum at times , this crowd-pleaser's fresh dialogue , energetic music , and good-natured spunk are often infectious .",1
1250,383,"as green-guts monster movies go , it's a beaut .",1
557,998,it's a bittersweet and lyrical mix of elements .,1
510,910,"cuts right through the b . s . giving a big middle-fingered "" shut up "" to those who talk up what is nothing more than two guys beating the hell outta one another .",1
193,1453,a grimly competent and stolid and earnest military courtroom drama .,1
4552,4173,"É uma pena que , mais tarde , o próprio filme abandone o tom de paródia e passe a utilizar os mesmos clichês que havia satirizado .",1
2358,7198,'how many more voyages can this limping but dearly-loved franchise survive ? ',0
1902,1408,not since japanese filmmaker akira kurosawa's ran have the savagery of combat and the specter of death been visualized with such operatic grandeur .,1
1682,11,what really surprises about wisegirls is its low-key quality and genuine tenderness .,1
3501,2291,deepa mehta provides an accessible introduction as well as some intelligent observations on the success of bollywood in the western world .,1
1919,2595,"a brisk , reverent , and subtly different sequel .",1
2650,1917,"the hard-to-predict and absolutely essential chemistry between the down-to-earth bullock and the nonchalant grant proves to be sensational , and everything meshes in this elegant entertainment .",1
1189,2558,"anyone who's ever suffered under a martinet music instructor has no doubt fantasized about what an unhappy , repressed and twisted personal life their tormentor deserved . these people are really going to love the piano teacher .",1
1452,2621,"terrific as nadia , a russian mail-order bride who comes to america speaking not a word of english , it's kidman who holds the film together with a supremely kittenish performance that gradually accumulates more layers .",1
3683,2622,"with an unflappable air of decadent urbanity , everett remains a perfect wildean actor , and a relaxed firth displays impeccable comic skill .",1
1673,3451,". . . while dark water isn't a complete wash ( no pun intended ) , watched side-by-side with ringu , it ultimately comes off as a pale successor .",1
1459,2053,"warm in its loving yet unforgivingly inconsistent depiction of everyday people , relaxed in its perfect quiet pace and proud in its message . i loved this film .",1
4067,3184,[barry] gives assassin a disquieting authority .,1
2745,2163,"real women may have many agendas , but it also will win you over , in a big way .",1
3842,2904,"the way the roundelay of partners functions , and the interplay within partnerships and among partnerships and the general air of gator-bashing are consistently delightful .",1
2800,1118,huston nails both the glad-handing and the choking sense of hollow despair .,1
4436,1474,"drops you into a dizzying , volatile , pressure-cooker of a situation that quickly snowballs out of control , while focusing on the what much more than the why .",1
4447,1088,"a celebration of quirkiness , eccentricity , and certain individuals' tendency to let it all hang out , and damn the consequences .",1
3781,244,"though mama takes a bit too long to find its rhythm and a third-act plot development is somewhat melodramatic , its ribald humor and touching nostalgia are sure to please anyone in search of a jules and jim for the new millennium .",1
628,1990,"by the standards of knucklehead swill , the hot chick is pretty damned funny .",1
3901,2255,"it's a lovely , eerie film that casts an odd , rapt spell .",1
1002,3472,the dragons are the real stars of reign of fire and you won't be disappointed .,1
666,2515,visually striking and viscerally repellent .,1
4018,776,"occasionally , in the course of reviewing art-house obscurities and slam-bam action flicks , a jaded critic smacks into something truly new .",1
3107,1326,the son's room is a triumph of gentility that earns its moments of pathos .,1
365,3818,"in between all the emotional seesawing , it's hard to figure the depth of these two literary figures , and even the times in which they lived . but they fascinate in their recklessness .",1
3321,3431,a hallmark film in an increasingly important film industry and worth the look .,1
2984,7183,"human nature talks the talk , but it fails to walk the silly walk that distinguishes the merely quirky from the surreal .",0
4,3203,the kind of sweet-and-sour insider movie that film buffs will eat up like so much gelati .,1
840,5811,the movie's accumulated force still feels like an ugly knot tightening in your stomach . but is that knot from dramatic tension or a symptom of artistic malnutrition ?,0
610,205,"a somewhat crudely constructed but gripping , questing look at a person so racked with self-loathing , he becomes an enemy to his own race .",1
4503,1834,reveals how important our special talents can be when put in service of of others . it also shows how deeply felt emotions can draw people together across the walls that might otherwise separate them .,1
1295,480,quite funny for the type of movie it is . . .,1
4361,373,"hey , who else needs a shower ?",1
325,1785,"a first-class road movie that proves you can run away from home , but your ego and all your problems go with you .",1
2264,7005,"earnest but earthbound . . . a slow , soggy , soporific , visually dank crime melodrama/character study that would be more at home on the small screen but for its stellar cast .",0
3064,995,"an uplifting , near-masterpiece .",1
1552,982,"without resorting to hyperbole , i can state that kissing jessica stein may be the best same-sex romance i have seen .",1
1740,2998,a flawed but engrossing thriller .,1
1726,2046,a disturbing examination of what appears to be the definition of a 'bad' police shooting .,1
3952,3333,"filmmakers dana janklowicz-mann and amir mann area headed east , far east , in retelling a historically significant , and personal , episode detailing how one international city welcomed tens of thousands of german jewish refugees while the world's democracie",1
837,268,""" its successes are also tempered with elements which prove the direct antithesis of what it gets right . """,1
3392,1318,"it just may inspire a few younger moviegoers to read stevenson's book , which is a treasure in and of itself .",1
1985,688,a beautiful and haunting examination of the stories we tell ourselves to make sense of the mundane horrors of the world .,1
1356,3373,"while this gentle and affecting melodrama will have luvvies in raptures , it's far too slight and introspective to appeal to anything wider than a niche audience .",1
3966,3367,"the film doesn't sustain its initial promise with a jarring , new-agey tone creeping into the second half",1
3875,2153,nothing can detract from the affection of that moral favorite : friends will be friends through thick and thin .,1
2786,3911,abderrahmane sissako's heremakono ( waiting for happiness ) is an elegiac portrait of a transit city on the west african coast struggling against foreign influences .,1
2352,283,it's almost impossible not to be moved by the movie's depiction of sacrifice and its stirring epilogue in post-soviet russia .,1
1571,2487,"the message of such reflections--intentional or not--is that while no art grows from a vacuum , many artists exist in one .",1
3623,2196,"muccino seems to be exploring the idea of why human beings long for what they don't have , and how this gets us in trouble . but even while his characters are acting horribly , he is always sympathetic .",1
2595,1053,"the band's courage in the face of official repression is inspiring , especially for aging hippies ( this one included ) .",1
317,3445,"an ambitious movie that , like shiner's organizing of the big fight , pulls off enough of its effects to make up for the ones that don't come off .",1
3521,1209,"nine queens is not only than a frighteningly capable debut and genre piece , but also a snapshot of a dangerous political situation on the verge of coming to a head .",1
1650,2155,"unlike most anime , whose most ardent fans outside japan seem to be introverted young men with fantasy fetishes , metropolis never seems hopelessly juvenile .",1
3148,2967,"this one is not nearly as dreadful as expected . in fact , it's quite fun in places .",1
2457,1278,"bleakly funny , its characters all the more touching for refusing to pity or memorialize themselves .",1
1624,933,"mixes likeable personalities , inventive photography and cutting , and wall-to-wall toe-tapping music to paint a picture of a subculture that is at once exhilarating , silly , perverse , hopeful and always fun .",1
873,2528,slight but enjoyable documentary .,1
1916,2070,"as a film director , labute continues to improve .",1
260,3578,"that rare movie that works on any number of levels -- as a film of magic and whimsy for children , a heartfelt romance for teenagers and a compelling argument about death , both pro and con , for adults .",1
2778,8212,seems like someone going through the motions .,0
2834,3869,"the pinochet case is a searing album of remembrance from those who , having survived , suffered most .",1
2480,361,energetic and boldly provocative .,1
3274,3224,"with dickens' words and writer-director douglas mcgrath's even-toned direction , a ripping good yarn is told .",1
2054,3977,"the film is darkly atmospheric , with herrmann quietly suggesting the sadness and obsession beneath hearst's forced avuncular chortles .",1
333,1828,"( caine ) proves once again he hasn't lost his touch , bringing off a superb performance in an admittedly middling film .",1
1210,3547,"hugely entertaining from start to finish , featuring a fall from grace that still leaves shockwaves , it will gratify anyone who has ever suspected hollywood of being overrun by corrupt and hedonistic weasels .",1
4504,8405,"solondz may be convinced that he has something significant to say , but he isn't talking a talk that appeals to me .",0
1542,3646,what doesn't this film have that an impressionable kid couldn't stand to hear ?,1
980,2809,"an undeniably gorgeous , terminally smitten document of a troubadour , his acolytes , and the triumph of his band .",1
1094,2520,"the year 2002 has conjured up more coming-of-age stories than seem possible , but take care of my cat emerges as the very best of them .",1
4094,2137,"a sly female empowerment movie , although not in a way anyone would expect .",1
3267,1274,"dazzling in its complexity , disturbing for its extraordinary themes , the piano teacher is a film that defies categorisation . it haunts , horrifies , startles and fascinates ; it is impossible to look away . ah yes , and then there's the music . . .",1
1482,1773,"tsai has a well-deserved reputation as one of the cinema world's great visual stylists , and in this film , every shot enhances the excellent performances .",1
3679,6963,"truth to tell , if you've seen more than half-a-dozen horror films , there's nothing here you haven't seen before .",0
1599,2117,a fascinating documentary about the long and eventful spiritual journey of the guru who helped launch the new age .,1
4535,1052,"you'll gasp appalled and laugh outraged and possibly , watching the spectacle of a promising young lad treading desperately in a nasty sea , shed an errant tear .",1
979,256,it ultimately stands forth as an important chronicle of the abuses of one of latin america's most oppressive regimes .,1
4666,6282,there's enough melodrama in this magnolia primavera to make pta proud yet director muccino's characters are less worthy of puccini than they are of daytime television .,0
3898,1437,trademark american triteness and simplicity are tossed out the window with the intelligent french drama that deftly explores the difficult relationship between a father and son .,1
289,2682,"stands as a document of what it felt like to be a new yorker -- or , really , to be a human being -- in the weeks after 9/11 .",1
1816,3926,a tour de force drama about the astonishingly pivotal role of imagination in the soulful development of two rowdy teenagers .,1
1425,72,"a truly moving experience , and a perfect example of how art -- when done right -- can help heal , clarify , and comfort .",1
2235,4201,"if the film fails to fulfill its own ambitious goals , it nonetheless sustains interest during the long build-up of expository material .",1
3743,156,"sweet home alabama "" is what it is  a nice , harmless date film . . .",1
3706,1600,"the story . . . is inspiring , ironic , and revelatory of just how ridiculous and money-oriented the record industry really is . it is also a testament to the integrity and vision of the band .",1
1089,2303,"dogtown and z-boys more than exposes the roots of the skateboarding boom that would become "" the punk kids' revolution . """,1
1328,3597,oddly compelling .,1
986,2605,the film presents visceral and dangerously honest revelations about the men and machines behind the curtains of our planet .,1
1898,3392,"what could have easily become a cold , calculated exercise in postmodern pastiche winds up a powerful and deeply moving example of melodramatic moviemaking .",1
1508,3651,"a full experience , a love story and a murder mystery that expands into a meditation on the deep deceptions of innocence .",1
701,700,"from the big giant titles of the opening credits to elmer bernstein's perfectly melodic score , haynes gets just about everything right .",1
35,987,"this is cool , slick stuff , ready to quench the thirst of an audience that misses the summer blockbusters .",1
4000,2862,robert harmon's less-is-more approach delivers real bump-in -the-night chills -- his greatest triumph is keeping the creepy crawlies hidden in the film's thick shadows .,1
2586,4910,"kurys never shows why , of all the period's volatile romantic lives , sand and musset are worth particular attention .",0
118,2984,"anyone who welcomes a dash of the avant-garde fused with their humor should take pleasure in this crazed , joyous romp of a film .",1
3082,515,"daughter from danang is a film that should be seen by all , especially those who aren't aware of , or have forgotten about the unmentioned victims of war .",1
1359,5329,the movie is undone by a filmmaking methodology that's just experimental enough to alienate the mainstream audience while ringing cliched to hardened indie-heads .,0
4455,3013,"some movies suck you in despite their flaws , and heaven is one such beast .",1
3895,2478,"the bourne identity shouldn't be half as entertaining as it is , but director doug liman and his colleagues have managed to pack it with enough action to satisfy the boom-bam crowd without a huge sacrifice of character and mood .",1
1774,747,the perfect film for those who like sick comedies that can be snide .,1
2510,4104,this is a film that manages to find greatness in the hue of its drastic iconography .,1
394,3194,"as antonia is assimilated into this newfangled community , the film settles in and becomes compulsively watchable in a guilty-pleasure , daytime-drama sort of fashion .",1
1153,4251,"the farcical elements seemed too pat and familiar to hold my interest , yet its diverting grim message is a good one .",1
4664,3606,one of the best movies of the year .,1
3140,2034,a moving and solidly entertaining comedy/drama that should bolster director and co-writer juan josé campanella's reputation in the united states .,1
3038,160,"the film is faithful to what one presumes are the book's twin premises -- that we become who we are on the backs of our parents , but we have no idea who they were at our age ; and that time is a fleeting and precious commodity no matter how old you are .",1
490,28,"at about 95 minutes , treasure planet maintains a brisk pace as it races through the familiar story . however , it lacks grandeur and that epic quality often associated with stevenson's tale as well as with earlier disney efforts .",1
1652,3798,the chateau is a risky venture that never quite goes where you expect and often surprises you with unexpected comedy .,1
4449,410,"most impressive , though , is the film's open-ended finale that refuses to entirely close its characters' emotional wounds .",1
4427,105,"if it's possible for a sequel to outshine the original , then sl2 does just that .",1
2434,441,"only an epic documentary could get it all down , and spike lee's jim brown : all american at long last gives its subject a movie worthy of his talents .",1
4347,5842,shrewd but pointless .,0
3355,3702,"for a film that's being advertised as a comedy , sweet home alabama isn't as funny as you'd hoped . for a film that's being advertised as a comedy , sweet home alabama isn't as funny as you'd hoped .",1
183,440,recalls quiet freak-outs like l'avventura and repulsion .,1
2970,2899,"take care is nicely performed by a quintet of actresses , but nonetheless it drags during its 112-minute length .",1
4129,2865,a compelling film .,1
3204,1894,an entertaining documentary that freshly considers arguments the bard's immortal plays were written by somebody else .,1
396,4564,"this slow-moving swedish film offers not even a hint of joy , preferring to focus on the humiliation of martin as he defecates in bed and urinates on the plants at his own birthday party .",0
2375,2743,"rehearsals are frequently more fascinating than the results . last dance , whatever its flaws , fulfills one facet of its mission in making me want to find out whether , in this case , that's true .",1
1737,1884,"hollywood ending is not show-stoppingly hilarious , but scathingly witty nonetheless .",1
4686,2895,"witty and often surprising , a dark little morality tale disguised as a romantic comedy .",1
3322,5391,it gets the details of its time frame right but it completely misses its emotions .,0
1092,3346,chaiken ably balances real-time rhythms with propulsive incident .,1
1386,2351,"chilling in its objective portrait of dreary , lost twenty-first century america .",1
2335,5044,a peculiar misfire that even tunney can't save .,0
337,608,offers enough playful fun to entertain the preschool set while embracing a wholesome attitude .,1
3948,2571,a truly wonderful tale combined with stunning animation .,1
765,3752,"una película oscura , precisa , por momentos grandiosa y casi siempre conmovedora .",1
3381,2752,"bloody sunday has the grace to call for prevention rather than to place blame , making it one of the best war movies ever made . it's a movie that accomplishes so much that one viewing can't possibly be enough .",1
2726,353,"a tender and touching drama , based on the true story of a troubled african-american's quest to come to terms with his origins , reveals the yearning we all have in our hearts for acceptance within the family circle .",1
1846,2610,"it's a cool event for the whole family . maybe not a classic , but a movie the kids will want to see over and over again .",1
2538,514,"a bowel-curdling , heart-stopping recipe for terror .",1
1565,3340,"sorvino is delightful in the central role . she nearly glows with enthusiasm , sensuality and a conniving wit .",1
3207,1864,"strange it is , but delightfully so .",1
3758,3272,"combines sharp comedy , old-fashioned monster movie atmospherics , and genuine heart to create a film that's not merely about kicking undead * * * , but also about dealing with regret and , ultimately , finding redemption .",1
1472,817,"though the controversial korean filmmaker's latest effort is not for all tastes , it offers gorgeous imagery , effective performances , and an increasingly unsettling sense of foreboding .",1
1320,2969,a biopic about crane's life in the classic tradition but evolves into what has become of us all in the era of video .,1
153,108,the film is often filled with a sense of pure wonderment and excitement not often seen in today's cinema du sarcasm,1
236,1545,"the inspirational screenplay by mike rich covers a lot of ground , perhaps too much , but ties things together , neatly , by the end .",1
1311,4087,coral reef adventure is a heavyweight film that fights a good fight on behalf of the world's endangered reefs -- and it lets the pictures do the punching .,1
686,763,"de oliveira creates an emotionally rich , poetically plump and visually fulsome , but never showy , film whose bittersweet themes are reinforced and brilliantly personified by michel piccoli .",1
530,1051,"unlike the speedy wham-bam effect of most hollywood offerings , character development -- and more importantly , character empathy -- is at the heart of italian for beginners .",1
1701,543,the inherent strength of the material as well as the integrity of the filmmakers gives this coming-of-age story restraint as well as warmth .,1
2734,2750,"your response to its new sequel , analyze that , may hinge on what you thought of the first film .",1
1770,3944,"muccino , who directed from his own screenplay , is a canny crowd pleaser , and the last kiss . . . provides more than enough sentimental catharsis for a satisfying evening at the multiplex .",1
2427,1009,"a blessed gift to film geeks and historians . if the '70's were your idea of a good time at the movies , this will make you very happy .",1
4235,1106,one of the best films of the year with its exploration of the obstacles to happiness faced by five contemporary individuals . . . a psychological masterpiece .,1
2765,2373,some may choose to interpret the film's end as hopeful or optimistic but i think payne is after something darker .,1
2081,777,"a miniscule little bleep on the film radar , but one that many more people should check out",1
879,5139,"the movie , while beautiful , feels labored , with a hint of the writing exercise about it .",0
4582,3270,scott delivers a terrific performance in this fascinating portrait of a modern lothario .,1
1087,1987,"methodical , measured , and gently tedious in its comedy , secret ballot is a purposefully reductive movie -- which may be why it's so successful at lodging itself in the brain .",1
3023,1482,"the sort of film that makes me miss hitchcock , but also feel optimistic that there's hope for popular cinema yet .",1
170,4214,one of the film's most effective aspects is its tchaikovsky soundtrack of neurasthenic regret .,1
2600,3020,"if you're content with a clever pseudo-bio that manages to have a good time as it doles out pieces of the famous director's life , eisenstein delivers .",1
659,1550,"an artful , intelligent film that stays within the confines of a well-established genre .",1
2432,132,"merely as a technical , logistical feat , russian ark marks a cinematic milestone .",1
3628,78,haneke challenges us to confront the reality of sexual aberration .,1
201,3946,"wow , so who knew charles dickens could be so light-hearted ?",1
1697,3667,"much of the lady and the duke is about quiet , decisive moments between members of the cultural elite as they determine how to proceed as the world implodes .",1
3374,522,"smith's point is simple and obvious -- people's homes are extensions of themselves , and particularly eccentric people have particularly eccentric living spaces -- but his subjects are charmers .",1
2967,3732,[a] smarter and much funnier version of the old police academy flicks .,1
3095,3372,"the members manage to pronounce kok exactly as you think they might , thus giving the cast ample opportunity to use that term as often as possible . it's very beavis and butthead , yet always seems to elicit a chuckle .",1
362,6054,the notion that bombing buildings is the funniest thing in the world goes entirely unexamined in this startlingly unfunny comedy .,0
3325,1574,an absurdist spider web .,1
2707,2368,"the wonder of mostly martha is the performance of gedeck , who makes martha enormously endearing .",1
169,6319,you can practically smell the patchouli oil .,0
241,2762,it's anchored by splendid performances from an honored screen veteran and a sparkling newcomer who instantly transform themselves into a believable mother/daughter pair .,1
1091,481,"it's often infuriatingly glib and posturing , and yet it has been made with great evident care and manages to deliver up the man in a way to arouse further curiosity in even the most unknowing viewer .",1
432,2399,"the movie ultimately relies a bit too heavily on grandstanding , emotional , rocky-like moments . . . but it's such a warm and charming package that you'll feel too happy to argue much .",1
2956,2348,"you emerge dazed , confused as to whether you've seen pornography or documentary .",1
2280,683,"it is risky , intelligent , romantic and rapturous from start to finish .",1
1266,7,perhaps no picture ever made has more literally showed that the road to hell is paved with good intentions .,1
689,2754,"in the new release of cinema paradiso , the tale has turned from sweet to bittersweet , and when the tears come during that final , beautiful scene , they finally feel absolutely earned .",1
4065,1714,there is truth here,1
1958,2213,"the results , if not memorable , are at least interesting .",1
1101,813,a dream cast of solid female talent who build a seamless ensemble . there isn't a weak or careless performance amongst them .,1
3761,1980,""" catch me "" feels capable of charming the masses with star power , a pop-induced score and sentimental moments that have become a spielberg trademark .",1
2739,4355,"a portrait of alienation so perfect , it will certainly succeed in alienating most viewers .",0
1996,3983,"with a large cast representing a broad cross-section , tavernier's film bounds along with the rat-a-tat energy of "" his girl friday , "" maintaining a light touch while tackling serious themes .",1
3285,641,troubling and powerful .,1
4209,3989,a mildly enjoyable if toothless adaptation of a much better book .,1
4061,2757,the film is full of charm .,1
2514,66,"morton is a great actress portraying a complex character , but morvern callar grows less compelling the farther it meanders from its shocking start .",1
3920,300,"morton is , as usual , brilliant .",1
1612,6993,two-bit potboiler .,0
1604,3675,"a naturally funny film , home movie makes you crave chris smith's next movie .",1
2715,3191,"an intelligent and deeply felt work about impossible , irrevocable choices and the price of making them .",1
2744,1517,"smart , provocative and blisteringly funny .",1
3983,1704,"cineasts will revel in those visual in-jokes , as in the film's verbal pokes at everything from the likes of miramax chief harvey weinstein's bluff personal style to the stylistic rigors of denmark's dogma movement .",1
1204,2268,". . . hits every cliche we've come to expect , including the assumption that "" crazy "" people are innocent , childlike and inherently funny .",1
914,7475,it drowns in sap .,0
45,758,"bright seems alternately amused and disgusted with this material , and he can't help throwing in a few of his own touches .",1
1294,3868,"a stirring , funny and finally transporting re-imagining of beauty and the beast and 1930s horror films",1
3457,2766,"last orders nurtures the multi-layers of its characters , allowing us to remember that life's ultimately a gamble and last orders are to be embraced . it's affecting , amusing , sad and reflective .",1
1710,3120,"when the movie mixes the cornpone and the cosa nostra , it finds a nice rhythm .",1
3480,3986,jarecki and gibney do find enough material to bring kissinger's record into question and explain how the diplomat's tweaked version of statecraft may have cost thousands and possibly millions of lives .,1
860,501,a psychologically rich and suspenseful moral thriller with a stellar performance by al pacino .,1
97,2054,"it provides a grim , upsetting glimpse at the lives of some of the 1 . 2 million palestinians who live in the crowded cities and refugee camps of gaza .",1
3481,404,"the talents of the actors helps "" moonlight mile "" rise above its heart-on-its-sleeve writing .",1
1086,2403,a decent-enough nail-biter that stands a good chance of being the big hit franklin needs to stay afloat in hollywood .,1
2900,3671,provides a satisfactory overview of the bizarre world of extreme athletes as several daredevils express their own views .,1
3247,323,will grab your children by the imagination and amaze them and amuse them .,1
210,1621,the movie is pretty funny now and then without in any way demeaning its subjects .,1
2835,4099,this one is strictly a lightweight escapist film .,1
1867,10,"this is a film well worth seeing , talking and singing heads and all .",1
1492,3831,"the two leads , nearly perfect in their roles , bring a heart and reality that buoy the film , and at times , elevate it to a superior crime movie .",1
2620,48,tender yet lacerating and darkly funny fable .,1
3311,1148,"hoffman notches in the nuances of pain , but his smart , edgy voice and waddling profile ( emphasized here ) accent the humor of wilson's plight , and that saves his pathos from drippiness .",1
3797,1315,"even if you don't think [kissinger's] any more guilty of criminal activity than most contemporary statesmen , he'd sure make a courtroom trial great fun to watch .",1
2043,1270,"awesome creatures , breathtaking scenery , and epic battle scenes add up to another 'spectacular spectacle . '",1
2991,2395,'like a child with an important message to tell . . . [skins'] faults are easy to forgive because the intentions are lofty . ',1
1040,1508,jones . . . does offer a brutal form of charisma .,1
3229,2331,"thanks to the château's balance of whimsicality , narrative discipline and serious improvisation , almost every relationship and personality in the film yields surprises .",1
3728,2768,"el peso de un líquido incoloro , el peso del líquido vital , del amor como elemento de vida , y de muerte . . .",1
3634,4164,"like mike is a harmlessly naïve slice of b-ball fantasy , fit for filling in during the real nba's off-season .",1
3866,3613,"the trick when watching godard is to catch the pitch of his poetics , savor the pleasure of his sounds and images , and ponder the historical , philosophical , and ethical issues that intersect with them .",1
647,881,those with an interest in new or singular sorts of film experiences will find what time is it there ? well worth the time .,1
2150,4169,probes in a light-hearted way the romantic problems of individuals for whom the yearning for passion spells discontent .,1
1169,3871,"argento , at only 26 , brings a youthful , out-to-change-the-world aggressiveness to the project , as if she's cut open a vein and bled the raw film stock .",1
1006,4249,stock up on silver bullets for director neil marshall's intense freight train of a film .,1
3091,529,the smartest bonehead comedy of the summer .,1
112,6962,looks like a high school film project completed the day before it was due .,0
1551,3979,". . . the story , like ravel's bolero , builds to a crescendo that encompasses many more paths than we started with .",1
823,557,"the laser-projected paintings provide a spell-casting beauty , while russell and dreyfus are a romantic pairing of hearts , preciously exposed as history corners them .",1
2050,3695,a manically generous christmas vaudeville .,1
2699,3427,a keep-'em-guessing plot and an affectionate take on its screwed-up characters .,1
83,2925,"suspend your disbelief here and now , or you'll be shaking your head all the way to the credits .",1
751,3780,"the ensemble cast turns in a collectively stellar performance , and the writing is tight and truthful , full of funny situations and honest observations .",1
1269,403,an enchanting spectacular for potter fans anxious to ride the hogwarts express toward a new year of magic and mischief .,1
865,12,"( wendigo is ) why we go to the cinema : to be fed through the eye , the heart , the mind .",1
722,1674,poignant and delicately complex .,1
2548,3686,"from the dull , surreal ache of mortal awareness emerges a radiant character portrait .",1
16,4224,"lovely and amazing is holofcener's deep , uncompromising curtsy to women she knows , and very likely is . when all is said and done , she loves them to pieces -- and so , i trust , will you .",1
529,7013,a very average science fiction film .,0
1837,1854,"directing with a sure and measured hand , [haneke] steers clear of the sensational and offers instead an unflinching and objective look at a decidedly perverse pathology .",1
3096,3214,a moving and stark reminder that the casualties of war reach much further than we imagine .,1
4381,814,"smart science fiction for grown-ups , with only a few false steps along the way .",1
2108,2641,"the subtitled costume drama is set in a remote african empire before cell phones , guns , and the internal combustion engine , but the politics that thump through it are as timely as tomorrow .",1
1811,130,"it's not exactly a gourmet meal but the fare is fair , even coming from the drive-thru .",1
2847,3883,"the off-center humor is a constant , and the ensemble gives it a buoyant delivery .",1
4568,405,"it's a humble effort , but spiced with wry humor and genuine pathos , especially between morgan and redgrave .",1
2627,3962,"director todd solondz has made a movie about critical reaction to his two previous movies , and about his responsibility to the characters that he creates .",1
352,2764,"fathers and sons , and the uneasy bonds between them , rarely have received such a sophisticated and unsentimental treatment on the big screen as they do in this marvelous film .",1
1699,7034,". . . just a big mess of a movie , full of images and events , but no tension or surprise .",0
3446,2381,". . . with the gifted pearce on hand to keep things on semi-stable ground dramatically , this retooled machine is ultimately effective enough at achieving the modest , crowd-pleasing goals it sets for itself .",1
305,3132,could this be the first major studio production shot on video tape instead of film ?,1
445,4043,a film of quiet power .,1
3110,1276,"although jackson is doubtless reserving the darkest hours for the return of the king , we long for a greater sense of urgency in the here and now of the two towers .",1
2861,4760,what we get . . . is caddyshack crossed with the loyal order of raccoons .,0
1318,2620,the riveting performances by the incredibly flexible cast make love a joy to behold .,1
341,779,""" 13 conversations "" holds its goodwill close , but is relatively slow to come to the point .",1
4306,1983,"despite besson's high-profile name being wasabi's big selling point , there is no doubt that krawczyk deserves a huge amount of the credit for the film's thoroughly winning tone .",1
652,1213,"third time's the charm . . . yeah , baby !",1
2213,3513,"there aren't too many films that can be as simultaneously funny , offbeat and heartwarming ( without a thick shmear of the goo , at least ) , but "" elling "" manages to do all three quite well , making it one of the year's most enjoyable releases .",1
998,2819,"as chilling and fascinating as philippe mora's modern hitler-study , snide and prejudice .",1
3100,2782,me without you has a bracing truth that's refreshing after the phoniness of female-bonding pictures like divine secrets of the ya-ya sisterhood .,1
1905,3241,an unorthodox little film noir organized crime story that includes one of the strangest love stories you will ever see .,1
3863,1440,"an entertaining , colorful , action-filled crime story with an intimate heart .",1
4115,483,"this boisterous comedy serves up a cruel reminder of the fate of hundreds of thousands of chinese , one which can only qualify as a terrible tragedy .",1
3937,4042,"skins has a desolate air , but eyre , a native american raised by white parents , manages to infuse the rocky path to sibling reconciliation with flashes of warmth and gentle humor .",1
4482,4974,wildly incompetent but brilliantly named half past dead -- or for seagal pessimists : totally past his prime .,0
3512,3246,plummer steals the show without resorting to camp as nicholas' wounded and wounding uncle ralph . it's a great performance and a reminder of dickens' grandeur .,1
4419,1763,"stuffed to the brim with ideas , american instigator michael moore's film is a rambling examination of american gun culture that uses his usual modus operandi of crucifixion through juxtaposition .",1
4096,97,writer-director burger imaginatively fans the embers of a dormant national grief and curiosity that has calcified into chronic cynicism and fear .,1
2636,7770,a thriller without thrills and a mystery devoid of urgent questions .,0
4642,3136,cube's charisma and chemistry compensate for corniness and cliche .,1
4684,4225,campbell scott finds the ideal outlet for his flick-knife diction in the role of roger swanson .,1
2689,7143,"johnson has , in his first film , set himself a task he is not nearly up to .",0
2855,1112,"it's worth seeing just on the basis of the wisdom , and at times , the startling optimism , of the children .",1
2781,3128,"'possession , ' based on the book by a . s . byatt , demands that labute deal with the subject of love head-on ; trading in his cynicism for reverence and a little wit",1
3675,7579,"think the lion king redone for horses , with fewer deliberate laughs , more inadvertent ones and stunningly trite songs by bryan adams , the world's most generic rock star .",0
2291,2121,"it's still a comic book , but maguire makes it a comic book with soul .",1
2561,3476,"it's a powerful though flawed movie , guaranteed to put a lump in your throat while reaffirming washington as possibly the best actor working in movies today .",1
1608,2037,a macabre and very stylized swedish fillm about a modern city where all the religious and civic virtues that hold society in place are in tatters .,1
4163,5962,. . . nothing scary here except for some awful acting and lame special effects .,0
1473,564,""" antwone fisher "" is an earnest , by-the-numbers effort by washington . it won't rock any boats but is solid meat-and-potatoes filmmaking .",1
4414,1582,"the leaping story line , shaped by director peter kosminsky into sharp slivers and cutting impressions , shows all the signs of rich detail condensed into a few evocative images and striking character traits .",1
3517,3380,a great cast and a wonderful but sometimes confusing flashback movie about growing up in a dysfunctional family .,1
388,1123,"the film is beautifully mounted , but , more to the point , the issues are subtly presented , managing to walk a fine line with regard to the question of joan's madness .",1
3829,2122,"brings to a spectacular completion one of the most complex , generous and subversive artworks of the last decade .",1
3192,5638,one of the more glaring signs of this movie's servitude to its superstar is the way it skirts around any scenes that might have required genuine acting from ms . spears .,0
2400,2911,"as home movie gone haywire , it's pretty enjoyable , but as sexual manifesto , i'd rather listen to old tori amos records .",1
2463,3984,the observations of this social/economic/urban environment are canny and spiced with irony .,1
1780,1503,"viewers of "" the ring "" are more likely to remember the haunting images than the plot holes .",1
65,3970,ong's promising debut is a warm and well-told tale of one recent chinese immigrant's experiences in new york city .,1
1142,2971,"thanks to a small star with big heart , this family film sequel is plenty of fun for all .",1
1150,1105,"this is as respectful a film as byatt fans could hope for , though lovers of the book may wonder why it's necessary .",1
1155,1268,"the far future may be awesome to consider , but from period detail to matters of the heart , this film is most transporting when it stays put in the past .",1
1260,3075,"if you like quirky , odd movies and/or the ironic , here's a fun one .",1
1462,104,"the values that have held the enterprise crew together through previous adventures and perils do so again-courage , self-sacrifice and patience under pressure .",1
515,1417,"a muckraking job , the cinematic equivalent of a legal indictment , and a fairly effective one at that .",1
1105,3232,"it's all entertaining enough , but don't look for any hefty anti-establishment message in what is essentially a whip-crack of a buddy movie that ends with a whimper .",1
368,3535,ferrara's strongest and most touching movie of recent years .,1
1629,1781,"with or without the sex , a wonderful tale of love and destiny , told well by a master storyteller",1
4212,3250,"'estupendamente actuada , sumamente emotiva y profundamente humana , es una experiencia fílmica imposible de olvidar'",1
3477,5073,"'the war of the roses , ' trailer-trash style . entertaining but like shooting fish in a barrel .",0
58,1034,"there is a kind of attentive concern that hoffman brings to his characters , as if he has been giving them private lessons , and now it is time for their first public recital .",1
2134,1950,melodrama with a message .,1
988,79,absorbing and disturbing -- perhaps more disturbing than originally intended -- but a little clarity would have gone a long way .,1
4337,2335,"it's a wise and powerful tale of race and culture forcefully told , with superb performances throughout .",1
3024,1362,true tale of courage -- and complicity -- at auschwitz is a harrowing drama that tries to tell of the unspeakable .,1
1360,4030,forget about one oscar nomination for julianne moore this year - she should get all five .,1
3748,1358,writer/director mark romanek spotlights the underlying caste system in america . it's a scathing portrayal .,1
33,222,moore's performance impresses almost as much as her work with haynes in 1995's safe .,1
3181,2526,"fubar is very funny , but not always in a laugh-out-loud way .",1
1743,3839,"crammed with incident , and bristles with passion and energy .",1
310,3231,deliberately and skillfully uses ambiguity to suggest possibilities which imbue the theme with added depth and resonance .,1
2176,1489,"while its careful pace and seemingly opaque story may not satisfy every moviegoer's appetite , the film's final scene is soaringly , transparently moving .",1
2824,2292,"if anything , the film is doing something of a public service -- shedding light on a group of extremely talented musicians who might otherwise go unnoticed and underappreciated by music fans .",1
710,58,you'd think by now america would have had enough of plucky british eccentrics with hearts of gold . yet the act is still charming here .,1
3999,1557,"all-in-all , the film is an enjoyable and frankly told tale of a people who live among us , but not necessarily with us .",1
2334,2130,it's an often-cute film but either needs more substance to fill the time or some judicious editing .,1
1882,2929,a beautifully tooled action thriller about love and terrorism in korea .,1
3219,3358,"for most of its footage , the new thriller proves that director m . night shyamalan can weave an eerie spell and that mel gibson can gasp , shudder and even tremble without losing his machismo .",1
3793,85,"while the isle is both preposterous and thoroughly misogynistic , its vistas are incredibly beautiful to look at .",1
3977,2305,it'll keep you wide awake and . . . very tense .,1
3238,5665,"the script boasts some tart tv-insider humor , but the film has not a trace of humanity or empathy .",0
2742,3398,"it's funny , touching , dramatically forceful , and beautifully shot .",1
508,3579,"it's both degrading and strangely liberating to see people working so hard at leading lives of sexy intrigue , only to be revealed by the dispassionate gantz brothers as ordinary , pasty lumpen .",1
3723,922,a worthwhile way to spend two hours .,1
2948,1936,heaven is a haunting dramatization of a couple's moral ascension .,1
4516,878,"there is a refreshing absence of cynicism in stuart little 2--quite a rarity , even in the family film market . eventually , it wins you over .",1
4584,1874,the film is a verbal duel between two gifted performers .,1
1809,346,"as weber and weissman demonstrate with such insight and celebratory verve , the cockettes weren't as much about gender , sexual preference or political agitprop as they were simply a triumph of the indomitable human will to rebel , connect and create .",1
884,3599,it treats ana's journey with honesty that is tragically rare in the depiction of young women in film .,1
3968,1280,this flick is about as cool and crowd-pleasing as a documentary can get .,1
3337,754,a worthy tribute to a great humanitarian and her vibrant 'co-stars . ',1
640,1458,"on the heels of the ring comes a similarly morose and humorless horror movie that , although flawed , is to be commended for its straight-ahead approach to creepiness .",1
1027,1132,"not only are the special effects and narrative flow much improved , and daniel radcliffe more emotionally assertive this time around as harry , but the film conjures the magic of author j . k . rowling's books .",1
185,2379,"my big fat greek wedding is that rare animal known as 'a perfect family film , ' because it's about family .",1
2521,1490,"hardly a masterpiece , but it introduces viewers to a good charitable enterprise and some interesting real people .",1
3580,1974,"the bodily function jokes are about what you'd expect , but there are rich veins of funny stuff in this movie .",1
4598,3082,it's always fascinating to watch marker the essayist at work .,1
1588,2298,"it's funny and human and really pretty damned wonderful , all at once .",1
680,7645,"goldbacher draws on an elegant visual sense and a talent for easy , seductive pacing . . . but she and writing partner laurence coriat don't manage an equally assured narrative coinage .",0
2797,2580,the most brilliant work in this genre since the 1984 uncut version of sergio leone's flawed but staggering once upon a time in america .,1
2717,7336,"the stupidest , most insulting movie of 2002's first quarter .",0
906,3886,"awesome work : ineffable , elusive , yet inexplicably powerful",1
3834,1158,people cinema at its finest .,1
3365,298,this clever caper movie has twists worthy of david mamet and is enormous fun for thinking audiences .,1
1334,2725,"[moore's] better at fingering problems than finding solutions . but though he only scratches the surface , at least he provides a strong itch to explore more .",1
3665,2568,"talk to her is so darned assured , we have absolutely no idea who the main characters are until the film is well under way -- and yet it's hard to stop watching .",1
2208,1266,"apesar de seus graves problemas , o filme consegue entreter .",1
1877,958,"lauren ambrose comes alive under the attention from two strangers in town - with honest performances and realistic interaction between the characters , this is a coming-of-age story with a twist .",1
3824,170,most of crush is a clever and captivating romantic comedy with a welcome pinch of tartness .,1
3111,1283,griffiths proves she's that rare luminary who continually raises the standard of her profession .,1
423,3343,"great performances , stylish cinematography and a gritty feel help make gangster no . 1 a worthwhile moviegoing experience .",1
3272,2047,it's been made with an innocent yet fervid conviction that our hollywood has all but lost .,1
3005,2315,"twist open the ouzo ! it's time to let your hair down  greek style . a vibrant whirlwind of love , family and all that goes with it , my big fat greek wedding is a non-stop funny feast of warmth , colour and cringe .",1
259,870,"the story , like life , refuses to be simple , and the result is a compelling slice of awkward emotions .",1
878,5564,"shatner is probably the funniest person in the film , which gives you an idea just how bad it was .",0
3166,2455,"if you're part of her targeted audience , you'll cheer . otherwise , maybe .",1
3528,500,"almost every scene in this film is a gem that could stand alone , a perfectly realized observation of mood , behavior and intent .",1
2035,146,"a sad , superior human comedy played out on the back roads of life .",1
574,5367,. . . stale and uninspired .,0
2980,2504,"even if you've seen "" stomp "" ( the stage show ) , you still have to see this !",1
3495,4475,"this cloying , voices-from-the-other-side story is hell .",0
1387,1131,"it's a much more emotional journey than what shyamalan has given us in his past two movies , and gibson , stepping in for bruce willis , is the perfect actor to take us on the trip .",1
1584,4102,"in questioning the election process , payami graphically illustrates the problems of fledgling democracies , but also the strength and sense of freedom the iranian people already possess , with or without access to the ballot box .",1
3645,3321,"satin rouge is not a new , or inventive , journey , but it's encouraging to see a three-dimensional , average , middle-aged woman's experience of self-discovery handled with such sensitivity .",1
4416,319,"while this film is not in the least surprising , it is still ultimately very satisfying . think of it as a sort of comfort food for the mind .",1
863,5992,"an unpredictable blend of gal-pal smart talk , romantic comedy and dark tragedy that bites off considerably more than writer/director john mckay can swallow .",0
4501,1762,"a movie that both thrills the eye and , in its over-the-top way , touches the heart .",1
3724,4105,"streamlined to a tight , brisk 85-minute screwball thriller , "" big trouble "" is funny , harmless and as substantial as a tub of popcorn with extra butter .",1
2896,3527,"as they used to say in the 1950s sci-fi movies , signs is a tribute to shyamalan's gifts , which are such that we'll keep watching the skies for his next project .",1
5,7317,"a frantic search for laughs , with a hit-to-miss ratio that doesn't exactly favour the audience .",0
1323,1802,the limited sets and small confined and dark spaces also are homages to a classic low-budget film noir movie .,1
738,3870,a sweet-tempered comedy that forgoes the knee-jerk misogyny that passes for humor in so many teenage comedies .,1
3026,2152,"like kubrick , soderbergh isn't afraid to try any genre and to do it his own way .",1
3650,938,"[hawn's character]is so bluntly written , without a trace of sentimentality , and so blisteringly defined , that every other character seems overlooked and underwritten .",1
3722,1764,"affectionately reminds us that , in any language , the huge stuff in life can usually be traced back to the little things .",1
2341,4596,"in the wake of saving private ryan , black hawk down and we were soldiers , you are likely to be as heartily sick of mayhem as cage's war-weary marine .",0
3943,3131,"it's a beautiful film , full of elaborate and twisted characters - and it's also pretty funny .",1
3092,3837,"left me with the visceral sensation of longing , lasting traces of charlotte's web of desire and desperation .",1
1177,3589,"insomnia is one of the year's best films and pacino gives one of his most daring , and complicated , performances .",1
374,2887,"this charming but slight tale has warmth , wit and interesting characters compassionately portrayed .",1
267,343,an intriguing and entertaining introduction to johnson .,1
958,3413,"it's got some pretentious eye-rolling moments and it didn't entirely grab me , but there's stuff here to like .",1
1912,3770,"it remains to be seen whether statham can move beyond the crime-land action genre , but then again , who says he has to ?",1
36,3769,a lovely film for the holiday season .,1
3290,888,"it is a kickass , dense sci-fi action thriller hybrid that delivers and then some . i haven't seen one in so long , no wonder i didn't recognize it at first .",1
3053,53,"sandra nettelbeck beautifully orchestrates the transformation of the chilly , neurotic , and self-absorbed martha as her heart begins to open .",1
6,358,"if no one singles out any of these performances as award-worthy , it's only because we would expect nothing less from this bunch .",1
369,2225,"transcends its agenda to deliver awe-inspiring , at times sublime , visuals and offer a fascinating glimpse into the subculture of extreme athletes whose derring-do puts the x into the games .",1
551,2857,"it's a fine , old-fashioned-movie movie , which is to say it's unburdened by pretensions to great artistic significance .",1
4434,6998,"it almost plays like solaris , but with guns and jokes .",0
1326,2706,"this isn't a retooled genre piece , the tale of a guy and his gun , but an amiably idiosyncratic work .",1
4155,3574,"terrific performances , great to look at , and funny . a little uneven to be the cat's meow , but it's good enough to be the purr .",1
2439,1282,the wild thornberrys movie is a jolly surprise .,1
3444,2202,catch it . . . if you can !,1
1474,3891,the all-french cast is marveilleux .,1
2455,1659,"measured against practically any like-themed film other than its oscar-sweeping franchise predecessor the silence of the lambs , red dragon rates as an exceptional thriller .",1
1735,2908,a chick flick for guys .,1
535,2721,"clever and unflinching in its comic barbs , slap her is a small but rewarding comedy that takes aim at contemporary southern adolescence and never lets up .",1
2843,851,the visuals alone make metropolis worth seeing .,1
728,1995,"though it's not very well shot or composed or edited , the score is too insistent and the dialogue is frequently overwrought and crudely literal , the film shatters you in waves .",1
2912,2074,steers has an unexpectedly adamant streak of warm-blooded empathy for all his disparate manhattan denizens--especially the a * * holes .,1
3462,969,"this isn't a narrative film -- i don't know if it's possible to make a narrative film about september 11th , though i'm sure some will try -- but it's as close as anyone has dared to come .",1
2142,1349,the chateau cleverly probes the cross-cultural differences between gauls and yanks .,1
1509,1562,it has more than a few moments that are insightful enough to be fondly remembered in the endlessly challenging maze of moviegoing .,1
2277,4098,the cat's meow marks a return to form for director peter bogdanovich . . .,1
4441,1200,"the subtle strength of "" elling "" is that it never loses touch with the reality of the grim situation .",1
1440,1857,"the filmmakers want nothing else than to show us a good time , and in their cheap , b movie way , they succeed .",1
935,3690,bolstered by exceptional performances and a clear-eyed take on the economics of dealing and the pathology of ghetto fabulousness .,1
1714,730,"a compelling journey . . . and "" his best friend remembers "" is up there with the finest of specials .",1
2976,1681,this bracingly truthful antidote to hollywood teenage movies that slather clearasil over the blemishes of youth captures the combustible mixture of a chafing inner loneliness and desperate grandiosity that tend to characterize puberty .,1
296,1988,"a witty , trenchant , wildly unsentimental but flawed look at the ins and outs of modern moviemaking .",1
3210,1181,"if you can stomach the rough content , it's worth checking out for the performances alone .",1
2546,193,"this insightful , oscar-nominated documentary , in which children on both sides of the ever-escalating conflict have their say away from watchful parental eyes , gives peace yet another chance .",1
1568,462,what makes the movie a comedy is the way it avoids the more serious emotions involved .,1
3564,3363,"impossible as it may sound , this film's heart is even more embracing than monty , if only because it accepts nasty behavior and severe flaws as part of the human condition .",1
1646,3503,worth catching for griffiths' warm and winning central performance .,1
229,808,"harsh , effective documentary on life in the israeli-occupied palestinian territories .",1
1340,2529,"'the film is stark , straightforward and deadly . . . an unnatural calm that's occasionally shaken by . . . blasts of rage , and later , violent jealousy . '",1
3631,2406,"after an uncertain start , murder hits and generally sustains a higher plateau with bullock's memorable first interrogation of gosling .",1
3524,474,maguire is a surprisingly effective peter/spider-man .,1
4253,1835,"with the same sort of good-natured fun found in films like tremors , eight legged freaks is prime escapist fare .",1
1594,1074,"woody allen's latest is an ambling , broad comedy about all there is to love -- and hate -- about the movie biz .",1
1516,2543,"[the digital effects] reminded me of terry gilliam's rudimentary old monty python cartoons , in which he would cut out figures from drawings and photographs and paste them together .",1
1949,898,"reinforces the talents of screenwriter charlie kaufman , creator of adaptation and being john malkovich .",1
3573,2792,audiard successfully maintains suspense on different levels throughout a film that is both gripping and compelling .,1
2592,182,a very funny movie .,1
3235,1576,"this version moves beyond the original's nostalgia for the communal film experiences of yesteryear to a deeper realization of cinema's inability to stand in for true , lived experience .",1
3069,3810,the first bond movie in ages that isn't fake fun .,1
3439,1429,"every dance becomes about seduction , where backstabbing and betrayals are celebrated , and sex is currency .",1
3709,3441,"fast and funny , an action cartoon that's suspenseful enough for older kids but not too scary for the school-age crowd .",1
211,943,a film that is a portrait of grace in an imperfect world .,1
2535,3123,"a hard look at one man's occupational angst and its subsequent reinvention , a terrifying study of bourgeois desperation worthy of claude chabrol .",1
3093,59,"whether or not you're enlightened by any of derrida's lectures on "" the other "" and "" the self , "" derrida is an undeniably fascinating and playful fellow .",1
405,2966,"walter hill's undisputed is like a 1940s warner bros . b picture , and i mean that as a compliment .",1
4683,2797,"while dutifully pulling on heartstrings , directors dean deblois and chris sanders valiantly keep punching up the mix .",1
4085,2540,"by turns touching , raucously amusing , uncomfortable , and , yes , even sexy , never again is a welcome and heartwarming addition to the romantic comedy genre .",1
95,1524,"a pleasant enough romance with intellectual underpinnings , the kind of movie that entertains even as it turns maddeningly predictable .",1
2856,631,a yarn that respects the marvel version without becoming ensnared by it .,1
2368,429,"stay clear of reminding yourself that it's a "" true story "" and you're likely to have one helluva time at the movies .",1
799,3196,"on its own staggeringly unoriginal terms , this gender-bending comedy is generally quite funny .",1
1242,6016,not since freddy got fingered has a major release been so painful to sit through .,0
351,6873,feels like the grittiest movie that was ever made for the lifetime cable television network .,0
482,761,"it's predictable , but it jumps through the expected hoops with style and even some depth .",1
3588,868,a refreshingly honest and ultimately touching tale of the sort of people usually ignored in contemporary american film . search it out .,1
2369,2618,diggs and lathan are among the chief reasons brown sugar is such a sweet and sexy film .,1
4138,1948,even the digressions are funny .,1
613,607,bow's best moments are when he's getting busy on the basketball court because that's when he really scores .,1
2639,2254,douglas mcgrath's nicholas nickleby does dickens as it should be done cinematically .,1
4146,3175,i loved the look of this film .,1
3646,2863,genuinely unnerving .,1
2883,3950,"a miraculous movie , i'm going home is so slight , yet overflows with wisdom and emotion .",1
461,3934,"a film of epic scale with an intimate feeling , a saga of the ups and downs of friendships .",1
61,1419,"belongs to daniel day-lewis as much as it belongs to martin scorsese ; it's a memorable performance in a big , brassy , disturbing , unusual and highly successful film .",1
157,2739,"the delicious trimmingsarrive early and stay late , filling nearly every minutewith a lighthearted glow , some impudent snickers , and a glorious dose of humankind's liberating ability to triumph over a scrooge or two .",1
2448,3150,"because eight legged freaks is partly an homage to them , tarantula and other low- budget b-movie thrillers of the 1950s and '60s , the movie is a silly ( but not sophomoric ) romp through horror and hellish conditions .",1
4479,3452,"is truth stranger than fiction ? in [screenwriter] charlie kaufman's world , truth and fiction are equally strange , and his for the taking .",1
121,2633,i love the opening scenes of a wintry new york city in 1899 . cinematic poetry showcases the city's old-world charm before machines change nearly everything .,1
2563,1007,"fine acting but there is no sense of connecting the dots , just dots .",1
93,3033,'what's the russian word for wow ! ? ',1
931,4097,"the entire cast is first-rate , especially sorvino .",1
4183,381,murderous maids may well be the most comprehensive of these films and also strike closest to the truth .,1
3926,1259,"the film's almost unbearable portrait of sadness and grief transcends its specific story to speak to the ways in which need , history and presumption tangle , and sometimes destroy , blood ties .",1
4072,238,"never mind whether you buy the stuff about barris being a cia hit man . the kooky yet shadowy vision clooney sustains throughout is daring , inventive and impressive .",1
1539,2501,"in the long , dishonorable history of quickie teen-pop exploitation , like mike stands out for its only partly synthetic decency .",1
4333,2052,"a witty , whimsical feature debut .",1
1353,1989,for most of the distance the picture provides a satisfyingly unsettling ride into the dark places of our national psyche .,1
552,2229,"giggling at the absurdities and inconsistencies is part of the fun . but the talented cast alone will keep you watching , as will the fight scenes .",1
2346,3634,"an undeniably moving film to experience , and ultimately that's what makes it worth a recommendation .",1
4221,3723,it's an experience in understanding a unique culture that is presented with universal appeal .,1
3102,3964,a fascinating case study of flower-power liberation -- and the price that was paid for it .,1
3275,2870,its director's most substantial feature for some time .,1
1572,1309,"it is amusing , and that's all it needs to be .",1
2311,1581,"more timely than its director could ever have dreamed , this quietly lyrical tale probes the ambiguous welcome extended by iran to the afghani refugees who streamed across its borders , desperate for work and food .",1
4529,2072,"the touch is generally light enough and the performances , for the most part , credible .",1
885,2576,". . . a story , an old and scary one , about the monsters we make , and the vengeance they take .",1
1196,2833,"it's an interesting effort ( particularly for jfk conspiracy nuts ) , and barry's cold-fish act makes the experience worthwhile .",1
4283,6928,"the problem is that rather than dramatizing this premise , mr . desplechin is content to state it .",0
2858,212,an unabashedly schmaltzy and thoroughly enjoyable true story .,1
1648,1648,australia : land beyond time is an enjoyable big movie primarily because australia is a weirdly beautiful place .,1
3667,1779,a solid and refined piece of moviemaking imbued with passion and attitude .,1
3903,1797,"for his first attempt at film noir , spielberg presents a fascinating but flawed look at the near future .",1
1582,1740,"although fairly involving as far as it goes , the film doesn't end up having much that is fresh to say about growing up catholic or , really , anything .",1
1434,2650,a fascinating glimpse into an insular world that gives the lie to many clichés and showcases a group of dedicated artists .,1
1017,3366,"one of recent memory's most thoughtful films about art , ethics , and the cost of moral compromise .",1
1072,1459,"with rabbit-proof fence , noyce has tailored an epic tale into a lean , economical movie .",1
3261,622,"rich in detail , gorgeously shot and beautifully acted , les destinees is , in its quiet , epic way , daring , inventive and refreshingly unusual .",1
1076,3031,a glorious mess .,1
4627,2643,"a delightful , if minor , pastry of a movie .",1
4262,3615,a modestly surprising movie .,1
2909,2885,there is no denying the power of polanski's film . . .,1
2130,7330,rainy days and movies about the disintegration of families always get me down .,0
2445,3712,"sure , it's contrived and predictable , but its performances are so well tuned that the film comes off winningly , even though it's never as solid as you want it to be .",1
2103,896,the film starts out as competent but unremarkable . . . and gradually grows into something of considerable power .,1
858,194,i admired this work a lot .,1
3044,5826,"even in this less-than-magic kingdom , reese rules .",0
3506,2145,. . . wise and elegiac . . .,1
909,1412,i just loved every minute of this film .,1
4646,1360,"moody , heartbreaking , and filmed in a natural , unforced style that makes its characters seem entirely convincing even when its script is not .",1
1121,2093,a thought-provoking look at how western foreign policy - however well intentioned - can wreak havoc in other cultures .,1
2320,3608,"a superlative b movie -- funny , sexy , and rousing .",1
4636,1640,"by turns fanciful , grisly and engagingly quixotic .",1
68,4033,while the plot follows a predictable connect-the-dots course . . . director john schultz colors the picture in some evocative shades .,1
4178,2339,definitely worth 95 minutes of your time .,1
3169,2344,"funny , sexy , devastating and incurably romantic .",1
4645,2669,this in-depth study of important developments of the computer industry should make it required viewing in university computer science departments for years to come .,1
3596,3069,a chilling movie without oppressive gore .,1
1781,1610,"the film brilliantly shines on all the characters , as the direction is intelligently accomplished .",1
3558,247,"windtalkers is shapelessly gratifying , the kind of movie that invites you to pick apart its faults even as you have to admit that somehow it hit you where you live .",1
3221,1290,the mesmerizing performances of the leads keep the film grounded and keep the audience riveted .,1
219,783,the movie stays afloat thanks to its hallucinatory production design .,1
3503,1370,unflinchingly bleak and desperate,1
2966,1872,"a minor work yet there's no denying the potency of miller's strange , fleeting brew of hopeful perseverance and hopeless closure .",1
704,111,"edited and shot with a syncopated style mimicking the work of his subjects , pray turns the idea of the documentary on its head , making it rousing , invigorating fun lacking any mtv puffery .",1
3174,1866,an average coming-of-age tale elevated by the wholesome twist of a pesky mother interfering during her son's discovery of his homosexuality .,1
730,1299,"a twisty , moody slice of southern gothic . . .",1
2100,2327,"hatosy . . . portrays young brendan with his usual intelligence and subtlety , not to mention a convincing brogue .",1
3390,1203,has a lot of the virtues of eastwood at his best .,1
1702,5773,"if there's one thing this world needs less of , it's movies about college that are written and directed by people who couldn't pass an entrance exam .",0
176,1426,"corny , schmaltzy and predictable , but still manages to be kind of heartwarming , nonetheless . it's the perfect kind of film to see when you don't want to use your brain . at all .",1
2508,1415,my wife is an actress is an utterly charming french comedy that feels so american in sensibility and style it's virtually its own hollywood remake .,1
965,187,those outside show business will enjoy a close look at people they don't really want to know .,1
3170,532,"in his debut as a film director , denzel washington delivers a lean and engaging work .",1
670,2390,"it's soulful and unslick , and that's apparently just what [aniston] has always needed to grow into a movie career .",1
2133,2697,"as if trying to grab a lump of play-doh , the harder that liman tries to squeeze his story , the more details slip out between his fingers .",1
3335,2979,this is christmas future for a lot of baby boomers .,1
3425,3927,"it is a strength of a documentary to disregard available bias , especially as temptingly easy as it would have been with this premise .",1
4189,3914,"it all plays out . . . like a high-end john hughes comedy , a kind of elder bueller's time out .",1
429,99,"i enjoyed time of favor while i was watching it , but i was surprised at how quickly it faded from my memory .",1
3108,2732,"fierce , glaring and unforgettable .",1
3582,570,"it's rather like a lifetime special -- pleasant , sweet and forgettable .",1
1418,89,a sports movie with action that's exciting on the field and a story you care about off it .,1
2172,571,a moody horror/thriller elevated by deft staging and the director's well-known narrative gamesmanship .,1
1479,1669,a party-hearty teen flick that scalds like acid .,1
664,913,"marvelous , merry and , yes , melancholy film .",1
587,7548,an often unfunny romp .,0
1131,1891,"the funny thing is , i didn't mind all this contrived nonsense a bit .",1
1081,3300,"although the subject matter may still be too close to recent national events , the film works - mostly due to its superior cast of characters .",1
4404,3967,"obligada para impotentes , daneses , camareras italianas , profesores de idiomas , y todo aquel que desee una lengua para expresar su amor .",1
1415,1120,a delirious celebration of the female orgasm .,1
3158,1348,"birot creates a drama with such a well-defined sense of place and age -- as in , 15 years old -- that the torments and angst become almost as operatic to us as they are to her characters .",1
235,1103,a literate presentation that wonderfully weaves a murderous event in 1873 with murderous rage in 2002 .,1
477,1380,"a densely constructed , highly referential film , and an audacious return to form that can comfortably sit among jean-luc godard's finest work .",1
249,3385,"nair's cast is so large it's altman-esque , but she deftly spins the multiple stories in a vibrant and intoxicating fashion .",1
1056,5388,it's a bad sign in a thriller when you instantly know whodunit .,0
1406,1836,"a sharp , amusing study of the cult of celebrity .",1
2018,825,merchant effectively translates naipaul's lively mix of characters from the page to screen .,1
3338,3515,"an earnest , roughshod document , it serves as a workable primer for the region's recent history , and would make a terrific 10th-grade learning tool .",1
3871,3237,i am more offended by his lack of faith in his audience than by anything on display here .,1
4675,562,"a journey through memory , a celebration of living , and a sobering rumination on fatality , classism , and ignorance .",1
2324,1732,a brutally honest documentary about a much anticipated family reunion that goes wrong thanks to culture shock and a refusal to empathize with others .,1
1936,3623,feeling like a dope has rarely been more fun than it is in nine queens .,1
2348,2946,"a fantastic premise anchors this movie , but what it needs is either a more rigid , blair witch-style commitment to its mockumentary format , or a more straightforward , dramatic treatment , with all the grandiosity that that implies .",1
4685,144,"it's a hoot and a half , and a great way for the american people to see what a candidate is like when he's not giving the same 15-cent stump speech .",1
4528,1137,"the acting , costumes , music , cinematography and sound are all astounding given the production's austere locales .",1
1281,545,tuck everlasting achieves a delicate balance of romantic innocence and philosophical depth .,1
4659,431,"the sundance film festival has become so buzz-obsessed that fans and producers descend upon utah each january to ferret out the next great thing . 'tadpole' was one of the films so declared this year , but it's really more of the next pretty good thing .",1
4558,450,two generations within one family test boundaries in this intelligent and restrained coming-of-age drama .,1
589,2166,"apart from its own considerable achievement , metropolis confirms tezuka's status as both the primary visual influence on the animé tradition and its defining philosophical conscience .",1
533,3784,"like edward norton in american history x , ryan gosling ( murder by numbers ) delivers a magnetic performance .",1
2949,2116,"light-years ahead of paint-by-number american blockbusters like pearl harbor , at least artistically .",1
2552,1870,"with each of her three protagonists , miller eloquently captures the moment when a woman's life , out of a deep-seated , emotional need , is about to turn onto a different path .",1
15,1044,"a warm , funny , engaging film .",1
3884,3555,"for all the wit and hoopla , festival in cannes offers rare insight into the structure of relationships .",1
838,3687,captures the raw comic energy of one of our most flamboyant female comics .,1
2571,3747,rifkin's references are . . . impeccable throughout .,1
2623,1443,the socio-histo-political treatise is told in earnest strides . . . [and] personal illusion is deconstructed with poignancy .,1
376,1852,"leigh is one of the rare directors who feels acting is the heart and soul of cinema . he allows his cast members to make creative contributions to the story and dialogue . this method almost never fails him , and it works superbly here .",1
2886,3761,a tasty appetizer that leaves you wanting more .,1
827,2982,the obnoxious title character provides the drama that gives added clout to this doc .,1
324,1494,"exciting and direct , with ghost imagery that shows just enough to keep us on our toes .",1
1343,2389,"a photographic marvel of sorts , and it's certainly an invaluable record of that special fishy community .",1
2443,1224,"the best revenge may just be living well because this film , unlike other dumas adaptations , is far more likened to a treasure than a lengthy jail sentence .",1
3629,5261,the movie just has too much on its plate to really stay afloat for its just under ninety minute running time .,0
4678,2516,overcomes its visual hideousness with a sharp script and strong performances .,1
4203,665,it's fairly self-aware in its dumbness .,1
2140,2372,[a] real pleasure in its laid-back way .,1
1792,3727,a flick about our infantilized culture that isn't entirely infantile .,1
1933,1677,"in the pianist , polanski is saying what he has long wanted to say , confronting the roots of his own preoccupations and obsessions , and he allows nothing to get in the way .",1
2935,2585,there are moments of hilarity to be had .,1
2071,1452,there are some wonderfully fresh moments that smooth the moral stiffness with human kindness and hopefulness .,1
2724,4155,k 19 stays afloat as decent drama/action flick,1
2091,3910,a good documentary can make interesting a subject you thought would leave you cold . a case in point : doug pray's scratch .,1
1974,1956,"it's hard to imagine anybody ever being "" in the mood "" to view a movie as harrowing and painful as the grey zone , but it's equally hard to imagine anybody being able to tear their eyes away from the screen once it's started .",1
1338,5295,"not only is it hokey , manipulative and as bland as wonder bread dipped in milk , but it also does the absolute last thing we need hollywood doing to us : it preaches .",0
287,1291,worth watching for dong jie's performance -- and for the way it documents a culture in the throes of rapid change .,1
3420,2508,"a time machine , a journey back to your childhood , when cares melted away in the dark theater , and films had the ability to mesmerize , astonish and entertain .",1
736,191,a fascinating and fun film .,1
702,3809,succeeds where its recent predecessor miserably fails because it demands that you suffer the dreadfulness of war from both sides .,1
3993,1175,"if director michael dowse only superficially understands his characters , he doesn't hold them in contempt .",1
1965,4165,"though writer/director bart freundlich's film ultimately becomes a simplistic story about a dysfunctional parent-child relationship , it has some special qualities and the soulful gravity of crudup's anchoring performance .",1
3671,4151,"some people march to the beat of a different drum , and if you ever wondered what kind of houses those people live in , this documentary takes a look at 5 alternative housing options .",1
939,561,"viewed on its own terms , treasure planet is better-than-average family entertainment , but true fans of the stevenson's novel will likely prefer disney's more faithful 1950 live-action swashbuckling classic .",1
2020,643,"it has the courage to wonder about big questions with sincerity and devotion . it risks seeming slow and pretentious , because it thinks the gamble is worth the promise .",1
280,1344,it's a charming and often affecting journey .,1
2390,2301,"sometimes this 'blood' seems as tired as its protagonist . . . still , the pulse never disappears entirely , and the picture crosses the finish line winded but still game .",1
1171,3469,this slight premise . . . works because of the ideal casting of the masterful british actor ian holm as the aged napoleon .,1
1033,6866,the title's lameness should clue you in on how bad the movie is .,0
2476,2466,"while the story's undeniably hard to follow , iwai's gorgeous visuals seduce .",1
588,1535,this remake gets all there is to get out of a peculiar premise with promise : al pacino loathing robin williams .,1
4570,183,"watching haneke's film is , aptly enough , a challenge and a punishment . but watching huppert , a great actress tearing into a landmark role , is riveting .",1
125,2948,much of what we see is horrible but it's also undeniably exceedingly clever .,1
119,3955,"the series' message about making the right choice in the face of tempting alternatives remains prominent , as do the girls' amusing personalities .",1
1241,2352,highly recommended as an engrossing story about a horrifying historical event and the elements which contributed to it .,1
4141,31,"a masterful film from a master filmmaker , unique in its deceptive grimness , compelling in its fatalist worldview .",1
2052,2005,a chilling tale of one of the great crimes of 20th century france : the murder of two rich women by their servants in 1933 .,1
3327,1955,wang xiaoshuai directs this intricately structured and well-realized drama that presents a fascinating glimpse of urban life and the class warfare that embroils two young men .,1
4205,6627,the cartoon is about as true to the spirit of the festival of lights as mr . deeds was to that of frank capra .,0
2473,3522,"as underwater ghost stories go , below casts its spooky net out into the atlantic ocean and spits it back , grizzled and charred , somewhere northwest of the bermuda triangle .",1
1507,4,"emerges as something rare , an issue movie that's so honest and keenly observed that it doesn't feel like one .",1
1151,6558,"if you're not a prepubescent girl , you'll be laughing at britney spears' movie-starring debut whenever it doesn't have you impatiently squinting at your watch .",0
3471,1211,will amuse and provoke adventurous adults in specialty venues .,1
780,1230,rare birds has more than enough charm to make it memorable .,1
1906,2778,"if you can tolerate the redneck-versus-blueblood cliches that the film trades in , sweet home alabama is diverting in the manner of jeff foxworthy's stand-up act .",1
76,5599,nights feels more like a quickie tv special than a feature film . . . it's not even a tv special you'd bother watching past the second commercial break .,0
2933,513,"a lighthearted , feel-good film that embraces the time-honored truth that the most powerful thing in life is love .",1
3759,2397,an escapist confection that's pure entertainment .,1
1717,1322,"ramsay , as in ratcatcher , remains a filmmaker with an acid viewpoint and a real gift for teasing chilly poetry out of lives and settings that might otherwise seem drab and sordid .",1
601,4363,has its moments -- and almost as many subplots .,0
3540,2063,"while general audiences might not come away with a greater knowledge of the facts of cuban music , they'll be treated to an impressive and highly entertaining celebration of its sounds .",1
400,1963,. . . a lesson in prehistoric hilarity .,1
4356,4056,"the film , despite the gratuitous cinematic distractions impressed upon it , is still good fun .",1
3350,3008,one thing you have to give them credit for : the message of the movie is consistent with the messages espoused in the company's previous video work .,1
3635,3460,. . . quite endearing .,1
1822,2076,"once the downward spiral comes to pass , auto focus bears out as your typical junkie opera . . .",1
1680,3293,a poignant lyricism runs through balzac and the little chinese seamstress that transforms this story about love and culture into a cinematic poem .,1
1244,1197,sade is an engaging look at the controversial eponymous and fiercely atheistic hero .,1
541,1794,there's no reason to miss interview with the assassin,1
3087,3858,"elegant and eloquent [meditation] on death and that most elusive of passions , love .",1
2025,3997,eerily accurate depiction of depression .,1
3689,6803,"unless you are in dire need of a diesel fix , there is no real reason to see it . wait for video -- and then don't rent it .",0
4169,2460,"contrived as this may sound , mr . rose's updating works surprisingly well .",1
4159,339,is office work really as alienating as 'bartleby' so effectively makes it ?,1
3802,962,the second chapter of the harry potter series is even more magical than the first and simply the best family film of the year .,1
2803,1471,like mike isn't interested in recycling old cliches . it wants to tweak them with a taste of tangy new humor .,1
4013,1969,os universos de chuck barris e charlie kaufman são complementares . e igualmente fascinantes .,1
3147,1286,"offers much to enjoy . . . and a lot to mull over in terms of love , loyalty and the nature of staying friends .",1
361,2245,"a reminder that beyond all the hype and recent digital glitz , spielberg knows how to tell us about people .",1
1537,1300,it's so good that you can practically see the hollywood 'suits' trying to put together the cast and filmmaking team for the all-too -inevitable american remake .,1
3454,27,an idealistic love story that brings out the latent 15-year-old romantic in everyone .,1
1071,1392,"a gorgeous , high-spirited musical from india that exquisitely blends music , dance , song , and high drama .",1
732,988,"the movie is full of fine performances , led by josef bierbichler as brecht and monica bleibtreu as helene weigel , his wife .",1
3935,1868,"decasia is what has happened already to so many silent movies , newsreels and the like . the unexpected thing is that its dying , in this shower of black-and-white psychedelia , is quite beautiful .",1
3688,5948,"if you believe any of this , i can make you a real deal on leftover enron stock that will double in value a week from friday .",0
969,2185,"even if you have no interest in the gang-infested , east-vs . -west coast rap wars , this modern mob music drama never fails to fascinate .",1
1259,1742,a very funny romantic comedy about two skittish new york middle-agers who stumble into a relationship and then struggle furiously with their fears and foibles .,1
377,331,"it's amazingly perceptive in its subtle , supportive but unsentimental look at the marks family .",1
3185,419,"call me a wimp , but i cried , not once , but three times in this animated sweet film .",1
924,3655,"a new film from bill plympton , the animation master , is always welcome .",1
2719,8059,"aloof and lacks any real raw emotion , which is fatal for a film that relies on personal relationships .",0
1063,3200,"as commander-in-chief of this film , bigelow demonstrates a breadth of vision and an attention to detail that propels her into the upper echelons of the directing world .",1
2327,1597,high crimes steals so freely from other movies and combines enough disparate types of films that it can't help but engage an audience .,1
2306,954,"thrilling , provocative and darkly funny , this timely sci-fi mystery works on so many different levels that it not only invites , it demands repeated viewings .",1
2506,1188,the film's performances are thrilling .,1
758,587,"an impossible romance , but we root for the patronized iranian lad .",1
4211,2477,"auto focus is not your standard hollywood bio-pic . schrader aims to present an unflinching look at one man's downfall , brought about by his lack of self-awareness .",1
4525,1295,a subject like this should inspire reaction in its audience ; the pianist does not .,1
3226,8139,"neither as scary-funny as tremors nor demented-funny as starship troopers , the movie isn't tough to take as long as you've paid a matinee price .",0
729,438,"ranging from funny to shattering and featuring some of the year's best acting , personal velocity gathers plenty of dramatic momentum .",1
81,1650,told just proficiently enough to trounce its overly comfortable trappings .,1
2507,217,"now trimmed by about 20 minutes , this lavish three-year-old production has enough grandeur and scale to satisfy as grown-up escapism .",1
2428,3913,an engrossing and grim portrait of hookers : what they think of themselves and their clients .,1
2252,2360,"the overall effect is awe and affection -- and a strange urge to get on a board and , uh , shred , dude .",1
2170,4084,"this film is so different from the apple and so striking that it can only encourage us to see samira makhmalbaf as a very distinctive sensibility , working to develop her own film language with conspicuous success .",1
676,368,"by the end of no such thing the audience , like beatrice , has a watchful affection for the monster .",1
3732,2484,"it's truly awful and heartbreaking subject matter , but one whose lessons are well worth revisiting as many times as possible .",1
4623,3850,nettelbeck . . . has a pleasing way with a metaphor .,1
1159,2703,"shiri is an action film that delivers on the promise of excitement , but it also has a strong dramatic and emotional pull that gradually sneaks up on the audience .",1
4099,2835,brings awareness to an issue often overlooked -- women's depression .,1
3138,7946,plays like a checklist of everything rob reiner and his cast were sending up .,0
1547,3816,"a first-class , thoroughly involving b movie that effectively combines two surefire , beloved genres -- the prison flick and the fight film .",1
2064,549,an uneven but intriguing drama that is part homage and part remake of the italian masterpiece .,1
2149,3876,""" the quiet american "" begins in saigon in 1952 . that's its first sign of trouble .",1
2027,3308,"mr . deeds is , as comedy goes , very silly -- and in the best way .",1
77,7840,an artful yet depressing film that makes a melodramatic mountain out of the molehill of a missing bike .,0
3065,3144,"barry convinces us he's a dangerous , secretly unhinged guy who could easily have killed a president because it made him feel powerful .",1
1796,1651,"an enthralling aesthetic experience , one that's steeped in mystery and a ravishing , baroque beauty .",1
3197,3755,"mr . polanski is in his element here : alone , abandoned , but still consoled by his art , which is more than he has ever revealed before about the source of his spiritual survival .",1
3466,3151,puts a refreshing and comical spin on the all-too-familiar saga of the contemporary single woman .,1
2637,2826,"deflated ending aside , there's much to recommend the film .",1
2793,229,this is one of polanski's best films .,1
3810,2557,insanely hilarious ! i haven't laughed that hard in years !,1
605,6146,just not campy enough,0
148,2635,one of the best rock documentaries ever . wilco is a phenomenal band with such an engrossing story that will capture the minds and hearts of many .,1
3206,2589,"one of the best films of the year with its exquisite acting , inventive screenplay , mesmerizing music , and many inimitable scenes of tenderness , loss , discontent , and yearning .",1
4349,2892,takes a fresh and absorbing look at a figure whose legacy had begun to bronze .,1
3387,1374,a painfully funny ode to bad behavior .,1
584,2215,"like a veteran head cutter , barbershop is tuned in to its community .",1
4017,1975,"the performances are amiable and committed , and the comedy more often than not hits the bullseye .",1
1860,3649,"it's a visual delight and a decent popcorn adventure , as long as you don't try to look too deep into the story",1
2679,2642,a tremendous piece of work .,1
4177,3965,"bluer than the atlantic and more biologically detailed than an autopsy , the movie . . . is , also , frequently hilarious .",1
56,1652,the quirky drama touches the heart and the funnybone thanks to the energetic and always surprising performance by rachel griffiths .,1
2692,3741,"if a big musical number like 'praise the lord , he's the god of second chances' doesn't put you off , this will be an enjoyable choice for younger kids .",1
2660,2807,"the movie has no respect for laws , political correctness or common decency , but it displays something more important : respect for its flawed , crazy people .",1
3315,266,"an incendiary , deeply thought-provoking look at one of the most peculiar ( and peculiarly venomous ) bigotries in our increasingly frightening theocracy",1
3211,214,you walk out of the good girl with mixed emotions  disapproval of justine combined with a tinge of understanding for her actions .,1
579,1537,"lan yu is at times too restrained , yet there are moments it captures the erotics of intimacy in a way that makes most american love stories look downright unfree .",1
3915,3928,"when twentysomething hotsies make movies about their lives , hard-driving narcissism is a given , but what a world we'd live in if argento's hollywood counterparts . . . had this much imagination and nerve .",1
586,1143,"so unassuming and pure of heart , you can't help but warmly extend your arms and yell 'safe ! '",1
2168,370,". . . the gentle melding of drama and comedy makes "" what time is it there ? "" something the true film buff will enjoy .",1
2287,4070,a moving story of determination and the human spirit .,1
4396,4003,[allen] manages to breathe life into this somewhat tired premise .,1
214,3205,one of the year's most weirdly engaging and unpredictable character pieces .,1
4147,3627,what bubbles up out of john c . walsh's pipe dream is the distinct and very welcome sense of watching intelligent people making a movie they might actually want to watch .,1
1350,2769,"writer/director walter hill is in his hypermasculine element here , once again able to inject some real vitality and even art into a pulpy concept that , in many other hands would be completely forgettable .",1
256,3155,""" spider-man is better than any summer blockbuster we had to endure last summer , and hopefully , sets the tone for a summer of good stuff . if you're a comic fan , you can't miss it . if you're not , you'll still have a good time . """,1
2247,1782,"on the surface a silly comedy , scotland , pa would be forgettable if it weren't such a clever adaptation of the bard's tragic play .",1
1355,3803,dogtown & z-boys evokes the blithe rebel fantasy with the kind of insouciance embedded in the sexy demise of james dean .,1
3180,2626,"it's pretty linear and only makeup-deep , but bogdanovich ties it together with efficiency and an affection for the period .",1
1984,1566,"a smart , steamy mix of road movie , coming-of-age story and political satire .",1
3353,135,an original gem about an obsession with time .,1
4608,4059,"more than anything else , kissing jessica stein injects freshness and spirit into the romantic comedy genre , which has been held hostage by generic scripts that seek to remake sleepless in seattle again and again .",1
2831,2440,[woo's] most resonant film since the killer .,1
192,1042,it's a lovely film with lovely performances by buy and accorsi .,1
329,1825,. . . a trashy little bit of fluff stuffed with enjoyable performances and a bewildering sense of self-importance,1
2748,8498,"i believe silberling had the best intentions here , but he just doesn't have the restraint to fully realize them .",0
2135,4126,"cuaron repeatedly , perversely undercuts the joie de vivre even as he creates it , giving the movie a mournful undercurrent that places the good-time shenanigans in welcome perspective .",1
2356,2026,davis . . . gets vivid performances from her cast and pulls off some deft ally mcbeal-style fantasy sequences .,1
2809,8,steers turns in a snappy screenplay that curls at the edges ; it's so clever you want to hate it . but he somehow pulls it off .,1
2391,492,"as shaky as the plot is , kaufman's script is still memorable for some great one-liners .",1
4669,1888,the film has several strong performances .,1
985,1422,"while locals will get a kick out of spotting cleveland sites , the rest of the world will enjoy a fast-paced comedy with quirks that might make the award-winning coen brothers envious .",1
4280,467,"a distant , even sterile , yet compulsively watchable look at the sordid life of hogan's heroes star bob crane .",1
1166,2181,pray has really done his subject justice .,1
1660,376,"often gruelling and heartbreaking to witness , but seldahl and wollter's sterling performances raise this far above the level of the usual maudlin disease movie .",1
283,1897,raimi and his team couldn't have done any better in bringing the story of spider-man to the big screen .,1
3280,22,a disturbing and frighteningly evocative assembly of imagery and hypnotic music composed by philip glass .,1
1707,1402,"there's really only one good idea in this movie , but the director runs with it and presents it with an unforgettable visual panache .",1
741,2473,"a sun-drenched masterpiece , part parlor game , part psychological case study , part droll social satire .",1
1911,2794,"this is dicaprio's best performance in anything ever , and easily the most watchable film of the year .",1
389,3360,a very good film sits in the place where a masterpiece should be .,1
3939,3208,a terrifically entertaining specimen of spielbergian sci-fi .,1
142,7305,"when not obscured by the booming bass-heavy soundtrack , the conversation presents the kind of linguistic fumbling not heard since macy gray's game of chinese whispers with mr bean .",0
3061,3714,"the chateau belongs to rudd , whose portrait of a therapy-dependent flakeball spouting french malapropisms . . . is a nonstop hoot .",1
3567,3474,"it works well enough , since the thrills pop up frequently , and the dispatching of the cast is as often imaginative as it is gory .",1
4130,752,"sharp , lively , funny and ultimately sobering film .",1
2590,743,it is so refreshing to see robin williams turn 180 degrees from the string of insultingly innocuous and sappy fiascoes he's been making for the last several years .,1
4649,1612,"as broad and cartoonish as the screenplay is , there is an accuracy of observation in the work of the director , frank novak , that keeps the film grounded in an undeniable social realism .",1
1679,1783,"a weird , arresting little ride .",1
777,2661,tsai ming-liang's ghosts are painfully aware of their not-being .,1
4591,606,skip work to see it at the first opportunity .,1
1866,1914,a thoroughly entertaining comedy that uses grant's own twist of acidity to prevent itself from succumbing to its own bathos .,1
4603,1799,it somehow managed to make its way past my crappola radar and find a small place in my heart,1
549,4376,"in the telling of a story largely untold , bui chooses to produce something that is ultimately suspiciously familiar .",0
2470,7077,"a mix of velocity and idiocy , this ruinous remake lacks the brawn -- and the brains -- of the 1970s original .",0
1738,2608,fulford-wierzbicki . . . deftly captures the wise-beyond-her-years teen .,1
2777,4167,"what the movie lacks in action it more than makes up for in drama , suspense , revenge , and romance .",1
1519,195,"whether you're moved and love it , or bored or frustrated by the film , you'll still feel something .",1
3160,3591,"i don't know if frailty will turn bill paxton into an a-list director , but he can rest contentedly with the knowledge that he's made at least one damn fine horror movie .",1
1421,2333,"fresh and raw like a blown-out vein , narc takes a walking-dead , cop-flick subgenre and beats new life into it .",1
4395,3775,"despite its lavish formalism and intellectual austerity , the film manages to keep you at the edge of your seat with its shape-shifting perils , political intrigue and brushes with calamity .",1
452,1321,forgettable horror -- more gory than psychological -- with a highly satisfying quotient of friday-night excitement and milla power .,1
3930,4035,"katz's documentary doesn't have much panache , but with material this rich it doesn't need it .",1
4379,8305,a late-night cable sexploitation romp masquerading as a thriller about the ruthless social order that governs college cliques .,0
1736,41,"the story loses its bite in a last-minute happy ending that's even less plausible than the rest of the picture . much of the way , though , this is a refreshingly novel ride .",1
1293,427,"there are moments in this account of the life of artist frida kahlo that are among cinema's finest this year . unfortunately , they're sandwiched in between the most impossibly dry account of kahlo's life imaginable .",1
635,4545,"it's hard to imagine any recent film , independent or otherwise , that makes as much of a mess as this one .",0
2788,3938,"khouri manages , with terrific flair , to keep the extremes of screwball farce and blood-curdling family intensity on one continuum .",1
2336,828,davis has filled out his cast with appealing fresh faces .,1
3228,3974,"what redeems the film is the cast , particularly the ya-yas themselves .",1
845,4015,diverting french comedy in which a husband has to cope with the pesky moods of jealousy .,1
1020,2771,"this new time machine is hardly perfect yet it proves surprisingly serviceable . even at its worst , it's not half-bad .",1
4260,738,"the ending does leave you unfulfilled , but these are performances to enjoy in a memorable ensemble piece .",1
3077,6423,"roger michell , who did an appealing job directing persuasion and notting hill in england , gets too artsy in his american debut .",0
3870,3545,a fairly enjoyable mixture of longest yard . . . and the 1999 guy ritchie caper lock stock and two smoking barrels .,1
3739,819,"the story may not be new , but australian director john polson , making his american feature debut , jazzes it up adroitly .",1
3581,3812,"a film centering on a traditional indian wedding in contemporary new delhi may not sound like specialized fare , but mira nair's film is an absolute delight for all audiences .",1
4533,109,"it might be tempting to regard mr . andrew and his collaborators as oddballs , but mr . earnhart's quizzical , charming movie allows us to see them , finally , as artists .",1
1692,6466,"for the most part , i spy was an amusing lark that will probably rank as one of murphy's better performances in one of his lesser-praised movies .",0
466,3658,"the film has a kind of hard , cold effect .",1
4607,715,a vivid cinematic portrait .,1
1967,707,"as a belated nod to some neglected all-stars , standing in the shadows of motown is cultural history of the best kind : informative , revealing and richly entertaining .",1
4056,5481,completely creatively stillborn and executed in a manner that i'm not sure could be a single iota worse . . . a soulless hunk of exploitative garbage .,0
2484,202,"as an entertainment , the movie keeps you diverted and best of all , it lightens your wallet without leaving a sting .",1
2709,2888,"el título no engaña : la película narra una historia donde una mujer enfrentará cierta realidad , y donde el sexo es . . .",1
4237,3968,"an overly familiar scenario is made fresh by an intelligent screenplay and gripping performances in this low-budget , video-shot , debut indie effort .",1
1088,2815,a bittersweet drama about the limbo of grief and how truth-telling can open the door to liberation .,1
1563,1863,"the pianist [is] a supremely hopeful cautionary tale of war's madness remembered that we , today , can prevent its tragic waste of life . here is a divine monument to a single man's struggle to regain his life , his dignity and his music .",1
1209,138,the film overcomes the regular minefield of coming-of-age cliches with potent doses of honesty and sensitivity .,1
3852,3442,"one of those rare films that come by once in a while with flawless amounts of acting , direction , story and pace .",1
3443,2449,a journey that is as difficult for the audience to take as it is for the protagonist -- yet it's potentially just as rewarding .,1
2281,3728,"an exceptionally acted , quietly affecting cop drama .",1
919,3699,a true-blue delight .,1
3159,2482,"a gorgeously strange movie , heaven is deeply concerned with morality , but it refuses to spell things out for viewers .",1
4423,213,a thoughtful look at a painful incident that made headlines in 1995 .,1
1420,3879,the large-format film is well suited to capture these musicians in full regalia and the incredible imax sound system lets you feel the beat down to your toes .,1
82,2275,"after watching it , you can only love the players it brings to the fore for the gifted but no-nonsense human beings they are and for the still-inestimable contribution they have made to our shared history .",1
3530,2519,beautifully crafted and cooly unsettling . . . recreates the atmosphere of the crime expertly .,1
1444,3141,a coming-of-age film that avoids the cartoonish clichés and sneering humor of the genre as it provides a fresh view of an old type -- the uncertain girl on the brink of womanhood .,1
2943,4082,"there's nothing like love to give a movie a b-12 shot , and cq shimmers with it .",1
3032,575,the experience of watching blobby old-school cgi animation in this superlarge format is just surreal enough to be diverting .,1
2626,3320,""" 13 conversations about one thing "" is an intelligent flick that examines many different ideas from happiness to guilt in an intriguing bit of storytelling .",1
3265,782,it has a subtle way of getting under your skin and sticking with you long after it's over .,1
2955,1172,"if the count of monte cristo doesn't transform caviezel into a movie star , then the game is even more rigged than it was two centuries ago .",1
208,2343,"whereas oliver stone's conspiracy thriller jfk was long , intricate , star-studded and visually flashy , interview with the assassin draws its considerable power from simplicity .",1
19,2961,secretary is just too original to be ignored .,1
1141,2308,"these three films form a remarkably cohesive whole , both visually and thematically , through their consistently sensitive and often exciting treatment of an ignored people .",1
4424,3497,"not as well-written as sexy beast , not as gloriously flippant as lock , stock and two smoking barrels , but stylish and moody and exceptionally well-acted .",1
1754,3053,"seeing seinfeld at home as he watches his own appearance on letterman with a clinical eye reminds you that the key to stand-up is to always make it look easy , even though the reality is anything but .",1
4023,4083,"a moving essay about the specter of death , especially suicide .",1
727,3931,piccoli gives a superb performance full of deep feeling .,1
3599,867,the disarming cornball atmosphere has a way of infecting the entire crowd as the film rolls on .,1
4585,7571,"here's a case of two actors who do everything humanly possible to create characters who are sweet and believable , and are defeated by a screenplay that forces them into bizarre , implausible behavior .",0
1227,3354,"beautifully crafted , engaging filmmaking that should attract upscale audiences hungry for quality and a nostalgic , twisty yarn that will keep them guessing .",1
1438,3685,the magic ( and original running time ) of ace japanimator hayao miyazaki's spirited away survives intact in bv's re-voiced version .,1
559,993,"highlights are the terrific performances by christopher plummer , as the prime villain , and nathan lane as vincent crummles , the eccentric theater company manager .",1
1168,3170,"this is not chabrol's best , but even his lesser works outshine the best some directors can offer .",1
1067,2701,"it's another retelling of alexandre dumas' classic . why ? who knows , but it works under the direction of kevin reynolds .",1
1478,309,"high on melodrama . but it's emotionally engrossing , too , thanks to strong , credible performances from the whole cast .",1
1280,1399,"i have no way of knowing exactly how much is exaggeration , but i've got a creepy feeling that the film is closer to the mark than i want to believe .",1
1546,1239,"ruzowitzky has taken this mothball-y stuff and made a rather sturdy , old-fashioned entertainment out of it .",1
246,553,"for all its failed connections , divine secrets of the ya-ya sisterhood is nurturing , in a gauzy , dithering way .",1
3941,1464,"more romantic , more emotional and ultimately more satisfying than the teary-eyed original .",1
1841,521,"greengrass has delivered an undoubted stylistic tour-de-force , and has managed elements such as sound and cinematography with skill",1
1651,615,it's a masterpiece .,1
1844,1556,"there is nothing outstanding about this film , but it is good enough and will likely be appreciated most by sailors and folks who know their way around a submarine .",1
3971,3149,"borrows a bit from the classics "" wait until dark "" and "" extremities "" . . . but in terms of its style , the movie is in a class by itself .",1
1201,3204,"with 'bowling for columbine , ' michael moore gives us the perfect starting point for a national conversation about guns , violence , and fear .",1
1975,7308,"'abandon all hope , ye who enter here' . . . you should definitely let dante's gloomy words be your guide .",0
2215,3937,"niccol the filmmaker merges his collaborators' symbolic images with his words , insinuating , for example , that in hollywood , only god speaks to the press",1
1152,398,kaufman creates an eerie sense of not only being there at the time of these events but the very night matthew was killed .,1
754,3783,"the lightest , most breezy movie steven spielberg has made in more than a decade . and the positive change in tone here seems to have recharged him .",1
3613,9,take care of my cat offers a refreshingly different slice of asian cinema .,1
274,2017,"defies logic , the laws of physics and almost anyone's willingness to believe in it . but darned if it doesn't also keep us riveted to our seats .",1
2798,3992,"300 years of russian history and culture compressed into an evanescent , seamless and sumptuous stream of consciousness .",1
293,7120,"if this movie belonged to a sorority , it would be called beta alpha delta .",0
1491,2030,succeeds only because bullock and grant were made to share the silver screen .,1
4084,3546,"happily , some things are immune to the folly of changing taste and attitude . for proof of that on the cinematic front , look no further than this 20th anniversary edition of the film that spielberg calls , retrospectively , his most personal work yet .",1
4539,2690,cho continues her exploration of the outer limits of raunch with considerable brio .,1
762,1565,'[the cockettes] provides a window into a subculture hell-bent on expressing itself in every way imaginable . ',1
874,2942,. . . manages to fall closer in quality to silence than to the abysmal hannibal .,1
1051,3326,"a fiercely clever and subtle film , capturing the precarious balance between the extravagant confidence of the exiled aristocracy and the cruel earnestness of the victorious revolutionaries .",1
1442,2325,"as part of mr . dong's continuing exploration of homosexuality in america , family fundamentals is an earnest study in despair .",1
554,3179,"13 conversations may be a bit too enigmatic and overly ambitious to be fully successful , but sprecher and her screenwriting partner and sister , karen sprecher , don't seem ever to run out of ideas .",1
1380,3240,if you can swallow its absurdities and crudities lagaan really is enormously good fun .,1
1197,5778,looks and feels like a project better suited for the small screen .,0
3815,2007,"while the film is not entirely successful , it still manages to string together enough charming moments to work .",1
517,329,"this is such a high-energy movie where the drumming and the marching are so excellent , who cares if the story's a little weak .",1
4391,3046,greengrass ( working from don mullan's script ) forgoes the larger socio-political picture of the situation in northern ireland in favour of an approach that throws one in the pulsating thick of a truly frightening situation .,1
2783,2437,there's plenty to impress about e . t .,1
807,650,"anchored by a terrific performance by abbass , satin rouge shows that the idea of women's self-actualization knows few continental divides .",1
398,1772,"wilco fans will have a great time , and the movie should win the band a few new converts , too .",1
2425,992,"it's [ricci's] best work yet , this girl-woman who sincerely believes she can thwart the world's misery with blind good will .",1
1011,314,"hu and liu offer natural , matter-of-fact performances that glint with sorrow , longing and love .",1
3271,1753,"s1m0ne's satire is not subtle , but it is effective . it's a quirky , off-beat project . . . .",1
3969,3632,a mesmerizing cinematic poem from the first frame to the last .,1
1304,1176,if your taste runs to 'difficult' films you absolutely can't miss it .,1
2379,208,"with the film's striking ending , one realizes that we have a long way to go before we fully understand all the sexual permutations involved .",1
641,3479,most of the things that made the original men in black such a pleasure are still there .,1
572,573,"a graceful , contemplative film that gradually and artfully draws us into a world where the personal and the political get fatally intertwined .",1
4059,1633,a movie that at its best doesn't just make the most out of its characters' flaws but insists on the virtue of imperfection .,1
1093,3473,kudos to the most enchanting film of the year .,1
902,1792,"in the disturbingly involving family dysfunctional drama how i killed my father , french director anne fontaine delivers an inspired portrait of male-ridden angst and the emotional blockage that accompanies this human condition",1
3569,2398,"the ring is worth a look , if you don't demand much more than a few cheap thrills from your halloween entertainment .",1
1268,4053,kaufman and jonze take huge risks to ponder the whole notion of passion -- our desire as human beings for passion in our lives and the emptiness one feels when it is missing .,1
2117,620,claude miller airs out a tight plot with an easy pace and a focus on character drama over crime-film complications .,1
2735,2495,"see it now , before the inevitable hollywood remake flattens out all its odd , intriguing wrinkles .",1
3453,3351,there's nothing more satisfying during a summer of event movies than a spy thriller like the bourne identity that's packed with just as much intelligence as action .,1
2055,1754,"while some will object to the idea of a vietnam picture with such a rah-rah , patriotic tone , soldiers ultimately achieves its main strategic objective : dramatizing the human cost of the conflict that came to define a generation .",1
412,795,it's as close as we'll ever come to looking through a photographer's viewfinder as he works .,1
4131,121,"unlike most teen flicks , swimming takes its time to tell its story , casts mostly little-known performers in key roles , and introduces some intriguing ambiguity .",1
2080,8353,"a dark-as-pitch comedy that frequently veers into corny sentimentality , probably would not improve much after a therapeutic zap of shock treatment .",0
993,1768,a story about intelligent high school students that deals with first love sweetly but also seriously . it is also beautifully acted .,1
4240,2923,"a comedy that is warm , inviting , and surprising .",1
2963,2926,trades run-of-the-mill revulsion for extreme unease .,1
3131,3429,brave and sweetly rendered love story .,1
2771,2822,"no worse a film than breaking out , and breaking out was utterly charming .",1
1962,4023,"the movie , despite its rough edges and a tendency to sag in certain places , is wry and engrossing .",1
1453,1678,"despite the film's shortcomings , the stories are quietly moving .",1
2148,1767,"the result is more depressing than liberating , but it's never boring .",1
3729,1619,meyjes' provocative film might be called an example of the haphazardness of evil .,1
1454,3663,"good performances and a realistic , non-exploitive approach make paid in full worth seeing .",1
2036,2374,"though it runs 163 minutes , safe conduct is anything but languorous . it's packed to bursting with incident , and with scores of characters , some fictional , some from history .",1
1592,3393,"a delightful surprise because despite all the backstage drama , this is a movie that tells stories that work -- is charming , is moving , is funny and looks professional .",1
188,555,compellingly watchable .,1
3292,1085,"we know the plot's a little crazy , but it held my interest from start to finish .",1
3081,3680,"sheds light on a subject few are familiar with , and makes you care about music you may not have heard before .",1
486,6210,"deadeningly dull , mired in convoluted melodrama , nonsensical jargon and stiff-upper-lip laboriousness .",0
2518,736,woo's fights have a distinct flair . his warriors collide in balletic explosion that implies an underlying order throughout the chaos .,1
3744,2803,blithely anachronistic and slyly achronological .,1
734,2779,"it's a treat watching shaw , a british stage icon , melting under the heat of phocion's attentions .",1
2918,977,"after making several adaptations of other writers' work , armenian-canadian director atom egoyan broached an original treatment of a deeply personal subject .",1
2182,5094,a movie so bad that it quickly enters the pantheon of wreckage that includes battlefield earth and showgirls .,0
265,250,"a thoughtful , moving piece that faces difficult issues with honesty and beauty .",1
3727,4002,"this big screen caper has a good bark , far from being a bow-wow .",1
1632,3180,"the movie is our story as much as it is schmidt's , no matter if it's viewed as a self-reflection or cautionary tale .",1
1842,1751,schütte's dramatic snapshot of the artist three days before his death offers an interesting bit of speculation as to the issues brecht faced as his life drew to a close .,1
2977,2231,"drug abuse , infidelity and death aren't usually comedy fare , but turpin's film allows us to chuckle through the angst .",1
2143,866,dolgin and franco fashion a fascinating portrait of a vietnamese-born youngster who eagerly and easily assimilated as an all-american girl with a brand new name in southern tennessee .,1
4469,3109,the bottom line is the piece works brilliantly .,1
2811,1066,a deep and meaningful film .,1
926,1924,"family portrait of need , neurosis and nervy negativity is a rare treat that shows the promise of digital filmmaking .",1
871,8285,distinctly sub-par . . . more likely to drown a viewer in boredom than to send any shivers down his spine .,0
1606,1604,"one of the best silly horror movies of recent memory , with some real shocks in store for unwary viewers .",1
2558,1728,"not everyone will welcome or accept the trials of henry kissinger as faithful portraiture , but few can argue that the debate it joins is a necessary and timely one .",1
1080,302,"i don't know precisely what to make of steven soderbergh's full frontal , though that didn't stop me from enjoying much of it .",1
630,5406,"the movie ends with outtakes in which most of the characters forget their lines and just utter 'uhhh , ' which is better than most of the writing in the movie .",0
4230,897,"nothing denis has made before , like beau travil and nenette et boni , could prepare us for this gory , perverted , sex-soaked riff on the cannibal genre .",1
3626,5175,"being unique doesn't necessarily equate to being good , no matter how admirably the filmmakers have gone for broke .",0
1432,83,an imaginative comedy/thriller .,1
2806,2553,"an uncomfortable movie , suffocating and sometimes almost senseless , the grey zone does have a center , though a morbid one .",1
177,2253,"all right , so it's not a brilliant piece of filmmaking , but it is a funny ( sometimes hilarious ) comedy with a deft sense of humor about itself , a playful spirit and a game cast .",1
4425,803,a psychological thriller with a smart script and an obsessive-compulsive's attention to detail .,1
2591,3138,"as a director , paxton is surprisingly brilliant , deftly sewing together what could have been a confusing and horrifying vision into an intense and engrossing head-trip .",1
4071,1793,"below may not mark mr . twohy's emergence into the mainstream , but his promise remains undiminished .",1
3334,2208,spielberg has managed to marry science fiction with film noir and action flicks with philosophical inquiry .,1
2671,3402,it's fairly solid--not to mention well edited so that it certainly doesn't feel like a film that strays past the two and a half mark .,1
3663,1940,"an entertaining british hybrid of comedy , caper thrills and quirky romance .",1
356,3768,"for those in search of something different , wendigo is a genuinely bone-chilling tale .",1
4593,2464,"between bursts of automatic gunfire , the story offers a trenchant critique of capitalism .",1
1926,1625,"it's not a great monster movie . but if you've paid a matinee price and bought a big tub of popcorn , there's guilty fun to be had here . chomp chomp !",1
404,4071,""" brown sugar "" admirably aspires to be more than another "" best man "" clone by weaving a theme throughout this funny film .",1
1744,1666,a solid piece of journalistic work that draws a picture of a man for whom political expedience became a deadly foreign policy .,1
4227,3874,"brash , intelligent and erotically perplexing , haneke's portrait of an upper class austrian society and the suppression of its tucked away demons is uniquely felt with a sardonic jolt .",1
1135,435,"the crime matters less than the characters , although the filmmakers supply enough complications , close calls and double-crosses to satisfy us .",1
706,2734,"like its predecessor , it's no classic , but it provides a reasonably attractive holiday contraption , one that families looking for a clean , kid-friendly outing should investigate .",1
3862,3762,it gives devastating testimony to both people's capacity for evil and their heroic capacity for good .,1
1885,3404,it's secondary to american psycho but still has claws enough to get inside you and stay there for a couple of hours .,1
2152,2095,"the journey to the secret's eventual discovery is a separate adventure , and thrill enough .",1
1229,929,". . . a haunting vision , with images that seem more like disturbing hallucinations .",1
4124,1889,"i've never bought from telemarketers , but i bought this movie .",1
4165,61,this is the best american movie about troubled teens since 1998's whatever .,1
3892,2802,the film runs on a little longer than it needs to -- muccino either doesn't notice when his story ends or just can't tear himself away from the characters -- but it's smooth and professional .,1
3382,528,"majidi's poetic love story is a ravishing consciousness-raiser , if a bit draggy at times .",1
4255,1712,a reasonably entertaining sequel to 1994's surprise family hit that may strain adult credibility .,1
2042,3523,"it is a challenging film , if not always a narratively cohesive one .",1
3850,6321,"the actors don't inhabit their roles -- they're trapped by them , forced to change behavior in bizarre unjustified fashion and spout dialog that consists mostly of platitudes .",0
1029,3064,director charles stone iii applies more detail to the film's music than to the story line ; what's best about drumline is its energy .,1
954,784,"it helps that the central performers are experienced actors , and that they know their roles so well .",1
1980,2813,it is quite a vision .,1
4245,3519,"' . . . the film's considered approach to its subject matter is too calm and thoughtful for agitprop , and the thinness of its characterizations makes it a failure as straight drama . '",1
1146,2653,could i have been more geeked when i heard that apollo 13 was going to be released in imax format ? in a word : no .,1
803,3987,"the spaniel-eyed jean reno infuses hubert with a mixture of deadpan cool , wry humor and just the measure of tenderness required to give this comic slugfest some heart .",1
3358,433,"the story feels more like a serious read , filled with heavy doses of always enticing sayles dialogue .",1
850,2132,what makes this film special is serry's ability to take what is essentially a contained family conflict and put it into a much larger historical context .,1
1506,2680,"a riveting profile of law enforcement , and a visceral , nasty journey into an urban hades .",1
1149,2891,a return to pure disney magic and is enjoyable family fare .,1
2866,3411,"secret ballot is a funny , puzzling movie ambiguous enough to be engaging and oddly moving .",1
4611,1798,lightweight but appealing .,1
2088,3766,"the screenplay never lets us forget that bourne was once an amoral assassin just like the ones who are pursuing him . . . there is never really a true "" us "" versus "" them "" .",1
1376,4036,"we get an image of big papa spanning history , rather than suspending it .",1
4256,2795,"witherspoon puts to rest her valley-girl image , but it's dench who really steals the show .",1
4667,1031,jagger the actor is someone you want to see again .,1
1636,1856,"i found the ring moderately absorbing , largely for its elegantly colorful look and sound .",1
2895,3773,"at once subtle and visceral , the film never succumbs to the trap of the maudlin or tearful , offering instead with its unflinching gaze a measure of faith in the future .",1
4322,3845,a surprisingly 'solid' achievement by director malcolm d . lee and writer john ridley .,1
542,2281,"its cast full of caffeinated comedy performances more than make up for its logical loopholes , which fly by so fast there's no time to think about them anyway .",1
17,2448,"exploits [headbanger] stereotypes in good fun , while adding a bit of heart and unsettling subject matter .",1
1899,228,despite its many infuriating flaws -- not the least of which is amy's self-absorbed personality -- amy's o's honesty will win you over .,1
2670,1308,holm . . . embodies the character with an effortlessly regal charisma .,1
2920,2206,the simplicity of the way home has few equals this side of aesop,1
1831,2723,sex is one of those films that aims to confuse .,1
2683,2864,"american and european cinema has amassed a vast holocaust literature , but it is impossible to think of any film more challenging or depressing than the grey zone .",1
4510,1824,"a touching , sophisticated film that almost seems like a documentary in the way it captures an italian immigrant family on the brink of major changes .",1
2399,1826,"an inventive , absorbing movie that's as hard to classify as it is hard to resist .",1
1859,3529,"like a skillful fisher , the director uses the last act to reel in the audience since its poignancy hooks us completely .",1
3248,7424,"human nature is a goofball movie , in the way that malkovich was , but it tries too hard .",0
856,2500,"it's bright , pristine style and bold colors make it as much fun as reading an oversized picture book before bedtime .",1
2873,523,"a romantic comedy , yes , but one with characters who think and talk about their goals , and are working on hard decisions .",1
120,1962,"even if you don't understand what on earth is going on , this is a movie that will stimulate hours of post viewing discussion , if only to be reminded of who did what to whom and why .",1
3182,8278,"it's a terrible movie in every regard , and utterly painful to watch .",0
2871,2271,"you may be captivated , as i was , by its moods , and by its subtly transformed star , and still wonder why paul thomas anderson ever had the inclination to make the most sincere and artful movie in which adam sandler will probably ever appear .",1
3504,3867,sparse but oddly compelling .,1
4365,42,fuller would surely have called this gutsy and at times exhilarating movie a great yarn .,1
3690,2834,"they're just a couple of cops in copmovieland , these two , but in narc , they find new routes through a familiar neighborhood .",1
1951,1145,so refreshingly incisive is grant that for the first time he'll probably appeal more to guys than to their girlfriends who drag them to this movie for the hugh factor .,1
3609,3567,"as a girl-meets-girl romantic comedy , kissing jessica steinis quirky , charming and often hilarious . yet it's not quite the genre-busting film it's been hyped to be because it plays everything too safe .",1
1847,2575,"while guzmán frustratingly refuses to give pinochet's crimes a political context , his distance from the material is mostly admirable .",1
4087,3021,"this filmed tosca -- not the first , by the way -- is a pretty good job , if it's filmed tosca that you want . i'll stay with the stage versions , however , which bite cleaner , and deeper .",1
4387,6969,"it's a bad sign when you're rooting for the film to hurry up and get to its subjects' deaths just so the documentary will be over , but it's indicative of how uncompelling the movie is unless it happens to cover your particular area of interest .",0
2845,1654,what could have been a daytime soap opera is actually a compelling look at a young woman's tragic odyssey .,1
2303,733,"a bold and subversive film that cuts across the grain of what is popular and powerful in this high-tech age , speaking its truths with spellbinding imagery and the entrancing music of philip glass .",1
4171,2848,"all comedy is subversive , but this unrelenting bleak insistence on opting out of any opportunity for finding meaning in relationships or work just becomes sad .",1
1640,3828,"hashiguchi vividly captures the way young japanese live now , chafing against their culture's manic mix of millennial brusqueness and undying , traditional politesse .",1
2225,91,the tenderness of the piece is still intact .,1
925,4650,"resident evil isn't a product of its cinematic predecessors so much as an mtv , sugar hysteria , and playstation cocktail .",0
2517,4194,"this is historical filmmaking without the balm of right-thinking ideology , either liberal or conservative . mr . scorsese's bravery and integrity in advancing this vision can hardly be underestimated .",1
3469,4088,"the overall result is an intelligent , realistic portrayal of testing boundaries .",1
4002,879,noyce films it more as a shocking history lesson than as drama .,1
2601,23,"not for everyone , but for those with whom it will connect , it's a nice departure from standard moviegoing fare .",1
3826,5315,it's hard to believe these jokers are supposed to have pulled off four similar kidnappings before .,0
3832,3730,"angel presents events partly from the perspective of aurelie and christelle , and infuses the film with the sensibility of a particularly nightmarish fairytale .",1
842,2945,takashi miike keeps pushing the envelope : ichi the killer,1
21,1414,"just as moving , uplifting and funny as ever .",1
3893,3089,bound to appeal to women looking for a howlingly trashy time .,1
4180,2041,"an honest , sensitive story from a vietnamese point of view .",1
959,657,"when your leading ladies are a couple of screen-eating dominatrixes like goldie hawn and susan sarandon at their raunchy best , even hokum goes down easily .",1
887,2801,"when it's not wallowing in hormonal melodrama , "" real women have curves "" is a sweet , honest , and enjoyable comedy-drama about a young woman who wants many things in life , but fears she'll become her mother before she gets to fulfill her dreams .",1
338,100,"chicago is sophisticated , brash , sardonic , completely joyful in its execution .",1
3183,7609,"as a director , eastwood is off his game -- there's no real sense of suspense , and none of the plot 'surprises' are really surprising .",0
1870,4230,"as the princess , sorvino glides gracefully from male persona to female without missing a beat . ben kingsley is truly funny , playing a kind of ghandi gone bad .",1
4033,2685,"it's a film that's destined to win a wide summer audience through word-of-mouth reviews and , not far down the line , to find a place among the studio's animated classics .",1
1333,5843,an unclassifiably awful study in self- and audience-abuse .,0
3813,106,a romantic comedy that operates by the rules of its own self-contained universe .,1
3882,482,one of [herzog's] least inspired works .,1
4679,2962,"that rare film whose real-life basis is , in fact , so interesting that no embellishment is needed .",1
4548,1485,atom egoyan has conjured up a multilayered work that tackles any number of fascinating issues,1
3938,4093,"while cherish doesn't completely survive its tonal transformation from dark comedy to suspense thriller , it's got just enough charm and appealing character quirks to forgive that still serious problem .",1
3856,3197,it's never dull and always looks good .,1
2832,2433,fulfills the minimum requirement of disney animation .,1
1791,2043,the film's intimate camera work and searing performances pull us deep into the girls' confusion and pain as they struggle tragically to comprehend the chasm of knowledge that's opened between them .,1
1463,8366,"while american adobo has its heart ( and its palate ) in the right place , its brain is a little scattered -- ditsy , even .",0
2770,852,"dark , resonant , inventively detailed and packed with fleet turns of plot and a feast of visual amazement .",1
2109,3693,"in a movie full of surprises , the biggest is that secret ballot is a comedy , both gentle and biting .",1
4546,3996,the film is one of the year's best .,1
3699,2304,". . . plenty of warmth to go around , with music and laughter and the love of family .",1
2338,3070,a uniquely sensual metaphorical dramatization of sexual obsession that spends a bit too much time on its fairly ludicrous plot .,1
1688,2031,"both flawed and delayed , martin scorcese's gangs of new york still emerges as his most vital work since goodfellas .",1
3124,1558,"an interesting story with a pertinent ( cinematically unique ) message , told fairly well and scored to perfection , i found myself struggling to put my finger on that elusive "" missing thing . """,1
2431,2964,"this isn't a stand up and cheer flick ; it's a sit down and ponder affair . and thanks to kline's superbly nuanced performance , that pondering is highly pleasurable .",1
3975,307,"roman coppola may never become the filmmaker his dad was , but heck  few filmmakers will . but based on cq , i'll certainly be keeping an eye out for his next project .",1
944,671,"the film benefits greatly from a less manic tone than its predecessor , as cho appears to have settled comfortably into her skin .",1
2602,1285,sexy and romantic .,1
4022,4198,"unfolds with such a wallop of you-are-there immediacy that when the bullets start to fly , your first instinct is to duck .",1
1836,1502,a romantic comedy enriched by a sharp eye for manners and mores .,1
3868,3963,"the word that comes to mind , while watching eric rohmer's tribute to a courageous scottish lady , is painterly .",1
3011,3408,"with an expressive face reminiscent of gong li and a vivid personality like zhang ziyi's , dong stakes out the emotional heart of happy .",1
4515,2492,gives an intriguing twist to the french coming-of-age genre .,1
1672,2636,ian holm conquers france as an earthy napoleon,1
292,684,the movie sticks much closer to hornby's drop-dead confessional tone than the film version of high fidelity did .,1
4317,1486,"essentially an exceptionally well-written , well-edited , well-directed , well-acted , bald rip-off of aliens .",1
4086,472,"[ "" take care of my cat "" ] is an honestly nice little film that takes us on an examination of young adult life in urban south korea through the hearts and minds of the five principals .",1
1600,3940,it's a solid movie about people whose lives are anything but .,1
3120,3362,"it's jagger's bone-dry , mournfully brittle delivery that gives the film its bittersweet bite .",1
591,4177,"if villainous vampires are your cup of blood , blade 2 is definitely a cut above the rest .",1
1172,321,. . . always remains movingly genuine .,1
3165,2578,"white oleander may leave you rolling your eyes in the dark , but that doesn't mean you won't like looking at it .",1
3865,3935,sayles has an eye for the ways people of different ethnicities talk to and about others outside the group .,1
2732,1628,"others , more attuned to the anarchist maxim that 'the urge to destroy is also a creative urge' , or more willing to see with their own eyes , will find morrison's iconoclastic uses of technology to be liberating .",1
2964,3806,"koury frighteningly and honestly exposes one teenager's uncomfortable class resentment and , in turn , his self-inflicted retaliation .",1
479,1023,"sturdy , entertaining period drama . . . both caine and fraser have their moments .",1
4513,7958,does not go far enough in its humor or stock ideas to stand out as particularly memorable or even all that funny .,0
3990,4207,nicely combines the enigmatic features of 'memento' with the hallucinatory drug culture of 'requiem for a dream . ',1
4625,648,much of the movie's charm lies in the utter cuteness of stuart and margolo . their computer-animated faces are very expressive .,1
4578,20,"a thoughtful , provocative , insistently humanizing film .",1
3098,1183,"' . . . mafia , rap stars and hood rats butt their ugly heads in a regurgitation of cinematic violence that gives brutal birth to an unlikely , but likable , hero . '",1
1206,1448,"contando com uma premissa curiosa , o filme mergulha o espectador em um clima de forte suspense , culminando em um desfecho que certamente fica na memória .",1
1228,1089,"writer/director joe carnahan's grimy crime drama is a manual of precinct cliches , but it moves fast enough to cover its clunky dialogue and lapses in logic .",1
4452,2386,"a mess , but it's a sincere mess .",1
2034,509,for all its serious sense of purpose . . . [it] finds a way to lay bare the tragedies of its setting with a good deal of warmth and humor .,1
116,4193,"eight legged freaks is clever and funny , is amused by its special effects , and leaves you feeling like you've seen a movie instead of an endless trailer .",1
2703,76,"a screenplay more ingeniously constructed than "" memento """,1
1705,2644,"while obviously aimed at kids , the country bears . . . should keep parents amused with its low groan-to-guffaw ratio .",1
642,2954,it's a fun adventure movie for kids ( of all ages ) that like adventure .,1
4421,7046,most of the action setups are incoherent .,0
3874,1954,"at the end , when the now computerized yoda finally reveals his martial artistry , the film ascends to a kinetic life so teeming that even cranky adults may rediscover the quivering kid inside .",1
123,2896,"even as it pays earnest homage to turntablists and beat jugglers , old schoolers and current innovators , scratch is great fun , full of the kind of energy it's documenting .",1
4301,1472,"smith is careful not to make fun of these curious owners of architectural oddities . instead , he shows them the respect they are due .",1
2454,1108,for the most part stevens glides through on some solid performances and witty dialogue .,1
4330,2210,"a taut , sobering film .",1
1102,3674,"comedian , like its subjects , delivers the goods and audiences will have a fun , no-frills ride .",1
2053,4629,"a movie just for friday fans , critics be damned . if you already like this sort of thing , this is that sort of thing all over again .",0
582,1177,"[city] reminds us how realistically nuanced a robert de niro performance can be when he is not more lucratively engaged in the shameless self-caricature of 'analyze this' ( 1999 ) and 'analyze that , ' promised ( or threatened ) for later this year .",1
3441,3245,an asian neo-realist treasure .,1
872,1253,huppert's superbly controlled display of murderous vulnerability ensures that malice has a very human face .,1
3154,1855,the entire movie establishes a wonderfully creepy mood .,1
2919,259,"using his audience as a figurative port-of-call , dong pulls his even-handed ideological ship to their dock for unloading , before he continues his longer journey still ahead .",1
4228,8316,"swimfan , like fatal attraction , eventually goes overboard with a loony melodramatic denouement in which a high school swimming pool substitutes for a bathtub .",0
205,102,a refreshing korean film about five female high school friends who face an uphill battle when they try to take their relationships into deeper waters .,1
2773,2614,less an examination of neo-nazism than a probe into the nature of faith itself .,1
4617,1214,a film about a young man finding god that is accessible and touching to the marrow .,1
2893,2439,"until it goes off the rails in its final 10 or 15 minutes , wendigo , larry fessenden's spooky new thriller , is a refreshingly smart and newfangled variation on several themes derived from far less sophisticated and knowing horror films .",1
1609,4047,"yes , mibii is rote work and predictable , but with a philosophical visual coming right at the end that extravagantly redeems it .",1
3134,7662,"her film is like a beautiful food entrée that isn't heated properly , so that it ends up a bit cold and relatively flavorless .",0
1670,1534,brilliantly explores the conflict between following one's heart and following the demands of tradition .,1
363,1913,"it makes compelling , provocative and prescient viewing .",1
4648,3098,"a wild , endearing , masterful documentary .",1
916,7483,"director jay russell stomps in hobnail boots over natalie babbitt's gentle , endearing 1975 children's novel .",0
1570,2347,"a powerful and telling story that examines forbidden love , racial tension , and other issues that are as valid today as they were in the 1950s .",1
1573,774,an amazing and incendiary movie that dives straight into the rough waters of contradiction .,1
682,3039,"what [denis] accomplishes in his chilling , unnerving film is a double portrait of two young women whose lives were as claustrophic , suffocating and chilly as the attics to which they were inevitably consigned .",1
272,2720,". . . in no way original , or even all that memorable , but as downtown saturday matinee brain candy , it doesn't disappoint .",1
418,3960,devos delivers a perfect performance that captures the innocence and budding demons within a wallflower .,1
3978,2262,"a jewish ww ii doc that isn't trying simply to out-shock , out-outrage or out-depress its potential audience ! who knew . . .",1
2223,614,"despite a story predictable enough to make the sound of music play like a nail-biting thriller , its heart is so much in the right place it is difficult to get really peeved at it .",1
820,1630,time out is existential drama without any of the pretension associated with the term .,1
2126,3268,"highly recommended viewing for its courage , ideas , technical proficiency and great acting .",1
2614,3813,a weird and wonderful comedy .,1
4052,2002,"if [jaglom's] latest effort is not the director at his most sparkling , some of its repartee is still worth hearing .",1
2892,1664,"too often , son of the bride becomes an exercise in trying to predict when a preordained "" big moment "" will occur and not "" if . """,1
355,1113,a rigorously structured and exquisitely filmed drama about a father and son connection that is a brief shooting star of love .,1
977,3650,it's a feel-good movie about which you can actually feel good .,1
1276,7244,"this film is full of rabbits . brimful . but like most rabbits , it seems to lack substance .",0
4526,2092,i hope the movie is widely seen and debated with appropriate ferocity and thoughtfulness .,1
3617,789,hawke draws out the best from his large cast in beautifully articulated portrayals that are subtle and so expressive they can sustain the poetic flights in burdette's dialogue .,1
4198,411,"a hip ride into hyper-time , clockstoppers is a lively and enjoyable adventure for all ages at any time .",1
2532,3274,marshall puts a suspenseful spin on standard horror flick formula .,1
4554,2808,"on its own , big trouble could be considered a funny little film .",1
127,8449,"ritchie's film is easier to swallow than wertmuller's polemical allegory , but it's self-defeatingly decorous .",0
4638,1927,director david jacobson gives dahmer a consideration that the murderer never game his victims .,1
3376,4052,"lee's achievement extends to his supple understanding of the role that brown played in american culture as an athlete , a movie star , and an image of black indomitability .",1
3137,4086,". . . a somber film , almost completely unrelieved by any comedy beyond the wistful everyday ironies of the working poor .",1
2322,2533,a beguiling evocation of the quality that keeps dickens evergreen : the exuberant openness with which he expresses our most basic emotions .,1
3594,4145,"though it's equally solipsistic in tone , the movie has enough vitality to justify the notion of creating a screen adaptation of evans' saga of hollywood excess .",1
2011,1569,""" birthday girl "" is an actor's movie first and foremost .",1
1133,487,there's no denying the physically spectacular qualities of the film . . . or the emotional integrity of the performances .,1
4076,6624,"when perry fists a bull at the moore farm , it's only a matter of time before he gets the upper hand in matters of the heart .",0
568,3854,"the film's highlight is definitely its screenplay , both for the rhapsodic dialogue that jumps off the page , and for the memorable character creations .",1
1175,3278,"take any 12-year-old boy to see this picture , and he'll be your slave for a year .",1
896,3357,"daughter from danang reveals that efforts toward closure only open new wounds . it doesn't flinch from its unsettling prognosis , namely , that the legacy of war is a kind of perpetual pain .",1
2418,6303,the ending is a cop-out . what happens to john q ? i don't have an i am sam clue .,0
1041,231,polished korean political-action film is just as good -- and bad -- as hollywood action epics . is this progress ?,1
2579,2583,"a fine effort , an interesting topic , some intriguing characters and a sad ending . certainly the big finish wasn't something galinsky and hawley could have planned for . . . but part of being a good documentarian is being there when the rope snaps .",1
1577,911,the am-radio soundtrack and game cast -- tierney and the inimitable walken especially -- keep this unusual comedy from choking on its own conceit .,1
4422,2141,the paradiso's rusted-out ruin and ultimate collapse during the film's final ( restored ) thirdemotionally belittle a cinema classic . sometimes shorter is better .,1
1517,581,the drama is played out with such aching beauty and truth that it brings tears to your eyes .,1
2169,485,never [sinks] into exploitation .,1
4494,2729,"delivers the sexy razzle-dazzle that everyone , especially movie musical fans , has been hoping for .",1
3686,742,i don't think i've been as entranced and appalled by an asian film since shinya tsukamoto's iron man .,1
548,1334,"holy mad maniac in a mask , splat-man ! good old-fashioned slash-and-hack is back !",1
632,2204,the komediant is a tale worth catching .,1
4287,3995,less the sensational true-crime hell-jaunt purists might like and more experimental in its storytelling ( though no less horrifying for it ) .,1
2102,2471,"a solid cast , assured direction and complete lack of modern day irony .",1
3389,1134,"beautifully observed , miraculously unsentimental comedy-drama .",1
3475,175,engagingly captures the maddening and magnetic ebb and flow of friendship .,1
3736,971,the two leads chomp considerably more scenery with their acting than fire-breathing monsters barbecue with their breath . . .,1
373,3276,"though lan yu lacks a sense of dramatic urgency , the film makes up for it with a pleasing verisimilitude .",1
3494,2935,"michael moore has perfected the art of highly entertaining , self-aggrandizing , politically motivated documentary-making , and he's got as potent a topic as ever here .",1
2554,401,"it represents better-than-average movie-making that doesn't demand a dumb , distracted audience .",1
1971,3502,we do get the distinct impression that this franchise is drawing to a close .,1
2146,122,"an enthralling , playful film that constantly frustrates our desire to know the 'truth' about this man , while deconstructing the very format of the biography in a manner that derrida would doubtless give his blessing to .",1
4063,2859,the trials of henry kissinger is a remarkable piece of filmmaking  because you get it .,1
1331,1977,there's plenty to enjoy -- in no small part thanks to lau .,1
1163,5533,this picture is mostly a lump of run-of-the-mill profanity sprinkled with a few remarks so geared toward engendering audience sympathy that you might think he was running for office -- or trying to win over a probation officer .,0
295,3624,leigh makes these lives count . and he allows a gawky actor like spall -- who could too easily become comic relief in any other film -- to reveal his impressively delicate range .,1
634,4250,"expands the limits of what a film can be , taking us into the lives of women to whom we might not give a second look if we passed them on the street .",1
4104,178,thoroughly enjoyable .,1
323,4109,ali's graduation from little screen to big is far less painful than his opening scene encounter with an over-amorous terrier .,1
4202,3561,"swimming is above all about a young woman's face , and by casting an actress whose face projects that woman's doubts and yearnings , it succeeds .",1
1112,2755,"faithful without being forceful , sad without being shrill , "" a walk to remember "" succeeds through sincerity .",1
2954,149,"more a load of enjoyable , conan-esque claptrap than the punishing , special-effects soul assaults the mummy pictures represent .",1
2065,7174,[u]nrelentingly stupid .,0
3426,2103,a film of ideas and wry comic mayhem .,1
3959,3061,"at the film's centre is a precisely layered performance by an actor in his mid-seventies , michel piccoli .",1
575,1444,it's great escapist fun that recreates a place and time that will never happen again .,1
1924,2382,"a movie that's just plain awful but still manages to entertain on a guilty-pleasure , so-bad-it's-funny level .",1
1560,812,it's absolutely spooky how lillard channels the shagster right down to the original casey kasem-furnished voice .,1
2453,3305,an infinitely wittier version of the home alone formula .,1
3718,3832,"not as good as the full monty , but a really strong second effort .",1
2988,3403,"brims with passion : for words , for its eccentric , accident-prone characters , and for the crazy things that keep people going in this crazy life .",1
2048,3060,funny and also heartwarming without stooping to gooeyness .,1
4634,3047,a thought-provoking and often-funny drama about isolation .,1
2220,363,it's a movie -- and an album -- you won't want to miss .,1
4304,1616,stevens' vibrant creative instincts are the difference between this and countless other flicks about guys and dolls .,1
2429,3921,showtime is a fine-looking film with a bouncy score and a clutch of lively songs for deft punctuation .,1
1694,946,"a perverse little truffle , dainty psychological terror on the outside with a creamy filling of familial jealousy and unrepentant domestic psychopathy .",1
3695,762,"often hilarious , well-shot and , importantly , entertaining , hell house is a fascinating document of an event that has to be seen to be believed .",1
2479,4227,russian ark is a new treasure of the hermitage .,1
4420,2843,"though the story . . . is hackneyed , the characters have a freshness and modesty that transcends their predicament .",1
4284,71,a compelling coming-of-age drama about the arduous journey of a sensitive young girl through a series of foster homes and a fierce struggle to pull free from her dangerous and domineering mother's hold over her .,1
3946,694,"reinforces the often forgotten fact of the world's remarkably varying human population and mindset , and its capacity to heal using creative , natural and ancient antidotes .",1
3299,2447,"a lot of the credit for the film's winning tone must go to grant , who hasn't lost a bit of the dry humor that first made audiences on both sides of the atlantic love him .",1
2784,5828,just one bad idea after another .,0
2995,3423,a . . . cynical and serious look at teenage boys doing what they do best - being teenagers .,1
3844,3838,the characters are more deeply thought through than in most 'right-thinking' films .,1
1078,3483,a film that's flawed and brilliant in equal measure .,1
4327,2770,"it is a happy , heady jumble of thought and storytelling , an insane comic undertaking that ultimately coheres into a sane and breathtakingly creative film .",1
2713,639,"light , silly , photographed with colour and depth , and rather a good time .",1
1695,2991,a giddy and provocative sexual romp that has something to say .,1
3840,2355,"secretary manages a neat trick , bundling the flowers of perversity , comedy and romance into a strangely tempting bouquet of a movie .",1
3437,1553,the minor figures surrounding [bobby] . . . form a gritty urban mosaic .,1
2613,5925,the film's few ideas are stretched to the point of evaporation ; the whole central section is one big chase that seems to have no goal and no urgency . it's just filler .,0
718,1272,"it's unnerving to see recoing's bizzarre reaction to his unemployment . good film , but very glum .",1
2622,712,ofrece una buena oportunidad de cultura ( aunque sea condensada ) que bien vale la pena aprovechar .,1
301,3544,delivers more than its fair share of saucy hilarity .,1
3591,1320,overall very good for what it's trying to do .,1
4418,3364,"despite the predictable parent vs . child coming-of-age theme , first-class , natural acting and a look at "" the real americans "" make this a charmer .",1
4369,6242,"the x potion gives the quickly named blossom , bubbles and buttercup supernatural powers that include extraordinary strength and laser-beam eyes , which unfortunately don't enable them to discern flimsy screenplays .",0
1184,3840,"it's fun , splashy and entertainingly nasty .",1
1644,973,never once predictable .,1
3162,1317,it's made with deftly unsettling genre flair .,1
2394,3774,"the performances of the children , untrained in acting , have an honesty and dignity that breaks your heart .",1
1461,3301,"it's not going to be everyone's bag of popcorn , but it definitely gives you something to chew on .",1
857,1710,"a sensitive , moving , brilliantly constructed work .",1
2941,4171,a film about female friendship that men can embrace and women will talk about for hours .,1
3659,2431,a spiffy animated feature about an unruly adolescent boy who is yearning for adventure and a chance to prove his worth .,1
1795,1938,'stock up on silver bullets for director neil marshall's intense freight train of a film . ',1
3435,2337,the cast comes through even when the movie doesn't .,1
2079,3463,this story of a determined woman's courage to find her husband in a war zone offers winning performances and some effecting moments .,1
2805,1388,"'frailty "" starts out like a typical bible killer story , but it turns out to be significantly different ( and better ) than most films with this theme .",1
3301,6023,feels too formulaic and too familiar to produce the transgressive thrills of early underground work .,0
163,3257,garcia and the other actors help make the wobbly premise work .,1
2460,129,"it is nature against progress . in fessenden's horror trilogy , this theme has proved important to him and is especially so in the finale .",1
2033,4040,a thought-provoking picture .,1
2939,1726,"this english-language version . . . does full honor to miyazaki's teeming and often unsettling landscape , and to the conflicted complexity of his characters .",1
4035,3259,"a fascinating , unnerving examination of the delusions of one unstable man .",1
2940,2357,photographed with melancholy richness and eloquently performed yet also decidedly uncinematic .,1
198,5553,"generic slasher-movie nonsense , but it's not without style .",0
2319,2066,an interesting look behind the scenes of chicago-based rock group wilco . . .,1
2472,459,fisher has bared his soul and confronted his own shortcomings here in a way . . . that feels very human and very true to life .,1
3577,147,"waydowntown is by no means a perfect film , but its boasts a huge charm factor and smacks of originality .",1
631,662,"for its seriousness , high literary aspirations and stunning acting , the film can only be applauded .",1
4530,832,"if mr . zhang's subject matter is , to some degree at least , quintessentially american , his approach to storytelling might be called iranian .",1
996,1273,"much as we might be interested in gratuitous sexualization , haneke has a different objective in mind--namely the implications of our craving for fake stimulation .",1
3303,3857,the film is bright and flashy in all the right ways .,1
752,385,"a deceivingly simple film , one that grows in power in retrospect .",1
3768,3943,wiseman reveals the victims of domestic abuse in all of their pity and terror .,1
955,2878,it's virtually impossible to like any of these despicable characters .,1
4276,1632,writer/director alexander payne ( election ) and his co-writer jim taylor brilliantly employ their quirky and fearless ability to look american angst in the eye and end up laughing .,1
2979,1323,"it may seem long at 110 minutes if you're not a fan , because it includes segments of 12 songs at a reunion concert .",1
2501,1450,". . . brian de palma is utterly mad : cinema mad , set-piece mad , style mad . it's a beautiful madness .",1
2464,3821,"a wonderful , ghastly film .",1
2836,207,"narc may not get an 'a' for originality , but it wears its b-movie heritage like a badge of honor .",1
2616,3647,"what saves it . . . and makes it one of the better video-game-based flicks , is that the film acknowledges upfront that the plot makes no sense , such that the lack of linearity is the point of emotional and moral departure for protagonist alice .",1
3039,1245,"by the time we learn that andrew's turnabout is fair play is every bit as awful as borchardt's coven , we can enjoy it anyway .",1
1645,797,"witty , touching and well paced .",1
920,1840,"made to be jaglomized is the cannes film festival , the annual riviera spree of flesh , buzz , blab and money . the charming result is festival in cannes .",1
2210,1551,"majidi is an unconventional storyteller , capable of finding beauty in the most depressing places .",1
4521,2714,although commentary on nachtwey is provided . . . it's the image that really tells the tale .,1
1460,2354,it manages to squeeze by on angelina jolie's surprising flair for self-deprecating comedy .,1
2944,3327,"ok arthouse . the power of this script , and the performances that come with it , is that the whole damned thing didn't get our moral hackles up .",1
433,2959,"what's most refreshing about real women have curves is its unforced comedy-drama and its relaxed , natural-seeming actors .",1
2610,4254,"the underworld urban angst is derivative of martin scorsese's taxi driver and goodfellas , but this film speaks for itself .",1
300,3710,one fantastic ( and educational ) documentary .,1
3241,604,"this is as powerful a set of evidence as you'll ever find of why art matters , and how it can resonate far beyond museum walls and through to the most painfully marginal lives .",1
3985,6221,it takes talent to make a lifeless movie about the most heinous man who ever lived .,0
1167,525,". . . a weak , manipulative , pencil-thin story that is miraculously able to entertain anyway .",1
2925,2893,a triumph of pure craft and passionate heart .,1
3202,3227,"a smart , compelling drama .",1
91,3779,superbly photographed and staged by mendes with a series of riveting set pieces the likes of which mainstream audiences have rarely seen .,1
1638,3266,steers refreshingly clear of the usual cliches .,1
4360,721,"it's a good film -- not a classic , but odd , entertaining and authentic .",1
1603,1881,""" it's all about the image . """,1
3270,163,"if you can get past the fantastical aspects and harsh realities of "" the isle "" you'll get a sock-you-in-the-eye flick that is a visual tour-de-force and a story that is unlike any you will likely see anywhere else .",1
1369,3071,"if you like peace , you'll like promises .",1
159,3566,"while this has the making of melodrama , the filmmaker cuts against this natural grain , producing a work that's more interested in asking questions than in answering them .",1
2304,2811,a beautifully observed character piece .,1
826,2193,"béart and berling are both superb , while huppert . . . is magnificent .",1
3150,2409,an emotionally strong and politically potent piece of cinema .,1
4398,2148,"mastering its formidable arithmetic of cameras and souls , group articulates a flood of emotion .",1
4298,3036,"what lee does so marvelously compelling is present brown as a catalyst for the struggle of black manhood in restrictive and chaotic america . . . sketchy but nevertheless gripping portrait of jim brown , a celebrated wonder in the spotlight",1
2722,1515,the movie understands like few others how the depth and breadth of emotional intimacy give the physical act all of its meaning and most of its pleasure .,1
3436,2744,"the film's constant mood of melancholy and its unhurried narrative are masterfully controlled . but  in trying to capture the novel's deeper intimate resonances , the film has  ironically - distanced us from the characters .",1
2066,3290,audacious-impossible yet compelling . . .,1
1821,5830,"though moonlight mile is replete with acclaimed actors and actresses and tackles a subject that's potentially moving , the movie is too predictable and too self-conscious to reach a level of high drama .",0
52,62,disney has always been hit-or-miss when bringing beloved kids' books to the screen . . . tuck everlasting is a little of both .,1
848,2013,jackson and co have brought back the value and respect for the term epic cinema .,1
3483,4983,you'd be hard put to find a movie character more unattractive or odorous [than leon] .,0
4182,2272,"there is no substitute for on-screen chemistry , and when friel pulls the strings that make williams sink into melancholia , the reaction in williams is as visceral as a gut punch .",1
3129,3676,"pipe dream does have its charms . the leads are natural and lovely , the pace is serene , the humor wry and sprightly .",1
720,4128,"a slam-bang extravaganza that is all about a wild-and-woolly , wall-to-wall good time .",1
3103,3195,"every once in a while , a movie will come along that turns me into that annoying specimen of humanity that i usually dread encountering the most - the fanboy",1
581,6744,dawdles and drags when it should pop ; it doesn't even have the virtue of enough mindless violence to break up the tedium of all its generational bonding .,0
4618,1372,"challenging , intermittently engrossing and unflaggingly creative . but it's too long and too convoluted and it ends in a muddle .",1
593,2274,"a mix of gritty realism , crisp storytelling and radiant compassion that effortlessly draws you in .",1
4047,530,effectively feeds our senses with the chilling sights and sounds from within the camp to create a completely numbing experience .,1
2110,477,like old myths and wonder tales spun afresh .,1
24,2820,an hour and a half of joyful solo performance .,1
3089,2710,"jeong-hyang lee's film is deceptively simple , deeply satisfying .",1
1778,3933,the rare movie that's as crisp and to the point as the novel on which it's based .,1
307,2444,[fincher's] camera sense and assured pacing make it an above-average thriller .,1
1997,3018,a poignant comedy that offers food for thought .,1
138,2330,"even bigger and more ambitious than the first installment , spy kids 2 looks as if it were made by a highly gifted 12-year-old instead of a grown man .",1
1895,7814,death might be a release .,0
3673,759,"the 3d images only enhance the film's otherworldly quality , giving it a strange combo of you-are-there closeness with the disorienting unreality of the seemingly broken-down fourth wall of the movie screen .",1
2879,3731,"who needs mind-bending drugs when they can see this , the final part of the 'qatsi' trilogy , directed by godfrey reggio , with music by philip glass ?",1
3429,2131,this may be burns's strongest film since the brothers mcmullen .,1
4048,5026,i suspect that there are more interesting ways of dealing with the subject .,0
3976,2120,"wedding feels a bit anachronistic . still , not every low-budget movie must be quirky or bleak , and a happy ending is no cinematic sin .",1
1665,414,"the story wraps back around on itself in the kind of elegant symmetry that's rare in film today , but be warned : it's a slow slog to get there .",1
2904,4154,"the charm of the first movie is still there , and the story feels like the logical , unforced continuation of the careers of a pair of spy kids .",1
1614,3691,"this enthralling documentary . . . is at once playful and haunting , an in-depth portrait of an iconoclastic artist who was fundamentally unknowable even to his closest friends .",1
2902,3482,[westbrook] makes a wonderful subject for the camera .,1
1991,5817,the iditarod lasts for days - this just felt like it did .,0
3640,3078,"it's a lovely , sad dance highlighted by kwan's unique directing style .",1
694,756,the recording session is the only part of the film that is enlightening -- and how appreciative you are of this depends on your level of fandom .,1
3698,8373,turns a potentially interesting idea into an excruciating film school experience that plays better only for the film's publicists or for people who take as many drugs as the film's characters,0
4103,3744,"although made on a shoestring and unevenly acted , conjures a lynch-like vision of the rotting underbelly of middle america .",1
1801,2867,"in auteil's less dramatic but equally incisive performance , he's a charismatic charmer likely to seduce and conquer .",1
4531,591,a carefully structured scream of consciousness that is tortured and unsettling--but unquestionably alive .,1
3513,3145,"takes you by the face , strokes your cheeks and coos beseechingly at you : slow down , shake off your tensions and take this picture at its own breezy , distracted rhythms .",1
3980,1302,"an absurdist comedy about alienation , separation and loss .",1
1500,60,"a pleasant enough movie , held together by skilled ensemble actors .",1
1286,4258,"the journey is worth your time , especially if you have ellen pompeo sitting next to you for the ride .",1
4093,4200,an unflinching look at the world's dispossessed .,1
828,3609,"those prone to indignation need not apply ; those susceptible to blue hilarity , step right up .",1
53,4130,"is red dragon worthy of a place alongside the other hannibal movies ? as hannibal would say , yes , 'it's like having an old friend for dinner' .",1
3442,2817,salma goes native and she's never been better in this colorful bio-pic of a mexican icon .,1
1790,6694,"in the second half of the film , frei's control loosens in direct proportion to the amount of screen time he gives nachtwey for self-analysis .",0
1597,1330,one of the smartest takes on singles culture i've seen in a long time .,1
2583,4142,"a stylish but steady , and ultimately very satisfying , piece of character-driven storytelling .",1
3225,861,"this concoction , so bizarre to the adult mind , is actually a charming triumph where its intended under-12 audience is concerned .",1
443,3216,"a sloppy , amusing comedy that proceeds from a stunningly unoriginal premise .",1
1851,1463,"birthday girl is an amusing joy ride , with some surprisingly violent moments .",1
448,230,"day is not a great bond movie , but it is a good bond movie , which still makes it much better than your typical bond knock-offs .",1
1277,1520,"filmmakers who can deftly change moods are treasures and even marvels . so , too , is this comedy about mild culture clashing in today's new delhi .",1
4673,3049,mama africa pretty much delivers on that promise . it does give you a peek . the main problem being that it's only a peek .,1
3603,1843,a rip-roaring comedy action fest that'll put hairs on your chest .,1
449,3973,"there's not much to fatale , outside of its stylish surprises . . . but that's ok .",1
4405,1594,"by no means a slam-dunk and sure to ultimately disappoint the action fans who will be moved to the edge of their seats by the dynamic first act , it still comes off as a touching , transcendent love story .",1
3615,4066,"like the full monty , this is sure to raise audience's spirits and leave them singing long after the credits roll .",1
3418,6766,"even as lame horror flicks go , this is lame .",0
2801,2149,"a pretty decent kid-pleasing , tolerable-to-adults lark of a movie .",1
639,2937,"about a boy vividly recalls the cary grant of room for one more , houseboat and father goose in its affectionate depiction of the gentle war between a reluctant , irresponsible man and the kid who latches onto him .",1
4172,1689,"the saigon of 1952 is an uneasy mix of sensual delights and simmering violence , and the quiet american brings us right into the center of that world .",1
1766,1338,the fly-on-the-wall method used to document rural french school life is a refreshing departure from the now more prevalent technique of the docu-makers being a visible part of their work .,1
721,3100,"brown sugar signals director rick famuyiwa's emergence as an articulate , grown-up voice in african-american cinema .",1
297,13,"one of the greatest family-oriented , fantasy-adventure movies ever .",1
2166,3701,"unlike lots of hollywood fluff , this has layered , well-developed characters and some surprises .",1
822,2426,"pure cinematic intoxication , a wildly inventive mixture of comedy and melodrama , tastelessness and swooning elegance .",1
3827,1985,"a thoughtful movie , a movie that is concerned with souls and risk and schemes and the consequences of one's actions .",1
1273,4158,"an 83 minute document of a project which started in a muddle , seesawed back and forth between controlling interests multiple times , then found its sweet spot",1
2333,2056,"a movie that will surely be profane , politically charged music to the ears of cho's fans .",1
2,4184,"a terrific date movie , whatever your orientation .",1
3612,860,"an elegant , exquisitely modulated psychological thriller .",1
970,1102,it's a coming-of-age story we've all seen bits of in other films -- but it's rarely been told with such affecting grace and cultural specificity .,1
3664,2952,"like its bizarre heroine , it irrigates our souls .",1
2890,3966,"really is a pan-american movie , with moments of genuine insight into the urban heart .",1
462,1432,"director of photography benoit delhomme shot the movie in delicious colors , and the costumes and sets are grand .",1
2032,2687,"if you're not totally weirded- out by the notion of cinema as community-therapy spectacle , quitting hits home with disorienting force .",1
2634,3604,features one of the most affecting depictions of a love affair ever committed to film .,1
483,2165,surprisingly powerful and universal .,1
2877,5023,new ways of describing badness need to be invented to describe exactly how bad it is .,0
4409,3790,"often messy and frustrating , but very pleasing at its best moments , it's very much like life itself .",1
4609,4631,wait for it to hit cable .,0
1308,4264,it's clear that mehta simply wanted to update her beloved genre for the thousands of indians who fancy themselves too sophisticated for the cheese-laced spectacles that pack 'em in on the subcontinent .,1
161,2394,"parts seem like they were lifted from terry gilliam's subconscious , pressed through kafka's meat grinder and into buñuel's casings",1
3563,1119,"may not have generated many sparks , but with his affection for astoria and its people he has given his tale a warm glow .",1
1631,1707,perhaps the best sports movie i've ever seen .,1
442,1381,michael gerbosi's script is economically packed with telling scenes .,1
3500,4025,"like rudy yellow lodge , eyre needs to take a good sweat to clarify his cinematic vision before his next creation and remember the lessons of the trickster spider .",1
1808,4051,here's yet another cool crime movie that actually manages to bring something new into the mix .,1
3385,1505,"one of those energetic surprises , an original that pleases almost everyone who sees it .",1
3967,2602,"this is lightweight filmmaking , to be sure , but it's pleasant enough -- and oozing with attractive men .",1
2716,2170,"a plethora of engaging diatribes on the meaning of 'home , ' delivered in grand passion by the members of the various households .",1
3410,3829,uneven but a lot of fun .,1
543,599,"branagh , in his most forceful non-shakespeare screen performance , grounds even the softest moments in the angry revolt of his wit .",1
3740,3941,"though a touch too arthouse 101 in its poetic symbolism , heaven proves to be a good match of the sensibilities of two directors .",1
519,2731,vincent gallo is right at home in this french shocker playing his usual bad boy weirdo role .,1
4599,269,it's solid and affecting and exactly as thought-provoking as it should be .,1
2217,1365,"what time is it there ? is not easy . it haunts you , you can't forget it , you admire its conception and are able to resolve some of the confusions you had while watching it .",1
2968,3991,"unexpected , and often contradictory , truths emerge .",1
3818,2235,"amazing ! a college story that works even without vulgarity , sex scenes , and cussing !",1
4293,2980,"despite a quieter middle section , involving aragorn's dreams of arwen , this is even better than the fellowship . there are scenes of cinematic perfection that steal your heart away .",1
4514,3827,"leigh's daring here is that without once denying the hardscrabble lives of people on the economic fringes of margaret thatcher's ruinous legacy , he insists on the importance of those moments when people can connect and express their love for each other .",1
2212,7129,too lazy to take advantage of its semi-humorous premise .,0
4285,3217,. . . a rich and intelligent film that uses its pulpy core conceit to probe questions of attraction and interdependence and how the heart accomodates practical needs . it is an unstinting look at a collaboration between damaged people that may or may not qual,1
3707,1972,"a delicious , quirky movie with a terrific screenplay and fanciful direction by michael gondry .",1
2405,5412,as inept as big-screen remakes of the avengers and the wild wild west .,0
1485,2188,"red dragon is less baroque and showy than hannibal , and less emotionally affecting than silence . but , like silence , it's a movie that gets under your skin .",1
1595,1865,"elegant , mannered and teasing .",1
4311,939,"the heightened symmetry of this new/old cinema paradiso makes the film a fuller experience , like an old friend haunted by the exigencies of time .",1
3905,1003,"smith's approach is never to tease , except gently and in that way that makes us consider our own eccentricities and how they are expressed through our homes .",1
1543,2429,"a classy , sprightly spin on film .",1
651,745,"lilia's transformation from strict mother to sensual siren is superficially preposterous , but abbas infuses the role with an unimpeachable core of emotional truth .",1
3566,1731,"despite its hawaiian setting , the science-fiction trimmings and some moments of rowdy slapstick , the basic plot of "" lilo "" could have been pulled from a tear-stained vintage shirley temple script .",1
1511,535,"a teasing drama whose relentless good-deed/bad-deed reversals are just interesting enough to make a sinner like me pray for an even more interesting , less symmetrical , less obviously cross-shaped creation .",1
4328,3918,a moving and important film .,1
3449,430,there are just enough twists in the tale to make it far more satisfying than almost any horror film in recent memory .,1
3086,2866,"with its hint of an awkward hitchcockian theme in tact , harmon's daunting narrative promotes a reasonable landscape of conflict and pathos to support the scattershot terrorizing tone",1
1408,3583,fred schepisi's tale of four englishmen facing the prospect of their own mortality views youthful affluence not as a lost ideal but a starting point .,1
1871,3976,"it's up to [watts] to lend credibility to this strange scenario , and her presence succeeds in making us believe .",1
98,1021,"even when foreign directors . . . borrow stuff from hollywood , they invariably shake up the formula and make it more interesting .",1
1580,8052,opera on film is never satisfactory . the art demands live viewing . the innate theatrics that provide its thrills and extreme emotions lose their luster when flattened onscreen .,0
248,1552,richard gere and diane lane put in fine performances as does french actor oliver martinez .,1
2819,1539,light years/ several warp speeds/ levels and levels of dilithium crystals better than the pitiful insurrection . which isn't to say that it's the equal of some of its predecessors .,1
790,1777,i liked this film a lot . . .,1
4377,1693,the humor and humanity of monsoon wedding are in perfect balance .,1
4179,2094,"asks what truth can be discerned from non-firsthand experience , and specifically questions cinema's capability for recording truth .",1
3227,2552,hartley adds enough quirky and satirical touches in the screenplay to keep the film entertaining .,1
3354,3704,a french film with a more down-home flavor .,1
491,8293,`hey arnold ! ' has some visual wit . . . but little imagination elsewhere .,0
2362,1153,"seldahl's barbara is a precise and moving portrait of someone whose world is turned upside down , first by passion and then by illness .",1
1383,7935,apparently writer-director attal thought he need only cast himself and his movie-star wife sitting around in their drawers to justify a film .,0
636,2365,"a special kind of movie , this melancholic film noir reminded me a lot of memento . . .",1
2853,2297,"a work of extraordinary journalism , but it is also a work of deft and subtle poetry .",1
570,1615,"from the opening strains of the average white band's "" pick up the pieces "" , you can feel the love .",1
2013,1045,"uses sharp humor and insight into human nature to examine class conflict , adolescent yearning , the roots of friendship and sexual identity .",1
1176,332,"a whole lot foul , freaky and funny .",1
810,3645,it will make you think twice about what might be going on inside each trailer park you drive past -- even if it chiefly inspires you to drive a little faster .,1
2543,3884,a tasty slice of droll whimsy .,1
470,3456,"if you're looking for a smart , nuanced look at de sade and what might have happened at picpus , sade is your film .",1
859,313,"post 9/11 the philosophical message of "" personal freedom first "" might not be as palatable as intended .",1
615,2656,"there are a couple of things that elevate "" glory "" above most of its ilk , most notably the mere presence of duvall .",1
2685,640,pray's film works well and will appeal even to those who aren't too familiar with turntablism .,1
2351,2383,"a disoriented but occasionally disarming saga packed with moments out of an alice in wonderland adventure , a stalker thriller , and a condensed season of tv's big brother .",1
2942,1790,"the film sounds like the stuff of lurid melodrama , but what makes it interesting as a character study is the fact that the story is told from paul's perspective .",1
1861,3142,"the faithful will enjoy this sometimes wry adaptation of v . s . naipaul's novel , but newcomers may find themselves stifling a yawn or two during the first hour .",1
4295,63,just the labour involved in creating the layered richness of the imagery in this chiaroscuro of madness and light is astonishing .,1
3343,286,"the principals in this cast are all fine , but bishop and stevenson are standouts .",1
974,4146,"compulsively watchable , no matter how degraded things get .",1
976,2416,"tense , terrific , sweaty-palmed fun .",1
3372,3288,"the filmmakers try to balance pointed , often incisive satire and unabashed sweetness , with results that are sometimes bracing , sometimes baffling and quite often , and in unexpected ways , touching .",1
4095,1025,"a spunky , original take on a theme that will resonate with singles of many ages .",1
819,345,a model of what films like this should be like .,1
2829,3160,"in a summer of clones , harvard man is something rare and riveting : a wild ride that relies on more than special effects .",1
4616,1345,psychologically savvy .,1
3296,1853,"poetry in motion captured on film . while it can be a bit repetitive , overall it's an entertaining and informative documentary .",1
3259,2913,"like an episode of mtv's undressed , with 20 times the creativity but without any more substance . . . indulgently entertaining but could have and should have been deeper .",1
4081,1890,"perfectly pitched between comedy and tragedy , hope and despair , about schmidt instead comes far closer than many movies to expressing the way many of us live -- someplace between consuming self-absorption and insistently demanding otherness .",1
3031,1599,"it celebrates the group's playful spark of nonconformity , glancing vividly back at what hibiscus grandly called his 'angels of light . '",1
3549,1314,"the movie has an infectious exuberance that will engage anyone with a passing interest in the skate/surf culture , the l . a . beach scene and the imaginative ( and sometimes illegal ) ways kids can make a playground out of the refuse of adults .",1
3179,930,"they crush each other under cars , throw each other out windows , electrocute and dismember their victims in full consciousness . and we don't avert our eyes for a moment .",1
1397,551,"having never been a huge fan of dickens' 800-page novel , it surprised me how much pleasure i had watching mcgrath's version .",1
3200,4078,"what enlivens this film , beyond the astute direction of cardoso and beautifully detailed performances by all of the actors , is a note of defiance over social dictates .",1
4291,2844,"although frailty fits into a classic genre , in its script and execution it is a remarkably original work .",1
2239,1496,"what the film lacks in general focus it makes up for in compassion , as corcuera manages to find the seeds of hope in the form of collective action .",1
3910,4061,"mostly works because of the universal themes , earnest performances . . . and excellent use of music by india's popular gulzar and jagjit singh .",1
1693,4176,"massoud's story is an epic , but also a tragedy , the record of a tenacious , humane fighter who was also the prisoner ( and ultimately the victim ) of history .",1
3423,2787,"if there's one big point to promises , it's that nothing can change while physical and psychological barriers keep the sides from speaking even one word to each other .",1
1522,4019,"it is a likable story , told with competence .",1
3151,1812,the pianist is polanski's best film .,1
4137,7026,un thriller manqué qui tombe sur les nerfs presque dès la première image .,0
2619,1260,travels a fascinating arc from hope and euphoria to reality and disillusionment .,1
786,6045,comes . . . uncomfortably close to coasting in the treads of the bicycle thief .,0
1545,2712,"george clooney , in his first directorial effort , presents this utterly ridiculous shaggy dog story as one of the most creative , energetic and original comedies to hit the screen in years .",1
2929,1369,"for movie lovers as well as opera lovers , tosca is a real treat .",1
3249,3924,"a gracious , eloquent film that by its end offers a ray of hope to the refugees able to look ahead and resist living in a past forever lost .",1
2666,2317,"broomfield is energized by volletta wallace's maternal fury , her fearlessness , and because of that , his film crackles .",1
2574,1829,"bogdanovich puts history in perspective and , via kirsten dunst's remarkable performance , he showcases davies as a young woman of great charm , generosity and diplomacy .",1
1948,503,"this version's no classic like its predecessor , but its pleasures are still plentiful .",1
1104,2627,a surprisingly charming and even witty match for the best of hollywood's comic-book adaptations .,1
298,2234,"this is a nicely handled affair , a film about human darkness but etched with a light ( yet unsentimental ) touch .",1
2987,209,"[drumline] is entertaining for what it does , and admirable for what it doesn't do .",1
270,769,"a highly intriguing thriller , coupled with some ingenious plot devices and some lavishly built settings . . it's a worthwhile tutorial in quantum physics and slash-dash",1
2276,103,"on the surface , it's a lovers-on-the-run crime flick , but it has a lot in common with piesiewicz's and kieslowski's earlier work , films like the double life of veronique .",1
690,2968,"with elements cribbed from lang's metropolis , welles' kane , and eisenstein's potemkin , the true wonder of rintarô's metropolis is the number of lasting images all its own .",1
1095,710,this is carion's debut feature but his script and direction hums with a confidence that many spend entire careers trying to reach .,1
2876,3582,"the film does a solid job of slowly , steadily building up to the climactic burst of violence .",1
172,1016,"this time out , [sade] is an unsettlingly familiar figure -- in turns loyal and deceitful , responsible and reckless , idealistically selfless and coldly self-interested .",1
2731,1383,candid and comfortable ; a film that deftly balances action and reflection as it lets you grasp and feel the passion others have for their work .,1
2294,39,"like most bond outings in recent years , some of the stunts are so outlandish that they border on being cartoonlike . a heavy reliance on cgi technology is beginning to creep into the series .",1
2131,1261,"polished , well-structured film .",1
3851,2664,the performances are uniformly good .,1
1296,2927,. . . one of the more influential works of the 'korean new wave' .,1
339,2751,"davis is funny , charming and quirky in her feature film acting debut as amy .",1
3982,8193,nicks and steinberg match their own creations for pure venality -- that's giving it the old college try .,0
371,840,everywhere the camera looks there is something worth seeing .,1
174,2295,"the mood , look and tone of the film fit the incredible storyline to a t .",1
1559,1942,mostly martha could have used a little trimming -- 10 or 15 minutes could be cut and no one would notice -- but it's a pleasurable trifle . the only pain you'll feel as the credits roll is your stomach grumbling for some tasty grub .,1
847,1125,one of the most significant moviegoing pleasures of the year .,1
277,1238,you will emerge with a clearer view of how the gears of justice grind on and the death report comes to share airtime alongside the farm report .,1
4604,1572,what's really so appealing about the characters is their resemblance to everyday children .,1
2456,1744,"beresford nicely mixes in as much humor as pathos to take us on his sentimental journey of the heart . it really is a shame that more won't get an opportunity to embrace small , sweet 'evelyn . '",1
956,3446,"nair and writer laura cahill dare to build a movie around some flawed but rather unexceptional women , emerging with a fine character study that's short on plot but rich in the tiny revelations of real life .",1
4583,2518,astonishingly skillful and moving . . . it could become a historically significant work as well as a masterfully made one .,1
451,4186,what it lacks in originality it makes up for in effective if cheap moments of fright and dread .,1
1747,2192,the cast is top-notch and i predict there will be plenty of female audience members drooling over michael idemoto as michael .,1
494,1833,"it's a clear-eyed portrait of an intensely lived time , filled with nervous energy , moral ambiguity and great uncertainties .",1
2251,2786,the scorpion king is more fun than conan the barbarian .,1
2197,3719,an effective portrait of a life in stasis -- of the power of inertia to arrest development in a dead-end existence .,1
3921,2898,astonishing . . . [frames] profound ethical and philosophical questions in the form of dazzling pop entertainment .,1
335,200,"without heavy-handedness , dong provides perspective with his intelligent grasp of human foibles and contradictions .",1
4037,2143,"the film just might turn on many people to opera , in general , an art form at once visceral and spiritual , wonderfully vulgar and sublimely lofty -- and as emotionally grand as life .",1
1267,3023,an engaging criminal romp that will have viewers guessing just who's being conned right up to the finale .,1
1336,3785,"this is a very funny , heartwarming film . it has fun with the quirks of family life , but it also treats the subject with fondness and respect .",1
1110,351,nicely serves as an examination of a society in transition .,1
1371,968,impresses you with its open-endedness and surprises .,1
1657,220,"daring , mesmerizing and exceedingly hard to forget .",1
2568,692,"there's an energy to y tu mamá también . much of it comes from the brave , uninhibited performances by its lead actors .",1
2530,1357,"mr . tsai is a very original artist in his medium , and what time is it there ? should be seen at the very least for its spasms of absurdist humor .",1
3085,356,"celebrated at sundance , this slight comedy of manners has winning performances and a glossy , glib charm that's hard to beat .",1
3070,1212,you don't have to know about music to appreciate the film's easygoing blend of comedy and romance .,1
2292,3247,". . . less a story than an inexplicable nightmare , right down to the population's shrugging acceptance to each new horror .",1
3306,1671,the film offers an intriguing what-if premise .,1
3397,2989,"mr . caine and mr . fraser are the whole show here , with their memorable and resourceful performances .",1
3352,3942,i simply can't recommend it enough .,1
4348,2400,"reassuring , retro uplifter .",1
3203,4197,returning director rob minkoff . . . and screenwriter bruce joel rubin . . . have done a fine job of updating white's dry wit to a new age .,1
1303,171,nair does capture the complexity of a big family and its trials and tribulations . . .,1
1239,1929,a decided lack of spontaneity in its execution and a dearth of real poignancy in its epiphanies .,1
2730,3493,"for once , a movie does not proclaim the truth about two love-struck somebodies , but permits them time and space to convince us of that all on their own .",1
1773,547,"a generation x artifact , capturing a brief era of insanity in the sports arena that surely cannot last .",1
4477,4014,the actresses find their own rhythm and protect each other from the script's bad ideas and awkwardness .,1
740,1081,"[t]his beguiling belgian fable , very much its own droll and delicate little film , has some touching things to say about what is important in life and why .",1
516,3294,"this is so de palma . if you love him , you'll like it . if you don't . . . well , skip to another review .",1
155,1784,"a fine film , but it would be a lot better if it stuck to betty fisher and left out the other stories .",1
2615,1484,"it cuts to the core of what it actually means to face your fears , to be a girl in a world of boys , to be a boy truly in love with a girl , and to ride the big metaphorical wave that is life -- wherever it takes you .",1
540,141,it is intensely personal and yet -- unlike quills -- deftly shows us the temper of the times .,1
3173,380,there's a vastness implied in metropolis that is just breathtaking .,1
3349,1079,"a coda in every sense , the pinochet case splits time between a minute-by-minute account of the british court's extradition chess game and the regime's talking-head survivors .",1
1558,586,". . . ambition is in short supply in the cinema , and egoyan tackles his themes and explores his characters' crises with seriousness and compassion .",1
1802,2657,"it's light on the chills and heavy on the atmospheric weirdness , and there are moments of jaw-droppingly odd behavior -- yet i found it weirdly appealing .",1
2449,3309,you could love safe conduct ( laissez passer ) for being a subtitled french movie that is 170 minutes long . you could hate it for the same reason .,1
4446,1174,"as a tolerable diversion , the film suffices ; a triumph , however , it is not .",1
3605,1416,"it will grip even viewers who aren't interested in rap , as it cuts to the heart of american society in an unnerving way .",1
4001,3754,"an intelligent , multi-layered and profoundly humanist ( not to mention gently political ) meditation on the values of knowledge , education , and the affects of cultural and geographical displacement .",1
1213,3447,"the film's unhurried pace is actually one of its strengths . entirely appropriately , the tale unfolds like a lazy summer afternoon and concludes with the crisp clarity of a fall dawn .",1
2173,1943,"hardly an objective documentary , but it's great cinematic polemic . . . love moore or loathe him , you've got to admire . . . the intensity with which he's willing to express his convictions .",1
149,3420,a wild ride of a movie that keeps throwing fastballs .,1
991,1038,"once again , director jackson strikes a rewarding balance between emotion on the human scale and action/effects on the spectacular scale .",1
3378,1275,"it has charm to spare , and unlike many romantic comedies , it does not alienate either gender in the audience .",1
669,3324,"in its understanding , often funny way , it tells a story whose restatement is validated by the changing composition of the nation .",1
2290,4080,"although it lacks the detail of the book , the film does pack some serious suspense .",1
662,518,"' . . . both hokey and super-cool , and definitely not in a hurry , so sit back , relax and have a few laughs while the little ones get a fuzzy treat . '",1
2978,264,"by presenting an impossible romance in an impossible world , pumpkin dares us to say why either is impossible -- which forces us to confront what's possible and what we might do to make it so .",1
2760,4133,"perhaps the grossest movie ever made . funny , though .",1
279,2692,"a canny , derivative , wildly gruesome portrait of a london sociopath who's the scariest of sadists .",1
3904,1809,"one feels the dimming of a certain ambition , but in its place a sweetness , clarity and emotional openness that recalls the classics of early italian neorealism .",1
23,3211,"whatever heartwarming scene the impressively discreet filmmakers may have expected to record with their mini dv , they show a remarkable ability to document both sides of this emotional car-wreck .",1
18,3355,"a thoughtful and surprisingly affecting portrait of a screwed-up man who dared to mess with some powerful people , seen through the eyes of the idealistic kid who chooses to champion his ultimately losing cause .",1
84,4228,the animated sequences are well done and perfectly constructed to convey a sense of childhood imagination and creating adventure out of angst .,1
553,3383,an alternately fascinating and frustrating documentary .,1
3576,1877,what a great way to spend 4 units of your day .,1
1734,1736,one-of-a-kind near-masterpiece .,1
932,1680,"if you come from a family that eats , meddles , argues , laughs , kibbitzes and fights together , then go see this delightful comedy .",1
3890,1341,"maneuvers skillfully through the plot's hot brine -- until it's undone by the sogginess of its contemporary characters , and actors .",1
1,4217,"i was amused and entertained by the unfolding of bielinsky's cleverly constructed scenario , and greatly impressed by the skill of the actors involved in the enterprise .",1
4026,1092,an infectious cultural fable with a tasty balance of family drama and frenetic comedy .,1
1627,3105,[leigh] has a true talent for drawing wrenching performances from his actors ( improvised over many months ) and for conveying the way tiny acts of kindness make ordinary life survivable .,1
4635,1046,"half submarine flick , half ghost story , all in one criminally neglected film",1
2971,672,"for the first time in several years , mr . allen has surpassed himself with the magic he's spun with the hollywood empress of ms . leoni's ellie .",1
2030,3206,one of the best inside-show-biz yarns ever .,1
3814,3602,"how good this film might be , depends if you believe that the shocking conclusion is too much of a plunge or not .",1
2354,3594,"the evocative imagery and gentle , lapping rhythms of this film are infectious -- it gets under our skin and draws us in long before the plot kicks into gear .",1
190,7138,"somehow we're meant to buy that this doting mother would shun her kids , travel to one of the most dangerous parts of the world , don fatigues and become g . i . jane .",0
3691,1512,blanchett's performance confirms her power once again .,1
1345,790,"a work of the utmost subtlety and perception , it marks the outstanding feature debut of writer-director eric byler , who understands the power of the implicit and the virtues of simplicity and economy .",1
1654,516,"zhang yimou delivers warm , genuine characters who lie not through dishonesty , but because they genuinely believe it's the only way to bring happiness to their loved ones .",1
4621,2799,eric byler's nuanced pic avoids easy sentiments and explanations . . .,1
3860,3763,"the film reminds me of a vastly improved germanic version of my big fat greek wedding -- with better characters , some genuine quirkiness and at least a measure of style . the difference is that i truly enjoyed most of mostly martha while i ne",1
936,6883,the movie has very little to offer besides unintentional laughs .,0
3333,1842,"a hugely rewarding experience that's every bit as enlightening , insightful and entertaining as grant's two best films -- four weddings and a funeral and bridget jones's diary .",1
3205,3906,schnitzler does a fine job contrasting the sleekness of the film's present with the playful paranoia of the film's past .,1
2635,4401,"if you value your time and money , find an escape clause and avoid seeing this trite , predictable rehash .",0
1173,664,it is inspirational in characterizing how people from such diverse cultures share the same human and spiritual needs .,1
3394,2332,alan and his fellow survivors are idiosyncratic enough to lift the movie above its playwriting 101 premise .,1
1889,2560,"it may not be history  but then again , what if it is ?  but it makes for one of the most purely enjoyable and satisfying evenings at the movies i've had in a while .",1
2804,261,the transporter is as lively and as fun as it is unapologetically dumb,1
1690,2113,a creaky staircase gothic .,1
1910,2660,"kids will love its fantasy and adventure , and grownups should appreciate its whimsical humor .",1
2070,576,time changer may not be the most memorable cinema session but its profound self-evaluation message about our fragile existence and the absence of spiritual guidance should at least invade an abundance of mindsets,1
3130,1310,among the year's most intriguing explorations of alientation .,1
3678,1733,"filled with honest performances and exceptional detail , baran is a gentle film with dramatic punch , a haunting ode to humanity .",1
961,2909,"it's mildly entertaining , especially if you find comfort in familiarity . but it's hardly a necessary enterprise .",1
3778,2228,"there is no solace here , no entertainment value , merely a fierce lesson in where filmmaking can take us .",1
2560,537,it's both a necessary political work and a fascinating documentary . . .,1
1758,3947,"many went to see the attraction for the sole reason that it was hot outside and there was air conditioning inside , and i don't think that a . c . will help this movie one bit .",1
233,1413,"this is a winning ensemble comedy that shows canadians can put gentle laughs and equally gentle sentiments on the button , just as easily as their counterparts anywhere else in the world .",1
3048,3135,the universal theme of becoming a better person through love has never been filmed more irresistibly than in 'baran . ',1
3757,923,francophiles will snicker knowingly and you'll want to slap them .,1
4120,1910,"this familiar rise-and-fall tale is long on glamour and short on larger moralistic consequences , though it's told with sharp ears and eyes for the tenor of the times .",1
476,3575,"it's a compelling and horrifying story , and the laramie project is worthwhile for reminding us that this sort of thing does , in fact , still happen in america .",1
3033,3133,not since ghostbusters has a film used manhattan's architecture in such a gloriously goofy way .,1
4532,3592,despite its flaws . . . belinsky is still able to create an engaging story that keeps you guessing at almost every turn .,1
3224,2995,"the film has an infectious enthusiasm and we're touched by the film's conviction that all life centered on that place , that time and that sport .",1
2611,469,what might have been a predictably heartwarming tale is suffused with complexity .,1
1834,192,"tadpole is a sophisticated , funny and good-natured treat , slight but a pleasure .",1
3712,8275,"this would-be 'james bond for the extreme generation' pic is one big , dumb action movie . stress 'dumb . '",0
2540,1605,the work of a filmmaker who has secrets buried at the heart of his story and knows how to take time revealing them . strange occurrences build in the mind of the viewer and take on extreme urgency .,1
4606,2760,. . . pray doesn't have a passion for the material . he nonetheless appreciates the art and reveals a music scene that transcends culture and race .,1
2075,2451,"from its invitingly upbeat overture to its pathos-filled but ultimately life-affirming finale , martin is a masterfully conducted work .",1
2343,2910,"the quiet american isn't a bad film , it's just one that could easily wait for your pay per view dollar .",1
258,4150,"this charming , thought-provoking new york fest of life and love has its rewards .",1
430,6524,neither funny nor suspenseful nor particularly well-drawn .,0
4046,686,". . . spiced with humor ( 'i speak fluent flatula , ' advises denlopp after a rather , er , bubbly exchange with an alien deckhand ) and witty updatings ( silver's parrot has been replaced with morph , a cute alien creature who mimics everyone and everything around )",1
1864,2673,"leave it to john sayles to take on developers , the chamber of commerce , tourism , historical pageants , and commercialism all in the same movie . . . without neglecting character development for even one minute .",1
3212,488,few films this year have been as resolute in their emotional nakedness .,1
2411,390,bubba ho-tep is a wonderful film with a bravura lead performance by bruce campbell that doesn't deserve to leave the building until everyone is aware of it .,1
3859,4001,"escapes the precious trappings of most romantic comedies , infusing into the story very real , complicated emotions .",1
4586,1756,the solid filmmaking and convincing characters makes this a high water mark for this genre .,1
3232,2920,"an example of quiet , confident craftsmanship that tells a sweet , charming tale of intergalactic friendship .",1
3933,5,the film provides some great insight into the neurotic mindset of all comics -- even those who have reached the absolute top of the game .,1
1126,1928,the film has a terrific look and salma hayek has a feel for the character at all stages of her life .,1
1218,1563,"opening with some contrived banter , cliches and some loose ends , the screenplay only comes into its own in the second half .",1
747,5343,director boris von sychowski instead opts for a routine slasher film that was probably more fun to make than it is to sit through .,0
2384,425,"if the message seems more facile than the earlier films , the images have such a terrible beauty you may not care .",1
1656,1973,"this story still seems timely and important . and there's an element of heartbreak to watching it now , with older and wiser eyes , because we know what will happen after greene's story ends .",1
2721,189,watching beanie and his gang put together his slasher video from spare parts and borrowed materials is as much fun as it must have been for them to make it .,1
577,874,"the movie's eventual success should be credited to dennis quaid , in fighting trim shape as an athlete as well as an actor",1
1015,1893,"a sexy , peculiar and always entertaining costume drama set in renaissance spain , and the fact that it's based on true events somehow makes it all the more compelling .",1
252,3461,its almost too-spectacular coastal setting distracts slightly from an eccentric and good-naturedly aimless story .,1
2233,3956,richly entertaining and suggestive of any number of metaphorical readings .,1
2491,1965,lawrence plumbs personal tragedy and also the human comedy .,1
465,5111,the innocence of holiday cheer ain't what it used to be .,0
3022,2713,"even when it drags , we are forced to reflect that its visual imagination is breathtaking",1
453,2421,"a thriller with an edge -- which is to say that it doesn't follow the stale , standard , connect-the-dots storyline which has become commonplace in movies that explore the seamy underbelly of the criminal world .",1
438,2480,remove spider-man the movie from its red herring surroundings and it's apparent that this is one summer film that satisfies .,1
4506,2127,"it's no surprise that as a director washington demands and receives excellent performances , from himself and from newcomer derek luke .",1
3171,4172,"the directing and story are disjointed , flaws that have to be laid squarely on taylor's doorstep . but the actors make this worth a peek .",1
4626,3238,a sharp satire of desperation and cinematic deception .,1
3097,281,"the unique tug-of-war with viewer expectations is undeniable , if not a pleasure in its own right .",1
4389,3526,"it's incredible the number of stories the holocaust has generated . just when you think that every possible angle has been exhausted by documentarians , another new film emerges with yet another remarkable yet shockingly little-known perspective .",1
3674,1811,"whenever you think you've figured out late marriage , it throws you for a loop .",1
196,1549,"this is human comedy at its most amusing , interesting and confirming .",1
2092,7178,"a shambles of a movie--visually unattractive , unbearably loud and utterly silly . . . its hilarity is completely unintentional .",0
678,3826,it grabs you in the dark and shakes you vigorously for its duration .,1
2216,2917,"it's a piece of handiwork that shows its indie tatters and self-conscious seams in places , but has some quietly moving moments and an intelligent subtlety .",1
2812,1902,real women have curves wears its empowerment on its sleeve but even its worst harangues are easy to swallow thanks to remarkable performances by ferrera and ontiveros .,1
327,372,i whole-heartedly recommend that everyone see this movie-- for its historical significance alone .,1
1327,6117,it's a bad thing when a movie has about as much substance as its end credits blooper reel .,0
1987,3951,"baran is shockingly devoid of your typical majid majidi shoe-loving , crippled children .",1
1713,125,"a thunderous ride at first , quiet cadences of pure finesse are few and far between ; their shortage dilutes the potency of otherwise respectable action . still , this flick is fun , and host to some truly excellent sequences .",1
3310,2186,"nair's attention to detail creates an impeccable sense of place , while thurman and lewis give what can easily be considered career-best performances .",1
846,2905,"land , people and narrative flow together in a stark portrait of motherhood deferred and desire explored .",1
7,6576,vile and tacky are the two best adjectives to describe ghost ship .,0
1941,3595,"like the best of godard's movies . . . it is visually ravishing , penetrating , impenetrable .",1
2924,2314,"williams plays sy , another of his open-faced , smiling madmen , like the killer in insomnia . he does this so well you don't have the slightest difficulty accepting him in the role .",1
1615,5762,may cause you to bite your tongue to keep from laughing at the ridiculous dialog or the oh-so convenient plot twists .,0
269,6455,"flat , but with a revelatory performance by michelle williams .",0
2520,272,münch's genuine insight makes the film's occasional overindulgence forgivable .,1
2772,1617,that it'll probably be the best and most mature comedy of the 2002 summer season speaks more of the season than the picture,1
1471,4075,"in some ways , lagaan is quintessential bollywood . except it's much , much better .",1
1202,8273,"it's like a drive-by . you can drive right by it without noticing anything special , save for a few comic turns , intended and otherwise .",0
3936,326,an involving true story of a chinese actor who takes up drugs and winds up in an institution--acted mostly by the actual people involved .,1
1309,3708,"there are times when you wish that the movie had worked a little harder to conceal its contrivances , but brown sugar turns out to be a sweet and enjoyable fantasy .",1
3388,2619,"entirely suspenseful , extremely well-paced and ultimately . . . dare i say , entertaining !",1
2275,1241,collateral damage finally delivers the goods for schwarzenegger fans .,1
580,965,an excellent romp that boasts both a heart and a mind .,1
1240,5598,"with minimal imagination , you could restage the whole thing in your bathtub .",0
2901,1645,"the real triumphs in igby come from philippe , who makes oliver far more interesting than the character's lines would suggest , and sarandon , who couldn't be better as a cruel but weirdly likable wasp matron .",1
3253,2082,"efficient , suitably anonymous chiller .",1
1900,1498,the quality of the art combined with the humor and intelligence of the script allow the filmmakers to present the biblical message of forgiveness without it ever becoming preachy or syrupy .,1
1261,2981,"spider-man is in the same category as x-men - occasionally brilliant but mostly average , showing signs of potential for the sequels , but not giving us much this time around .",1
234,82,"this is a startling film that gives you a fascinating , albeit depressing view of iranian rural life close to the iraqi border .",1
1872,3565,"blessed with two fine , nuanced lead performances .",1
2297,2581,"it looks closely , insightfully at fragile , complex relationships .",1
3013,2353,. . . there's enough cool fun here to warm the hearts of animation enthusiasts of all ages .,1
3685,2363,"confessions may not be a straightforward bio , nor does it offer much in the way of barris' motivations , but the film is an oddly fascinating depiction of an architect of pop culture .",1
2698,4190,"it's all stitched together with energy , intelligence and verve , enhanced by a surplus of vintage archive footage .",1
1221,3230,. . . rogers's mouth never stops shut about the war between the sexes and how to win the battle .,1
268,1064,"there's . . . tremendous energy from the cast , a sense of playfulness and excitement that seems appropriate .",1
2695,2469,"scooby doo is surely everything its fans are hoping it will be , and in that sense is a movie that deserves recommendation .",1
3741,1116,"may be far from the best of the series , but it's assured , wonderfully respectful of its past and thrilling enough to make it abundantly clear that this movie phenomenon has once again reinvented itself for a new generation .",1
1893,3152,if you grew up on scooby -- you'll love this movie . matthew lillard is born to play shaggy !,1
227,1992,[reaches] wholly believable and heart-wrenching depths of despair .,1
2440,2175,there's none of the happily-ever -after spangle of monsoon wedding in late marriage -- and that's part of what makes dover kosashvili's outstanding feature debut so potent .,1
1749,876,sits uneasily as a horror picture . . . but finds surprising depth in its look at the binds of a small family .,1
4485,2832,may seriously impair your ability to ever again maintain a straight face while speaking to a highway patrolman .,1
4213,118,"a gentle , compassionate drama about grief and healing .",1
1097,5269,". . . an airless , prepackaged julia roberts wannabe that stinks so badly of hard-sell image-mongering you'll wonder if lopez's publicist should share screenwriting credit .",0
87,2197,"whether or not you buy mr . broomfield's findings , the film acquires an undeniable entertainment value as the slight , pale mr . broomfield continues to force himself on people and into situations that would make lesser men run for cover .",1
4364,1622,imagine a scenario where bergman approaches swedish fatalism using gary larson's far side humor,1
2609,2216,"i'm sure mainstream audiences will be baffled , but , for those with at least a minimal appreciation of woolf and clarissa dalloway , the hours represents two of those well spent .",1
1208,3525,"a rock-solid gangster movie with a fair amount of suspense , intriguing characters and bizarre bank robberies , plus a heavy dose of father-and-son dynamics .",1
179,2472,"these characters are so well established that the gang feels comfortable with taking insane liberties and doing the goofiest stuff out of left field , and i'm all for that .",1
4149,3959,"a b-movie you can sit through , enjoy on a certain level and then forget .",1
3593,3099,jackie chan movies are a guilty pleasure - he's easy to like and always leaves us laughing .,1
3957,1867,the ingenuity that parker displays in freshening the play is almost in a class with that of wilde himself .,1
1324,541,"it's not life-affirming  its vulgar and mean , but i liked it .",1
1852,1201,"a study in shades of gray , offering itself up in subtle plot maneuvers . . .",1
2373,916,"insomnia is involving . still , i thought it could have been more .",1
2913,277,"there are a few stabs at absurdist comedy . . . but mostly the humor is of the sweet , gentle and occasionally cloying kind that has become an iranian specialty .",1
3104,3907,"'a fresh-faced , big-hearted and frequently funny thrill ride for the kiddies , with enough eye candy and cheeky wit to keep parents away from the concession stand . '",1
4519,4182,"sum "" is jack ryan's "" do-over . "" give credit to everyone from robinson down to the key grip that this bold move works . especially give credit to affleck .",1
929,3528,"there's no conversion effort , much of the writing is genuinely witty and both stars are appealing enough to probably have a good shot at a hollywood career , if they want one .",1
645,534,"the movie's quiet affirmation of neighborhood values gives it an honest , lived-in glow .",1
3668,4157,"like the best 60 minutes exposé , the film ( at 80 minutes ) is actually quite entertaining .",1
2729,2248,"a beautiful , timeless and universal tale of heated passions -- jealousy , betrayal , forgiveness and murder .",1
2844,3852,the cast delivers without sham the raw-nerved story .,1
1875,3079,the script by david koepp is perfectly serviceable and because he gives the story some soul . . . he elevates the experience to a more mythic level .,1
3589,3607,"the usual movie rah-rah , pleasantly and predictably delivered in low-key style by director michael apted and writer tom stoppard .",1
564,301,"even with all those rough edges safely sanded down , the american insomnia is still pretty darned good .",1
836,1596,a literary detective story is still a detective story and aficionados of the whodunit won't be disappointed .,1
4403,3621,"the film , while not exactly assured in its execution , is notable for its sheer audacity and openness .",1
104,3118,"you wouldn't want to live waydowntown , but it is a hilarious place to visit .",1
4376,907,occasionally amateurishly made but a winsome cast and nice dialogue keeps it going .,1
1655,3920,"famuyiwa's feature deals with its subject matter in a tasteful , intelligent manner , rather than forcing us to endure every plot contrivance that the cliché-riddled genre can offer .",1
4622,1679,"those who love cinema paradiso will find the new scenes interesting , but few will find the movie improved .",1
3825,7335,"the film has a few cute ideas and several modest chuckles but it isn't exactly kiddie-friendly alas , santa is more ho-hum than ho-ho-ho and the snowman ( who never gets to play that flute ) has all the charm of a meltdown .",0
3873,1250,"it has the charm of the original american road movies , feasting on the gorgeous , ramshackle landscape of the filmmaker's motherland .",1
3109,2901,one of the very best movies ever made about the life of moviemaking .,1
3949,3103,"it has a way of seeping into your consciousness , with lingering questions about what the film is really getting at .",1
2740,1470,cool ? this movie is a snow emergency .,1
3795,1180,"all in all , the count of monte cristo is okay , but it is surely no classic , like the novel upon which it is based .",1
436,1949,mr . spielberg and his company just want you to enjoy yourselves without feeling conned . and they succeed merrily at their noble endeavor .,1
1602,3778,"a completely spooky piece of business that gets under your skin and , some plot blips aside , stays there for the duration .",1
2244,2313,a different movie -- sometimes tedious -- by a director many viewers would like to skip but film buffs should get to know .,1
4432,565,a historical epic with the courage of its convictions about both scope and detail .,1
406,1993,an absorbing and unsettling psychological drama .,1
3819,3543,"daringly perceptive , taut , piercing and feisty , biggie and tupac is undeniably subversive and involving in its bold presentation .",1
830,1613,"in addition to hoffman's powerful acting clinic , this is that rare drama that offers a thoughtful and rewarding glimpse into the sort of heartache everyone has felt , or will feel someday .",1
180,996,"superior genre storytelling , which gets under our skin simply by crossing the nuclear line .",1
4346,1423,"pumpkin takes an admirable look at the hypocrisy of political correctness , but it does so with such an uneven tone that you never know when humor ends and tragedy begins .",1
3820,3062,the viewer takes great pleasure in watching the resourceful molly stay a step ahead of her pursuers .,1
749,5603,it's not as awful as some of the recent hollywood trip tripe . . . but it's far from a groundbreaking endeavor .,0
1222,2919,"watching these two actors play against each other so intensely , but with restraint , is a treat .",1
1628,2537,"a compelling pre-wwii drama with vivid characters and a warm , moving message .",1
2657,1469,the terrific and bewilderingly underrated campbell scott gives a star performance that is nothing short of mesmerizing .,1
987,3022,"while the path may be familiar , first-time director denzel washington and a top-notch cast manage to keep things interesting .",1
532,3498,"quite simply , a joy to watch and--especially--to listen to .",1
1023,3738,a surprisingly funny movie .,1
650,1542,"the lion king was a roaring success when it was released eight years ago , but on imax it seems better , not just bigger .",1
3484,2081,"as gory as the scenes of torture and self-mutilation may be , they are pitted against shimmering cinematography that lends the setting the ethereal beauty of an asian landscape painting .",1
4615,1869,"a droll , bitchy frolic which pokes fun at the price of popularity and small-town pretension in the lone star state .",1
2331,3096,like the chilled breath of oral storytelling frozen onto film .,1
4676,3562,"a respectable venture on its own terms , lacking the broader vision that has seen certain trek films . . . cross over to a more mainstream audience .",1
2556,849,"like its two predecessors , 1983's koyaanisqatsi and 1988's powaqqatsi , the cinematic collage naqoyqatsi could be the most navel-gazing film ever .",1
4549,2417,majidi's direction has never been smoother or more confident .,1
638,792,"it turns out to be a cut above the norm , thanks to some clever writing and sprightly acting .",1
4597,6507,"the thriller side of this movie is falling flat , as the stalker doesn't do much stalking , and no cop or lawyer grasps the concept of actually investigating the case .",0
2177,3080,"this is a visually stunning rumination on love , memory , history and the war between art and commerce .",1
1921,2470,[a] devastatingly powerful and astonishingly vivid holocaust drama .,1
1183,4166,"y tu mamá también es un buen filme gracias a lo poco convencional de su narrativa , y es quizá el proyecto más arriesgado en la carrera de alfonso cuarón",1
4538,253,"benefits from a strong performance from zhao , but it's dong jie's face you remember at the end .",1
1430,5122,whole stretches of the film may be incomprehensible to moviegoers not already clad in basic black .,0
343,3017,bouquet gives a performance that is masterly .,1
3606,4131,writer-director juan carlos fresnadillo makes a feature debut that is fully formed and remarkably assured .,1
2245,1305,". . . with "" the bourne identity "" we return to the more traditional action genre .",1
3391,3220,an estrogen opera so intensely feminine that it serves as the antidote ( and cannier doppelganger ) to diesel's xxx flex-a-thon .,1
2098,2675,poignant and funny .,1
687,1296,equilibrium is what george orwell might have imagined had today's mood-altering drug therapy been envisioned by chemists in 1949 .,1
4097,4209,"the best part about "" gangs "" was daniel day-lewis .",1
2838,1069,enormously entertaining for moviegoers of any age .,1
2019,344,"as expected , sayles' smart wordplay and clever plot contrivances are as sharp as ever , though they may be overshadowed by some strong performances .",1
1769,5834,"the last 20 minutes are somewhat redeeming , but most of the movie is the same teenage american road-trip drek we've seen before - only this time you have to read the fart jokes",0
1245,2784,goes a long way on hedonistic gusto .,1
2926,413,. . . a polished and relatively sincere piece of escapism .,1
4078,4140,"filmmakers david weissman and bill weber benefit enormously from the cockettes' camera craziness -- not only did they film performances , but they did the same at home .",1
1829,1017,"human resources was a good , straightforward tale , but time out is better . it's haunting . it's like a poem .",1
4314,334,attal mixes comedy with a serious exploration of ego and jealousy within a seemingly serene marriage .,1
1637,5561,"for most movies , 84 minutes is short , but this one feels like a life sentence .",0
1804,1032,warm and exotic .,1
2673,6578,"being author wells' great-grandson , you'd think filmmaker simon wells would have more reverence for the material . but this costly dud is a far cry from either the book or the beloved film .",0
2492,446,"well-written , nicely acted and beautifully shot and scored , the film works on several levels , openly questioning social mores while ensnaring the audience with its emotional pull .",1
3254,3390,"even though it's common knowledge that park and his founding partner , yong kang , lost kozmo in the end , you can't help but get caught up in the thrill of the company's astonishing growth .",1
1161,2603,"at its most basic , this cartoon adventure is that wind-in-the-hair exhilarating .",1
3653,862,"droll caper-comedy remake of "" big deal on madonna street "" that's a sly , amusing , laugh-filled little gem in which the ultimate "" bellini "" begins to look like a "" real kaputschnik . """,1
831,2462,"lavishly , exhilaratingly tasteless .",1
4038,2199,"an eerily suspenseful , deeply absorbing piece that works as a treatise on spirituality as well as a solid sci-fi thriller .",1
1944,4123,"it's the cute frissons of discovery and humor between chaplin and kidman that keep this nicely wound clock not just ticking , but humming .",1
1762,4069,"all in all , a great party .",1
2759,3137,"with lesser talents , high crimes would be entertaining , but forgettable . with freeman and judd , i'll at least remember their characters .",1
2045,2334,the premise of jason x is silly but strangely believable .,1
0,3887,"sparkling , often hilarious romantic jealousy comedy . . . attal looks so much like a young robert deniro that it seems the film should instead be called 'my husband is travis bickle' .",1
1931,1039,a loving little film of considerable appeal .,1
3764,2683,"i am not generally a huge fan of cartoons derived from tv shows , but hey arnold ! the movie is clever , offbeat and even gritty enough to overcome my resistance .",1
1807,2423,"inherently caustic and oddly whimsical , the film chimes in on the grieving process and strangely draws the audience into the unexplainable pain and eccentricities that are attached to the concept of loss .",1
4126,673,"isn't quite the equal of woo's best earlier work , but it's easily his finest american film . . . comes close to recapturing the brilliance of his hong kong films .",1
3373,3117,". . . a vivid , thoughtful , unapologetically raw coming-of-age tale full of sex , drugs and rock 'n' roll .",1
90,3611,"like mike isn't going to make box office money that makes michael jordan jealous , but it has some cute moments , funny scenes , and hits the target audience ( young bow wow fans ) - with nothing but net .",1
2242,3736,"allen se atreve a atacar , a atacarse y nos ofrece gags que van de la sonrisa a la risa de larga duración",1
2751,1382,a strangely compelling and brilliantly acted psychological drama .,1
4242,1639,"a solid , spooky entertainment worthy of the price of a ticket .",1
2500,935,"[a] superbly controlled , passionate adaptation of graham greene's 1955 novel .",1
2596,2634,"it's hard to imagine anyone managing to steal a movie not only from charismatic rising star jake gyllenhaal but also from accomplished oscar winners susan sarandon , dustin hoffman and holly hunter , yet newcomer ellen pompeo pulls off the feat with aplomb .",1
4167,2845,"if this movie leaves you cool , it also leaves you intriguingly contemplative .",1
3970,830,once you get into its rhythm . . . the movie becomes a heady experience .,1
3126,3787,the leanest and meanest of solondz's misanthropic comedies .,1
2007,1190,"the continued good chemistry between carmen and juni is what keeps this slightly disappointing sequel going , with enough amusing banter -- blessedly curse-free -- to keep both kids and parents entertained .",1
4142,2154,"if the film has a problem , its shortness disappoints : you want the story to go on and on .",1
244,3307,"[hayek] throws herself into this dream hispanic role with a teeth-clenching gusto , she strikes a potent chemistry with molina and she gradually makes us believe she is kahlo .",1
4487,2230,arteta paints a picture of lives lived in a state of quiet desperation .,1
788,2340,the film jolts the laughs from the audience--as if by cattle prod .,1
3906,3859,cut through the layers of soap-opera emotion and you find a scathing portrayal of a powerful entity strangling the life out of the people who want to believe in it the most .,1
3223,2450,"ratliff's two previous titles , plutonium circus and purgatory county show his penchant for wry , contentious configurations , and this film is part of that delicate canon .",1
3132,2897,got a david lynch jones ? then you'd do well to check this one out because it's straight up twin peaks action . . .,1
2329,3470,"hashiguchi covers this territory with wit and originality , suggesting that with his fourth feature -- the first to be released in the u . s . -- a major director is emerging in world cinema .",1
1886,3361,. . . spellbinding fun and deliciously exploitative .,1
527,364,"it's rare to find a film that dazzles the eye , challenges the brain , and satisfies our lust for fast-paced action , but minority report delivers all that and a whole lot more .",1
1211,3234,"despite its old-hat set-up and predictable plot , empire still has enough moments to keep it entertaining .",1
1779,1959,clooney directs this film always keeping the balance between the fantastic and the believable . . .,1
1248,3337,the film is saved from aren't-kids-cute sentimentality by a warmth that isn't faked and a stately sense of composition .,1
1469,2316,"thought-provoking and stylish , if also somewhat hermetic .",1
3857,2931,"victor rosa is leguizamo's best movie work so far , a subtle and richly internalized performance .",1
2154,2401,throwing it all away for the fleeting joys of love's brief moment .,1
285,1916,"what eric schaeffer has accomplished with never again may not , strictly speaking , qualify as revolutionary . but it's defiantly and delightfully against the grain .",1
2008,3059,"hailed as a clever exercise in neo-hitchcockianism , this clever and very satisfying picture is more accurately chabrolian .",1
835,3786,"rarely , indeed almost never , is such high-wattage brainpower coupled with pitch-perfect acting and an exquisite , unfakable sense of cinema .",1
3981,328,it's a terrific american sports movie and dennis quaid is its athletic heart .,1
2725,2059,jacquot's strategy allows his cast the benefit of being able to give full performances . . . while demonstrating vividly that the beauty and power of the opera reside primarily in the music itself .,1
1598,3347,"this is an extraordinary film , not least because it is japanese and yet feels universal .",1
144,157,"the year's happiest surprise , a movie that deals with a real subject in an always surprising way .",1
3753,2364,an intoxicating experience .,1
890,1723,this movie got me grinning . there's a part of us that cannot help be entertained by the sight of someone getting away with something .,1
1234,2868,"the heart of the film is a touching reflection on aging , suffering and the prospect of death .",1
1443,2079,"the characters are complex and quirky , but entirely believable as the remarkable ensemble cast brings them to life .",1
1633,3616,"a headline-fresh thriller set among orthodox jews on the west bank , joseph cedar's time of favor manages not only to find a compelling dramatic means of addressing a complex situation , it does so without compromising that complexity .",1
3848,284,"who knows what exactly godard is on about in this film , but his words and images don't have to add up to mesmerize you .",1
1445,2646,"irwin is so earnest that it's hard to resist his pleas to spare wildlife and respect their environs . there are far worse messages to teach a young audience , which will probably be perfectly happy with the sloppy slapstick comedy .",1
2655,8355,"bray is completely at sea ; with nothing but a savage garden music video on his resume , he has no clue about making a movie .",0
2640,4041,this is one of the outstanding thrillers of recent years .,1
1746,4751,'this movie sucks . ',0
723,1579,it's a glorious spectacle like those d . w . griffith made in the early days of silent film .,1
4154,2432,"devos and cassel have tremendous chemistry -- their sexual and romantic tension , while never really vocalized , is palpable .",1
409,2025,. . . begins on a high note and sustains it beautifully .,1
1466,2695,"a bracing , unblinking work that serves as a painful elegy and sobering cautionary tale .",1
2000,3198,"the tonal shifts are jolting , and though wen's messages are profound and thoughtfully delivered , more thorough transitions would have made the film more cohesive .",1
967,3668,takes a simple premise and carries it to unexpected heights .,1
1986,3724,what's surprising is how well it holds up in an era in which computer-generated images are the norm .,1
146,2498,features what is surely the funniest and most accurate depiction of writer's block ever .,1
2953,3396,"it's all about anakin . . . and the lustrous polished visuals rich in color and creativity and , of course , special effect .",1
4576,3981,gondry's direction is adequate . . . but what gives human nature its unique feel is kaufman's script .,1
1678,471,"although very much like the first movie based on j . k . rowling's phenomenal fantasy best sellers , this second go-round possesses a quite pleasing , headlong thrust and a likably delinquent attitude .",1
2222,3846,"woven together handsomely , recalling sixties' rockumentary milestones from lonely boy to don't look back .",1
905,787,that rara avis : the intelligent romantic comedy with actual ideas on its mind .,1
3215,1541,if this story must be told and retold -- and indeed it must -- then the grey zone is to be lauded for finding a new and ingenious angle .,1
1730,3085,kosminsky . . . puts enough salt into the wounds of the tortured and self-conscious material to make it sting .,1
501,703,ferrara directs the entire film with the kind of detachment that makes any given frame look like a family's custom-made christmas card .,1
943,93,"like the film's almost anthropologically detailed realization of early-'80s suburbia , it's significant without being overstated .",1
3245,352,"boisterous , heartfelt comedy .",1
4082,1319,funny but perilously slight .,1
2430,526,a pro-fat farce that overcomes much of its excessive moral baggage thanks to two appealing lead performances .,1
4511,2788,"unexpected moments of authentically impulsive humor are the hallmark of this bittersweet , uncommonly sincere movie that portrays the frank humanity ofemotional recovery .",1
184,3638,manages to please its intended audience -- children -- without placing their parents in a coma-like state .,1
2468,4226,"[fiji diver rusi vulakoro and the married couple howard and michelle hall] show us the world they love and make us love it , too .",1
4250,8087,"not a bad premise , but the execution is lackluster at best .",0
3652,6088,has all the depth of a wading pool .,0
4091,2956,"because the genre is well established , what makes the movie fresh is smart writing , skewed characters , and the title performance by kieran culkin .",1
2246,2912,"in its treatment of the dehumanizing and ego-destroying process of unemployment , time out offers an exploration that is more accurate than anything i have seen in an american film .",1
2690,1186,montias . . . pumps a lot of energy into his nicely nuanced narrative and surrounds himself with a cast of quirky -- but not stereotyped -- street characters .,1
1427,2139,"it's a wonderful , sobering , heart-felt drama .",1
3796,3957,a compelling allegory about the last days of germany's democratic weimar republic .,1
2767,3353,"qutting may be a flawed film , but it is nothing if not sincere .",1
1254,2328,the filmmakers' eye for detail and the high standards of performance convey a strong sense of the girls' environment .,1
2818,1994,"this movie may not have the highest production values you've ever seen , but it's the work of an artist , one whose view of america , history and the awkwardness of human life is generous and deep .",1
1845,5697,"'all in all , reign of fire will be a good ( successful ) rental . '",0
222,1063,charming and funny ( but ultimately silly ) movie .,1
3731,3322,"though an important political documentary , this does not really make the case the kissinger should be tried as a war criminal .",1
3847,5421,"the director mostly plays it straight , turning leys' fable into a listless climb down the social ladder .",0
3396,833,a fast-moving and remarkable film that appears destined to become a landmark in japanese animation .,1
3135,0,"the rock is destined to be the 21st century's new "" conan "" and that he's going to make a splash even greater than arnold schwarzenegger , jean-claud van damme or steven segal .",1
100,1466,"writer-director's mehta's effort has tons of charm and the whimsy is in the mixture , the intoxicating masala , of cultures and film genres .",1
4272,4191,miller comes at film with bracing intelligence and a vision both painterly and literary .,1
753,1163,dense with characters and contains some thrilling moments .,1
2697,1920,"definitely funny stuff , but it's more of the 'laughing at' variety than the 'laughing with . '",1
2474,680,"makes s&m seem very romantic , and maggie gyllenhaal is a delight .",1
3156,2384,"functions as both a revealing look at the collaborative process and a timely , tongue-in-cheek profile of the corporate circus that is the recording industry in the current climate of mergers and downsizing .",1
3805,3029,"tully is in many ways the perfect festival film : a calm , self-assured portrait of small town regret , love , duty and friendship that appeals to the storytelling instincts of a slightly more literate filmgoing audience .",1
395,4018,"coy but exhilarating , with really solid performances by ving rhames and wesley snipes .",1
3907,4495,"without shakespeare's eloquent language , the update is dreary and sluggish .",0
2382,1307,"the film is a contrivance , as artificial as the video games japanese teens play in a nightclub sequence , but it's an enjoyable one .",1
3060,2194,"all the actors are good in pauline & paulette but van der groen , described as 'belgium's national treasure , ' is especially terrific as pauline .",1
4050,1479,"a beguiling , slow-moving parable about the collision of past and present on a remote seacoast in iran .",1
4581,327,hands down the year's most thought-provoking film . but it pays a price for its intricate intellectual gamesmanship .,1
2885,8515,"a woefully dull , redundant concept that bears more than a whiff of exploitation , despite iwai's vaunted empathy .",0
4267,3094,"one of the funniest motion pictures of the year , but . . . also one of the most curiously depressing .",1
3879,4090,worth a salute just for trying to be more complex than your average film .,1
2158,3749,"more than their unique residences , home movie is about the people who live in them , who have carved their own comfortable niche in the world and have been kind enough to share it .",1
332,3669,"with few respites , marshall keeps the energy humming , and his edits , unlike those in moulin rouge , are crisp and purposeful without overdoing it .",1
2603,1957,"bogdanovich taps deep into the hearst mystique , entertainingly reenacting a historic scandal .",1
2917,3381,playing a role of almost bergmanesque intensity . . . bisset is both convincing and radiant .,1
3592,3603,great fun both for sports aficionados and for ordinary louts whose idea of exercise is climbing the steps of a stadium-seat megaplex .,1
3076,8388,it recycles every cliché about gays in what is essentially an extended soap opera .,0
947,3587,the script manages the rare trick of seeming at once both refreshingly different and reassuringly familiar .,1
4661,7139,the cast is so low-wattage that none of the characters comes off as big . . . and the setting remains indistinct .,0
1449,484,"elling really is about a couple of crazy guys , and it's therapeutic to laugh along with them .",1
1800,3757,"this isn't exactly profound cinema , but it's good-natured and sometimes quite funny .",1
2994,3501,a winning and wildly fascinating work .,1
3996,3657,"what makes the film special is the refreshingly unhibited enthusiasm that the people , in spite of clearly evident poverty and hardship , bring to their music .",1
2206,4241,"what makes salton sea surprisingly engrossing is that caruso takes an atypically hypnotic approach to a world that's often handled in fast-edit , hopped-up fashion .",1
2459,4148,"bon appétit ! just like a splendid meal , red dragon satisfies  from its ripe recipe , inspiring ingredients , certified cuisine and palatable presentation .",1
853,3851,a pure participatory event that malnourished intellectuals will gulp down in a frenzy .,1
2704,2238,"if you ever wanted to be an astronaut , this is the ultimate movie experience - it's informative and breathtakingly spectacular .",1
2682,16,illuminating if overly talky documentary .,1
968,932,"frailty isn't as gory or explicit . but in its child-centered , claustrophobic context , it can be just as frightening and disturbing -- even punishing .",1
147,3258,"it's surprisingly decent , particularly for a tenth installment in a series .",1
3751,502,"you won't believe much of it , but you will laugh at the audacity , at the who's who casting and the sheer insanity of it all .",1
3366,2545,canada's arctic light shines bright on this frozen tundra soap opera that breathes extraordinary life into the private existence of the inuit people .,1
141,891,"it is ridiculous , of course . . . but it is also refreshing , disarming , and just outright enjoyable despite its ridiculousness .",1
1298,262,"as a witness to several greek-american weddings -- but , happily , a victim of none -- i can testify to the comparative accuracy of ms . vardalos' memories and insights .",1
212,1342,"it has the ability to offend and put off everyone , but it holds you with its outrageousness .",1
897,2916,"it's not just a feel-good movie , it's a feel movie . you feel good , you feel sad , you feel pissed off , but in the end , you feel alive - which is what they did .",1
4553,3368,"blade ii is as estrogen-free as movies get , so you might want to leave your date behind for this one , or she's gonna make you feel like you owe her big-time .",1
2357,6935,"though the book runs only about 300 pages , it is so densely packed . . . that even an ambitious adaptation and elaborate production like mr . schepisi's seems skimpy and unclear .",0
649,453,". . . mesmerizing , an eye-opening tour of modern beijing culture in a journey of rebellion , retreat into oblivion and return .",1
3143,7232,sushi for the connoisseurs of the macabre .,0
4300,402,a charming yet poignant tale of the irrevocable ties that bind .,1
2467,1234,"the movie isn't just hilarious : it's witty and inventive , too , and in hindsight , it isn't even all that dumb .",1
3122,1570,i walked away from this new version of e . t . just as i hoped i would -- with moist eyes .,1
1928,3815,has the capability of effecting change and inspiring hope .,1
1428,1456,"a gorgeous , witty , seductive movie .",1
3328,3844,"witty , contemplative , and sublimely beautiful .",1
3377,2974,"the people in jessica are so recognizable and true that , as in real life , we're never sure how things will work out .",1
158,2217,you live the mood rather than savour the story .,1
2598,148,"tim allen is great in his role but never hogs the scenes from his fellow cast , as there are plenty of laughs and good lines for everyone in this comedy .",1
1165,3694,"the urban landscapes are detailed down to the signs on the kiosks , and the color palette , with lots of somber blues and pinks , is dreamy and evocative .",1
3459,1656,a no-holds-barred cinematic treat .,1
3341,980,a candid and often fascinating documentary about a pentecostal church in dallas that assembles an elaborate haunted house each year to scare teenagers into attending services .,1
3708,3314,"stuart's poor-me persona needs a whole bunch of snowball's cynicism to cut through the sugar coating . but once the falcon arrives in the skies above manhattan , the adventure is on red alert .",1
3136,3291,"often overwrought and at times positively irritating , the film turns into an engrossing thriller almost in spite of itself .",1
1970,1208,"thanks to scott's charismatic roger and eisenberg's sweet nephew , roger dodger is one of the most compelling variations on in the company of men .",1
2612,7931,"helmer hudlin tries to make a hip comedy , but his dependence on slapstick defeats the possibility of creating a more darkly edged tome .",0
1384,3384,griffin & co . manage to be spectacularly outrageous .,1
102,3466,"it irritates and saddens me that martin lawrence's latest vehicle can explode obnoxiously into 2 , 500 screens while something of bubba ho-tep's clearly evident quality may end up languishing on a shelf somewhere .",1
1512,3382,"a smart , provocative drama that does the nearly impossible : it gets under the skin of a man we only know as an evil , monstrous lunatic .",1
1494,1047,"entertains by providing good , lively company .",1
386,330,"compelling revenge thriller , though somewhat weakened by a miscast leading lady .",1
3555,908,japan's premier stylist of sex and blood hits audiences with what may be his most demented film to date .,1
2181,2323,ultimately engages less for its story of actorly existential despair than for its boundary-hopping formal innovations and glimpse into another kind of chinese 'cultural revolution . ',1
2665,1001,"its gross-out gags and colorful set pieces . . . are of course stultifyingly contrived and too stylized by half . still , it gets the job done -- a sleepy afternoon rental .",1
1170,2667,"for all its plot twists , and some of them verge on the bizarre as the film winds down , blood work is a strong , character-oriented piece .",1
3186,625,ford deserves to be remembered at oscar time for crafting this wonderful portrait of a conflicted soldier .,1
4335,5556,ever see one of those comedies that just seem like a bad idea from frame one ?,0
1337,3157,"this movie has a strong message about never giving up on a loved one , but it's not an easy movie to watch and will probably disturb many who see it .",1
567,560,"divine secrets of the ya-ya sisterhood may not be exactly divine , but it's definitely -- defiantly -- ya ya , what with all of those terrific songs and spirited performances .",1
975,3251,an original little film about one young woman's education .,1
2347,1592,allen shows he can outgag any of those young whippersnappers making moving pictures today .,1
2878,3802,a four star performance from kevin kline who unfortunately works with a two star script .,1
47,1249,"for the most part , it's a work of incendiary genius , steering clear of knee-jerk reactions and quick solutions .",1
3816,437,the actors are fantastic . they are what makes it worth the trip to the theatre .,1
2231,3073,thumbs up to paxton for not falling into the hollywood trap and making a vanity project with nothing new to offer .,1
3784,717,"es divertida , visualmente espectacular y muy entretenida . simple y sencillamente te sorprenderá .",1
2258,3112,"while this movie , by necessity , lacks fellowship's heart , two towers outdoes its spectacle .",1
3642,633,"complex , affecting and uniquely almodóvar , the film evokes strong emotions and pushes viewers to question their deepest notions of moral right and wrong .",1
3326,3842,"it might be 'easier' to watch on video at home , but that shouldn't stop die-hard french film connoisseurs from going out and enjoying the big-screen experience .",1
1721,539,"as a revenge thriller , the movie is serviceable , but it doesn't really deliver the delicious guilty pleasure of the better film versions .",1
1307,4046,the sword fighting is well done and auteuil is a goofy pleasure .,1
1147,1012,"one of the most haunting , viciously honest coming-of-age films in recent memory .",1
4135,4160,"nair doesn't use [monsoon wedding] to lament the loss of culture . instead , she sees it as a chance to revitalize what is and always has been remarkable about clung-to traditions .",1
3037,4116,becomes a fascinating study of isolation and frustration that successfully recreates both the physical setting and emotional tensions of the papin sisters .,1
204,7115,"just because it really happened to you , honey , doesn't mean that it's interesting to anyone else .",0
2864,198,"a smart , sweet and playful romantic comedy .",1
618,636,it's one of the most honest films ever made about hollywood .,1
1225,2158,"like its new england characters , most of whom wander about in thick clouds of denial , the movie eventually gets around to its real emotional business , striking deep chords of sadness .",1
2046,470,"sound the trumpets : for the first time since desperately seeking susan , madonna doesn't suck as an actress .",1
4060,4095,"we admire this film for its harsh objectivity and refusal to seek our tears , our sympathies .",1
1581,1703,"it's good , hard-edged stuff , violent and a bit exploitative but also nicely done , morally alert and street-smart .",1
4399,3726,"wonder , hope and magic can never escape the heart of the boy when the right movie comes along , especially if it begins with the name of star wars",1
2271,4073,a stylish thriller .,1
1130,3338,this is one of the year's best films .,1
2837,3665,"ryan gosling is , in a word , brilliant as the conflicted daniel .",1
1379,2039,"informative , intriguing , observant , often touching . . . gives a human face to what's often discussed in purely abstract terms .",1
1880,248,presents an astute appraisal of middle american musical torpor and the desperate struggle to escape it .,1
1219,367,jacquot's tosca is a treat .,1
2255,1696,"as comedic spotlights go , notorious c . h . o . hits all the verbal marks it should .",1
2875,1934,"strange , funny , twisted , brilliant and macabre .",1
1750,335,"the diversity of the artists represented , both in terms of style and ethnicity , prevents the proceedings from feeling repetitious , as does the appropriately brief 40-minute running time .",1
3763,1056,"as surreal as a dream and as detailed as a photograph , as visually dexterous as it is at times imaginatively overwhelming .",1
1610,2949,"it understands , in a way that speaks forcefully enough about the mechanisms of poverty to transcend the rather simplistic filmmaking .",1
105,4111,you can sip your vintage wines and watch your merchant ivory productions ; i'll settle for a nice cool glass of iced tea and a jerry bruckheimer flick any day of the week .,1
2414,1068,it's a remarkably solid and subtly satirical tour de force .,1
2849,7469,it's bedeviled by labored writing and slack direction .,0
2764,3485,"ultimately too repellent to fully endear itself to american art house audiences , but it is notable for its stylistic austerity and forcefulness .",1
2897,2085,"it's usually a bad sign when directors abandon their scripts and go where the moment takes them , but olympia , wash . , based filmmakers anne de marcken and marilyn freeman did just that and it's what makes their project so interesting .",1
1061,5146,"the movie is gorgeously made , but it is also somewhat shallow and art-conscious .",0
1098,2796,"even when there are lulls , the emotions seem authentic , and the picture is so lovely toward the end . . . you almost don't notice the 129-minute running time .",1
4351,1722,". . . the first 2/3 of the film are incredibly captivating and insanely funny , thanks in part to interesting cinematic devices ( cool visual backmasking ) , a solid cast , and some wickedly sick and twisted humor . . .",1
3041,1289,"a pleasant , if forgettable , romp of a film .",1
4430,1465,an appealingly juvenile trifle that delivers its share of laughs and smiles .,1
1195,3641,"a strong first act and absolutely , inescapably gorgeous , skyscraper-trapeze motion of the amazing spider-man .",1
513,3332,offers the flash of rock videos fused with solid performances and eerie atmosphere .,1
1114,1851,"meeting , even exceeding expectations , it's the best sequel since the empire strikes back . . . a majestic achievement , an epic of astonishing grandeur and surprising emotional depth .",1
4341,5028,the film itself is about something very interesting and odd that would probably work better as a real documentary without the insinuation of mediocre acting or a fairly trite narrative .,0
3208,1461,"preaches to two completely different choirs at the same time , which is a pretty amazing accomplishment .",1
1913,1332,cq's reflection of artists and the love of cinema-and-self suggests nothing less than a new voice that deserves to be considered as a possible successor to the best european directors .,1
3363,2798,"ambitious , unsettling psychodrama that takes full , chilling advantage of its rough-around-the-edges , low-budget constraints .",1
4681,1202,"the format gets used best . . . to capture the dizzying heights achieved by motocross and bmx riders , whose balletic hotdogging occasionally ends in bone-crushing screwups .",1
4483,2171,it's technically sumptuous but also almost wildly alive .,1
2377,1178,". . . a story we haven't seen on the big screen before , and it's a story that we as americans , and human beings , should know .",1
737,1435,"this illuminating documentary transcends our preconceived vision of the holy land and its inhabitants , revealing the human complexities beneath .",1
928,2349,"it ain't art , by a long shot , but unlike last year's lame musketeer , this dumas adaptation entertains .",1
4188,4231,"ourside the theatre roger might be intolerable company , but inside it he's well worth spending some time with .",1
2090,2012,the vistas are sweeping and the acting is far from painful .,1
3700,4127,"it's definitely an improvement on the first blade , since it doesn't take itself so deadly seriously .",1
596,3283,it's the brilliant surfing photography bringing you right inside the massive waves that lifts blue crush into one of the summer's most pleasurable movies .,1
1989,5057,crush could be the worst film a man has made about women since valley of the dolls .,0
3916,2505,". . . a light , yet engrossing piece . lux , now in her eighties , does a great combination act as narrator , jewish grandmother and subject  taking us through a film that is part biography , part entertainment and part history .",1
3496,1711,an edgy thriller that delivers a surprising punch .,1
731,3792,"an energetic , violent movie with a momentum that never lets up .",1
3316,5034,"the action is reasonably well-done . . . yet story , character and comedy bits are too ragged to ever fit smoothly together .",0
1813,1670,as giddy and whimsical and relevant today as it was 270 years ago .,1
844,880,like a south-of-the-border melrose place .,1
3534,2036,"beautifully shot , delicately scored and powered by a set of heartfelt performances , it's a lyrical endeavour .",1
288,325,"those who would follow haneke on his creepy explorations . . . are rewarded by brutal , committed performances from huppert and magimel .",1
1939,7831,"although no pastry is violated , this nasty comedy pokes fun at the same easy targets as other rowdy raunch-fests -- farts , boobs , unmentionables -- without much success .",0
4677,252,"you wouldn't call the good girl a date movie ( an anti-date movie is more like it ) , but when it's good , it's good and horrid .",1
3633,2083,"gorgeous scenes , masterful performances , but the sickly sweet gender normative narrative left an acrid test in this gourmet's mouth .",1
2202,1347,"a poignant and compelling story about relationships , food of love takes us on a bumpy but satisfying journey of the heart .",1
4467,2486,"there is little question that this is a serious work by an important director who has something new to say about how , in the flip-flop of courtship , we often reel in when we should be playing out .",1
133,1094,it provides an honest look at a community striving to anchor itself in new grounds .,1
2533,3585,"overall , cletis tout is a winning comedy that excites the imagination and tickles the funny bone .",1
3794,746,frida's artistic brilliance is undeniable -- it's among the most breathtakingly designed films i've ever seen .,1
2145,5387,did the film inform and educate me ? yes . did it move me to care about what happened in 1915 armenia ? no . and that is where ararat went astray .,0
4589,6482,there's plenty of style in guillermo del toro's sequel to the 1998 hit but why do we need 117 minutes to tell a tale that simply can't sustain more than 90 minutes .,0
2393,1860,"both heartbreaking and heartwarming . . . just a simple fable done in an artless sytle , but it's tremendously moving .",1
2254,7539,the rollerball sequences feel sanitised and stagey .,0
4572,1876,you'll get the enjoyable basic minimum . but not a whit more .,1
2163,1194,"a big , gorgeous , sprawling swashbuckler that delivers its diversions in grand , uncomplicated fashion .",1
336,2010,helps to remind the first world that hiv/aids is far from being yesterday's news .,1
383,3323,"cannon's confidence and laid-back good spirits are , with the drumming routines , among the film's saving graces .",1
3482,491,this is a very fine movie -- go see it .,1
2183,510,"a depressing confirmation of everything those of us who don't object to the description "" unelected "" have suspected all along : george w . bush is an incurious , uncharismatic , overgrown frat boy with a mean streak a mile wide .",1
1035,1749,"visually fascinating . . . an often intense character study about fathers and sons , loyalty and duty .",1
933,4144,graham greene's novel of colonialism and empire is elevated by michael caine's performance as a weary journalist in a changing world .,1
3243,2777,"every individual will see the movie through the prism of his or her own beliefs and prejudices , but the one thing most will take away is the sense that peace is possible . that , in itself , is extraordinary .",1
51,2457,"blade ii merges bits and pieces from fighting games , wire fu , horror movies , mystery , james bond , wrestling , sci-fi and anime into one big bloody stew .",1
763,1759,it is definitely worth seeing .,1
2573,444,the movie is one of the best examples of artful large format filmmaking you are likely to see anytime soon .,1
962,3450,"sweetly sexy , funny and touching .",1
3329,2176,an ingenious and often harrowing look at damaged people and how families can offer either despair or consolation .,1
594,2019,writer and director otar iosseliani's pleasant tale about a factory worker who escapes for a holiday in venice reveals how we all need a playful respite from the grind to refresh our souls .,1
454,5220,"at the one-hour mark , herzog simply runs out of ideas and the pace turns positively leaden as the movie sputters to its inevitable tragic conclusion .",0
126,3317,"director juan jose campanella could have turned this into an argentine retread of "" iris "" or "" american beauty , "" but instead pulls a little from each film and creates something more beautiful than either of those films .",1
3681,3063,"with amazing finesse , the film shadows heidi's trip back to vietnam and the city where her mother , mai thi kim , still lives .",1
685,2900,"it's hard to fairly judge a film like ringu when you've seen the remake first . many of the effective horror elements are dampened through familiarity , [yet] are worthwhile .",1
478,2719,"daily struggles and simple pleasures usurp the preaching message so that , by the time the credits roll across the pat ending , a warm , fuzzy feeling prevails .",1
357,3369,"the message is that even the most unlikely can link together to conquer all kinds of obstacles , whether they be of nature , of man or of one another .",1
3624,848,the spark of special anime magic here is unmistakable and hard to resist .,1
473,3229,"i found myself liking the film , though in this case one man's treasure could prove to be another man's garbage .",1
717,1,"the gorgeously elaborate continuation of "" the lord of the rings "" trilogy is so huge that a column of words cannot adequately describe co-writer/director peter jackson's expanded vision of j . r . r . tolkien's middle-earth .",1
4184,3864,"spectacularly beautiful , not to mention mysterious , sensual , emotionally intense , and replete with virtuoso throat-singing .",1
3401,2287,"graças às interações entre seus personagens , o filme torna-se não apenas uma história divertida sobre uma curiosa perseguição , mas também um belo estudo de personagens .",1
2647,4282,"such master screenwriting comes courtesy of john pogue , the yale grad who previously gave us "" the skulls "" and last year's "" rollerball . "" enough said , except : film overboard !",0
1745,882,a wildly funny prison caper .,1
2555,3419,"to the degree that ivans xtc . works , it's thanks to huston's revelatory performance .",1
1446,986,even those who would like to dismiss the film outright should find much to mull and debate .,1
1365,2872,"the son of the bride's humour is born out of an engaging storyline , which also isn't embarrassed to make you reach for the tissues . this movie is to be cherished .",1
2160,3072,"be prepared to cling to the edge of your seat , tense with suspense . the ring never lets you off the hook .",1
735,2756,"the film is a masterpiece of nuance and characterization , marred only by an inexplicable , utterly distracting blunder at the very end .",1
2606,1436,"deliriously funny , fast and loose , accessible to the uninitiated , and full of surprises",1
4040,511,"this road movie gives you emotional whiplash , and you'll be glad you went along for the ride .",1
3804,265,"an impressive debut for first-time writer-director mark romanek , especially considering his background is in music video .",1
791,1933,"while i can't say it's on par with the first one , stuart little 2 is a light , fun cheese puff of a movie .",1
1470,2249,"a culture-clash comedy that , in addition to being very funny , captures some of the discomfort and embarrassment of being a bumbling american in europe .",1
1070,4020,"not only does spider-man deliver , but i suspect it might deliver again and again .",1
2659,3564,an elegant film with often surprising twists and an intermingling of naiveté and sophistication .,1
1876,2615,a moving and weighty depiction of one family's attempts to heal after the death of a child .,1
2983,1411,"passable entertainment , but it's the kind of motion picture that won't make much of a splash when it's released , and will not be remembered long afterwards .",1
3289,384,"as bundy , michael reilly burke ( octopus 2 : river of fear ) has just the right amount of charisma and menace .",1
3216,388,"a very witty take on change , risk and romance , and the film uses humour to make its points about acceptance and growth .",1
27,1195,the wanton slipperiness of * corpus and its amiable jerking and reshaping of physical time and space would make it a great piece to watch with kids and use to introduce video as art .,1
1200,3388,"we've seen it all before in one form or another , but director hoffman , with great help from kevin kline , makes us care about this latest reincarnation of the world's greatest teacher .",1
2975,2035,"thanks to confident filmmaking and a pair of fascinating performances , the way to that destination is a really special walk in the woods .",1
1619,8368,"imagine a film that begins as a seven rip-off , only to switch to a mix of the shining , the thing , and any naked teenagers horror flick from the 1980s .",0
1073,1660,an exhilarating serving of movie fluff .,1
2899,2307,"( danny huston gives ) an astounding performance that deftly , gradually reveals a real human soul buried beneath a spellbinding serpent's smirk .",1
4489,1324,"a lean , deftly shot , well-acted , weirdly retro thriller that recalls a raft of '60s and '70s european-set spy pictures .",1
3036,6331,"tadpole is emblematic of the witless ageism afflicting films : young is cool , and too young is too cool .",0
34,1684,serious and thoughtful .,1
3258,1705,it's a rare window on an artistic collaboration .,1
1649,2099,"if you want to see a train wreck that you can't look away from , then look no further , because here it is .",1
3911,1076,"the inhospitability of the land emphasizes the spare precision of the narratives and helps to give them an atavistic power , as if they were tales that had been handed down since the beginning of time .",1
3792,3106,"[d]espite its familiar subject matter , ice age is consistently amusing and engrossing . . .",1
2727,3569,turturro is fabulously funny and over the top as a 'very sneaky' butler who excels in the art of impossible disappearing/reappearing acts,1
4181,2200,"i've never seen or heard anything quite like this film , and i recommend it for its originality alone .",1
1525,1409,we learn a lot about dying coral and see a lot of life on the reef .,1
4128,458,the result is mesmerizing -- filled with menace and squalor .,1
3831,1676,cho's latest comic set isn't as sharp or as fresh as i'm the one that i want . . . but it's still damn funny stuff .,1
3008,809,"the film is all a little lit crit 101 , but it's extremely well played and often very funny .",1
26,4202,polanski has found the perfect material with which to address his own world war ii experience in his signature style .,1
547,3113,meyjes . . . has done his homework and soaked up some jazzy new revisionist theories about the origins of nazi politics and aesthetics .,1
2888,1204,"chilling but uncommercial look into the mind of jeffrey dahmer , serial killer .",1
4173,4153,a film that will enthrall the whole family .,1
2028,816,often moving and explores the discomfort inherent in the contacts between the american 'hosts' and their 'guests . ',1
1978,875,not a bad journey at all .,1
563,1692,"with dirty deeds , david caesar has stepped into the mainstream of filmmaking with an assurance worthy of international acclaim and with every cinematic tool well under his control -- driven by a natural sense for what works on screen .",1
4544,3394,the imax screen enhances the personal touch of manual animation .,1
2638,2748,"while not quite a comedy , the film tackles its relatively serious subject with an open mind and considerable good cheer , and is never less than engaging .",1
3940,8134,"content merely to lionize its title character and exploit his anger - all for easy sanctimony , formulaic thrills and a ham-fisted sermon on the need for national health insurance .",0
3308,2983,an enjoyable experience .,1
1982,4212,a gripping documentary that reveals how deep the antagonism lies in war-torn jerusalem .,1
3305,2767,a slight but sweet film .,1
107,4187,"the pain , loneliness and insecurity of the screenwriting process are vividly and painfully brought to slovenly life in this self-deprecating , biting and witty feature written by charlie kaufman and his twin brother , donald , and directed by spike jonze .",1
1132,3807,the santa clause 2 proves itself a more streamlined and thought out encounter than the original could ever have hoped to be .,1
2059,3524,"trapped won't score points for political correctness , but it may cause parents a few sleepless hours -- a sign of its effectiveness .",1
854,181,this is simply the most fun you'll ever have with a documentary !,1
415,3772,it's a fairy tale that comes from a renowned indian film culture that allows americans to finally revel in its splendor .,1
2360,981,fans of the animated wildlife adventure show will be in warthog heaven ; others need not necessarily apply .,1
1410,918,"we can see the wheels turning , and we might resent it sometimes , but this is still a nice little picture , made by bright and friendly souls with a lot of good cheer .",1
4258,377,go see it and enjoy .,1
1096,7901,more of an intriguing curiosity than a gripping thriller .,0
657,2684,"with not a lot of help from the screenplay ( proficient , but singularly cursory ) , [testud] acts with the feral intensity of the young bette davis .",1
4282,903,". . . a joke at once flaky and resonant , lightweight and bizarrely original .",1
1082,3706,"depending upon your reaction to this movie , you may never again be able to look at a red felt sharpie pen without disgust , a thrill , or the giggles .",1
1972,422,"the level of maturity displayed by this 33-year-old first-time feature director is astonishing , considering her inexperience and her subject matter .",1
2144,3835,this real-life hollywood fairy-tale is more engaging than the usual fantasies hollywood produces .,1
4108,3548,"it's not like having a real film of nijinsky , but at least it's better than that eponymous 1980 biopic that used soap in the places where the mysteries lingered .",1
2648,859,"rain is a small treasure , enveloping the viewer in a literal and spiritual torpor that is anything but cathartic .",1
4279,2976,"creeps you out in high style , even if nakata did it better .",1
4157,1912,brian tufano's handsome widescreen photography and paul grabowsky's excellent music turn this fairly parochial melodrama into something really rather special .,1
3408,1166,reign of fire looks as if it was made without much thought -- and is best watched that way .,1
2785,820,"it's endearing to hear madame d . refer to her husband as 'jackie' -- and he does make for excellent company , not least as a self-conscious performer .",1
282,2402,"armed with a game supporting cast , from the pitch-perfect forster to the always hilarious meara and levy , like mike shoots and scores , doing its namesake proud .",1
3460,722,"flavorful and romantic , you could call this how martha got her groove back -- assuming , that is , she ever had one to begin with .",1
940,556,the filmmakers skillfully evoke the sense of menace that nature holds for many urban dwellers .,1
3800,912,". . . does such a fine job of engulfing you in its world and allying you with its characters' choices , good and ill , that its shortcomings are remembered only as an afterthought .",1
3051,6046,"visually rather stunning , but ultimately a handsome-looking bore , the true creativity would have been to hide treasure planet entirely and completely reimagine it .",0
2621,4072,"[gulpilil] is a commanding screen presence , and his character's abundant humanism makes him the film's moral compass .",1
2625,3016,"based on dave barry's popular book of the same name , the movie benefits from having a real writer plot out all of the characters' moves and overlapping story .",1
1134,2738,"effective in all its aspects , margarita happy hour represents an auspicious feature debut for chaiken .",1
1914,1647,"if you're willing to have fun with it , you won't feel cheated by the high infidelity of unfaithful .",1
1235,3656,a devastating indictment of unbridled greed and materalism .,1
3574,3169,"as played by ryan gosling , danny is a frighteningly fascinating contradiction .",1
2499,1588,watching these eccentrics is both inspiring and pure joy .,1
489,7965,"go , girls , right down the reality drain .",0
2087,675,"an intelligent , earnest , intimate film that drops the ball only when it pauses for blunt exposition to make sure you're getting its metaphysical point .",1
2656,807,westfeldt and juergensen exude a chemistry and comfort level that's both saucy and endearing .,1
1162,177,"it's traditional moviemaking all the way , but it's done with a lot of careful period attention as well as some very welcome wit .",1
719,1117,a compelling spanish film about the withering effects of jealousy in the life of a young monarch whose sexual passion for her husband becomes an obsession .,1
1777,3093,vampire epic succeeds as spooky action-packed trash of the highest order .,1
1393,81,"painful to watch , but viewers willing to take a chance will be rewarded with two of the year's most accomplished and riveting film performances .",1
4668,1110,"against all odds in heaven and hell , it creeped me out just fine .",1
4217,263,has it ever been possible to say that williams has truly inhabited a character ? it is now .,1
484,6400,a battle between bug-eye theatre and dead-eye matinee .,0
654,3475,"colorful and deceptively buoyant until it suddenly pulls the rug out from under you , burkinabe filmmaker dani kouyate's reworking of a folk story whose roots go back to 7th-century oral traditions is also a pointed political allegory .",1
3406,5061,[a] stuporously solemn film .,0
3789,6762,"not only does the movie fail to make us part of its reality , it fails the most basic relevancy test as well .",0
103,4180,does point the way for adventurous indian filmmakers toward a crossover into nonethnic markets .,1
3063,619,"what "" empire "" lacks in depth it makes up for with its heart .",1
2851,3672,"inventive , fun , intoxicatingly sexy , violent , self-indulgent and maddening .",1
4116,6057,"sustains its dreamlike glide through a succession of cheesy coincidences and voluptuous cheap effects , not the least of which is rebecca romijn-stamos .",0
492,3531,"kids five and up will be delighted with the fast , funny , and even touching story . parents may even find that it goes by quickly , because it has some of the funniest jokes of any movie this year , including those intended for adults .",1
904,1008,an extraordinary swedish film about the soul adventure of marriage -- the kind of intimate and character-driven film that bille august does best .,1
1915,2597,"'divertida , enternecedora , universal y profundamente sincera , es una de las mejores comedias románticas en mucho tiempo . una verdadera delicia . '",1
3042,139,"if your senses haven't been dulled by slasher films and gorefests , if you're a connoisseur of psychological horror , this is your ticket .",1
2313,2062,"one hour photo may seem disappointing in its generalities , but it's the little nuances that perhaps had to escape from director mark romanek's self-conscious scrutiny to happen , that finally get under your skin .",1
2337,5785,they should have called it gutterball .,0
2096,4050,"it's still adam sandler , and it's not little nicky . and for many of us , that's good enough .",1
2162,1220,"having had the good sense to cast actors who are , generally speaking , adored by the movie-going public , khouri then gets terrific performances from them all .",1
372,1248,"a difficult , absorbing film that manages to convey more substance despite its repetitions and inconsistencies than do most films than are far more pointed and clear .",1
595,3496,"it is an indelible epic american story about two families , one black and one white , facing change in both their inner and outer lives .",1
2962,1487,'de niro . . . is a veritable source of sincere passion that this hollywood contrivance orbits around . ',1
2388,4185,"not all of the stories work and the ones that do are thin and scattered , but the film works well enough to make it worth watching .",1
1502,1189,"even in its most tedious scenes , russian ark is mesmerizing .",1
2204,1708,cho's timing is priceless .,1
2203,2474,worth a look as a curiosity .,1
3716,991,"the movie isn't always easy to look at . but if it is indeed a duty of art to reflect life , than leigh has created a masterful piece of artistry right here .",1
3307,2438,"a chronicle not only of one man's quest to be president , but of how that man single-handedly turned a plane full of hard-bitten , cynical journalists into what was essentially , by campaign's end , an extended publicity department .",1
1322,781,"don't plan on the perfect ending , but sweet home alabama hits the mark with critics who escaped from a small town life .",1
2151,1607,familiar but utterly delightful .,1
1344,588,"like dickens with his passages , mcgrath crafts quite moving scenes throughout his resolutely dramatic variation on the novel .",1
1429,1006,"leave it to rohmer , now 82 , to find a way to bend current technique to the service of a vision of the past that is faithful to both architectural glories and commanding open spaces of the city as it was more than two centuries ago .",1
4344,1182,"looking aristocratic , luminous yet careworn in jane hamilton's exemplary costumes , rampling gives a performance that could not be improved upon .",1
1049,1080,"like mike is a winner for kids , and no doubt a winner for lil bow wow , who can now add movies to the list of things he does well .",1
3560,278,a wonderful character-based comedy .,1
3965,2563,"this ready-made midnight movie probably won't stand the cold light of day , but under the right conditions , it's goofy ( if not entirely wholesome ) fun .",1
195,1523,"it's a scattershot affair , but when it hits its mark it's brilliant .",1
1753,506,"if it tried to do anything more , it would fail and perhaps explode , but at this level of manic whimsy , it is just about right .",1
3715,2089,"director claude chabrol has become the master of innuendo . it is not what you see , it is what you think you see .",1
122,4175,"it may be about drug dealers , kidnapping , and unsavory folks , but the tone and pacing are shockingly intimate .",1
29,678,what jackson has accomplished here is amazing on a technical level .,1
1786,434,when it really counts . . . bloody sunday connects on a visceral level that transcends language .,1
3083,8104,"there's a neat twist , subtly rendered , that could have wrapped things up at 80 minutes , but kang tacks on three or four more endings .",0
1182,386,"ana is a vivid , vibrant individual and the movie's focus upon her makes it successful and accessible .",1
3676,1367,"although the level of the comedy declines as the movie proceeds , there's no denying the fun of watching de niro and crystal having fun .",1
3025,1514,a good piece of work more often than not .,1
1501,3982,"the film's plot may be shallow , but you've never seen the deep like you see it in these harrowing surf shots .",1
4631,3453,"for decades we've marveled at disney's rendering of water , snow , flames and shadows in a hand-drawn animated world . prepare to marvel again .",1
359,1060,"whether you like rap music or loathe it , you can't deny either the tragic loss of two young men in the prime of their talent or the power of this movie .",1
2426,3530,a film with contemporary political resonance illustrated by a winning family story .,1
773,2101,"the search for redemption makes for a touching love story , mainly because blanchett and ribisi compellingly tap into a spiritual aspect of their characters' suffering .",1
576,2727,"in his debut as a director , washington has a sure hand . his work with actors is particularly impressive .",1
3411,4199,"a strong script , powerful direction and splendid production design allows us to be transported into the life of wladyslaw szpilman , who is not only a pianist , but a good human being .",1
271,2377,a well-crafted film that is all the more remarkable because it achieves its emotional power and moments of revelation with restraint and a delicate ambiguity .,1
3348,1154,"a warm but realistic meditation on friendship , family and affection .",1
4499,7937,"this is a poster movie , a mediocre tribute to films like them !",0
2262,2293,"in addition to gluing you to the edge of your seat , changing lanes is also a film of freshness , imagination and insight .",1
2711,1407,"the vitality of the actors keeps the intensity of the film high , even as the strafings blend together .",1
1361,1635,the best animated feature to hit theaters since beauty and the beast 11 years ago .,1
1934,1149,what better message than 'love thyself' could young women of any size receive ?,1
1275,726,hits one out of the park for the 'they don't make 'em like that anymore' department .,1
3551,3890,"the result is somewhat satisfying -- it still comes from spielberg , who has never made anything that wasn't at least watchable . but it's also disappointing to a certain degree .",1
949,1499,"this film seems thirsty for reflection , itself taking on adolescent qualities .",1
3598,3517,the bard as black comedy -- willie would have loved it .,1
308,3015,"with spy kids 2 : the island of lost dreams , however , robert rodriguez adorns his family-film plot with an elegance and maturity that even most contemporary adult movies are lacking .",1
2814,4555,"it's not only dull because we've seen [eddie] murphy do the genial-rogue shtick to death , but because the plot is equally hackneyed .",0
2884,3048,"whatever one makes of its political edge , this is beautiful filmmaking from one of french cinema's master craftsmen .",1
4367,417,"long after you leave justine , you'll be wondering what will happen to her and wishing her the best -- whatever that might mean .",1
2022,499,"does what a fine documentary does best : it extends a warm invitation into an unfamiliar world , then illuminates it fully and allows the larger implications of the journey to sink in unobtrusively .",1
2447,1598,if you're a fan of the series you'll love it and probably want to see it twice . i will be .,1
1374,225,"mr . parker has brilliantly updated his source and grasped its essence , composing a sorrowful and hilarious tone poem about alienated labor , or an absurdist workplace sitcom .",1
2750,5512,this loud and thoroughly obnoxious comedy about a pair of squabbling working-class spouses is a deeply unpleasant experience .,0
4542,6186,"in the end , the movie collapses on its shaky foundation despite the best efforts of director joe carnahan .",0
2677,4484,gaghan . . . has thrown every suspenseful cliché in the book at this nonsensical story .,0
3881,55,"everytime you think undercover brother has run out of steam , it finds a new way to surprise and amuse .",1
239,1578,allen's funniest and most likeable movie in years .,1
154,1156,turns potentially forgettable formula into something strangely diverting .,1
1706,4032,"kwan is a master of shadow , quietude , and room noise , and lan yu is a disarmingly lived-in movie .",1
2047,2997,"the camera soars above the globe in dazzling panoramic shots that make the most of the large-screen format , before swooping down on a string of exotic locales , scooping the whole world up in a joyous communal festival of rhythm .",1
3236,2112,you won't have any trouble getting kids to eat up these veggies .,1
2249,1468,"it gets onto the screen just about as much of the novella as one could reasonably expect , and is engrossing and moving in its own right .",1
232,2947,exhilarating but blatantly biased .,1
1566,2104,"at its worst the screenplay is callow , but at its best it is a young artist's thoughtful consideration of fatherhood .",1
1288,3678,"a bittersweet contemporary comedy about benevolent deception , which , while it may not rival the filmmaker's period pieces , is still very much worth seeing .",1
1858,2369,"with notorious c . h . o . cho proves she has the stuff to stand tall with pryor , carlin and murphy .",1
812,6019,"a better title , for all concerned , might be swept under the rug .",0
4401,2566,"even though it is infused with the sensibility of a video director , it doesn't make for completely empty entertainment",1
760,3677,those who want to be jolted out of their gourd should drop everything and run to ichi .,1
1825,3500,"the filmmakers wisely decided to let crocodile hunter steve irwin do what he does best , and fashion a story around him .",1
3402,2380,would make an excellent companion piece to the similarly themed 'the french lieutenant's woman . ',1
4492,3302,huppert and girardot give performances of exceptional honesty .,1
3231,1086,a sober and affecting chronicle of the leveling effect of loss .,1
315,2894,"gosling creates a staggeringly compelling character , a young man whose sharp intellect is at the very root of his contradictory , self-hating , self-destructive ways .",1
2839,3988,aniston has at last decisively broken with her friends image in an independent film of satiric fire and emotional turmoil .,1
1137,255,"the director , steven shainberg , has succeeded by focusing intently on his characters , making them quirky individuals rather than figures of fun .",1
616,1548,"about a manga-like heroine who fights back at her abusers , it's energetic and satisfying if not deep and psychological .",1
2910,2570,a tasty masala .,1
4233,2548,"the film's messages of tolerance and diversity aren't particularly original , but one can't help but be drawn in by the sympathetic characters .",1
4406,5529,the young stars are too cute ; the story and ensuing complications are too manipulative ; the message is too blatant ; the resolutions are too convenient .,0
330,1672,the pianist is the film roman polanski may have been born to make .,1
2951,1397,[majidi] makes us think twice about immigrants we see around us every day .,1
191,799,"you have to pay attention to follow all the stories , but they're each interesting . the movie is well shot and very tragic , and one to ponder after the credits roll .",1
1666,725,the plot is so amusingly contrived and outlandish in its coincidences that no one could ever mistake it for anything resembling reality,1
2240,1602,"huppert's show to steal and she makes a meal of it , channeling kathy baker's creepy turn as the repressed mother on boston public just as much as 8 women's augustine .",1
1107,1217,"inside the film's conflict-powered plot there is a decent moral trying to get out , but it's not that , it's the tension that keeps you in your seat . affleck and jackson are good sparring partners .",1
1458,7029,"while benigni ( who stars and co-wrote ) seems to be having a wonderful time , he might be alone in that .",0
2833,2375,"a much better documentary -- more revealing , more emotional and more surprising -- than its pedestrian english title would have you believe .",1
2029,1316,the story and structure are well-honed . fresnadillo's dark and jolting images have a way of plying into your subconscious like the nightmare you had a week ago that won't go away .,1
4435,2524,an intriguing look at the french film industry during the german occupation ; its most delightful moments come when various characters express their quirky inner selves .,1
1641,1288,is this love or is it masochism ? binoche makes it interesting trying to find out .,1
1849,600,"though the violence is far less sadistic than usual , the film is typical miike : fast , furious and full of off-the-cuff imaginative flourishes .",1
4500,3742,. . . fuses the events of her life with the imagery in her paintings so vividly that the artist's work may take on a striking new significance for anyone who sees the film .,1
2349,1421,"a psychological thriller with a genuinely spooky premise and an above-average cast , actor bill paxton's directing debut is a creepy slice of gothic rural americana .",1
832,2670,it shows us a slice of life that's very different from our own and yet instantly recognizable .,1
1529,702,has a shambling charm . . . a cheerfully inconsequential diversion .,1
2068,1425,few films capture so perfectly the hopes and dreams of little boys on baseball fields as well as the grown men who sit in the stands .,1
3738,2564,"see scratch for the history , see scratch for the music , see scratch for a lesson in scratching , but , most of all , see it for the passion .",1
96,299,it's one of the saddest films i have ever seen that still manages to be uplifting but not overly sentimental .,1
3704,3261,it's no accident that the accidental spy is a solid action pic that returns the martial arts master to top form .,1
4270,3478,"for 95 often hilarious minutes , [cho] riffs on the diciness of colonics , on straight versus gay personal ads , on how men would act if they had periods , and on the perils of a certain outré sexual practice .",1
3294,531,i love the way that it took chances and really asks you to take these great leaps of faith and pays off .,1
3531,1583,"with three excellent principal singers , a youthful and good-looking diva and tenor and richly handsome locations , it's enough to make you wish jacquot had left well enough alone and just filmed the opera without all these distortions of perspective .",1
2972,1908,"strip it of all its excess debris , and you'd have a 90-minute , four-star movie . as it is , it's too long and unfocused .",1
364,3622,"a thoroughly enjoyable , heartfelt coming-of-age comedy .",1
3835,1127,"generally , clockstoppers will fulfill your wildest fantasies about being a different kind of time traveler , while happily killing 94 minutes .",1
349,2443,"maybe it is formula filmmaking , but there's nothing wrong with that if the film is well-crafted and this one is .",1
805,2930,"director-writer bille august . . . depicts this relationship with economical grace , letting his superb actors convey martin's deterioration and barbara's sadness -- and , occasionally , anger .",1
485,4233,"in an era where big stars and high production values are standard procedure , narc strikes a defiantly retro chord , and outpaces its contemporaries with daring and verve .",1
3339,1378,"the movie is for fans who can't stop loving anime , and the fanatical excess built into it .",1
3670,1229,"pacino is brilliant as the sleep-deprived dormer , his increasing weariness as much existential as it is physical .",1
881,4119,worth seeing just for weaver and lapaglia .,1
2340,4708,absurdities and clichés accumulate like lint in a fat man's navel .,0
1534,2064,a fascinating documentary that provides a rounded and revealing overview of this ancient holistic healing system,1
3198,2880,"even through its flaws , revolution #9 proves to be a compelling , interestingly told film .",1
4674,2628,this is a superior horror flick .,1
1557,3421,confessions is without a doubt a memorable directorial debut from king hunk .,1
4055,3666,. . . somehow manages to escape the shackles of its own clichés to be the best espionage picture to come out in weeks .,1
771,4117,spend your benjamins on a matinee .,1
1004,6951,mckay deflates his piece of puffery with a sour cliche and heavy doses of mean-spiritedness,0
653,921,a modest masterpiece .,1
1389,3219,"the actors are simply too good , and the story too intriguing , for technical flaws to get in the way .",1
2284,2425,"it's a square , sentimental drama that satisfies , as comfort food often can .",1
2923,1168,"we root for [clara and paul] , even like them , though perhaps it's an emotion closer to pity .",1
3529,3235,another entertaining romp from robert rodriguez .,1
614,420,notorious c . h . o . has oodles of vulgar highlights .,1
2757,1816,highly engaging .,1
778,909,"culkin , who's in virtually every scene , shines as a young man who uses sarcastic lies like a shield .",1
4325,378,"the stunning , dreamlike visuals will impress even those viewers who have little patience for euro-film pretension .",1
1574,1335,as unseemly as its title suggests .,1
3040,1354,"vera's three actors -- mollà , gil and bardem -- excel in insightful , empathetic performances .",1
4170,1567,the modern-day royals have nothing on these guys when it comes to scandals . it's only in fairy tales that princesses that are married for political reason live happily ever after .,1
3951,5364,"nijinsky says , 'i know how to suffer' and if you see this film you'll know too .",0
3737,1743,top-notch action powers this romantic drama .,1
1059,2856,a dashing and absorbing outing with one of france's most inventive directors .,1
1321,3788,"a dark , quirky road movie that constantly defies expectation .",1
1489,1702,"k-19 : the widowmaker is derivative , overlong , and bombastic -- yet surprisingly entertaining .",1
3342,2100,there's so much to look at in metropolis you hate to tear your eyes away from the images long enough to read the subtitles .,1
2076,627,don't expect any surprises in this checklist of teamwork cliches . . .,1
254,3465,a modestly made but profoundly moving documentary .,1
162,98,. . . a roller-coaster ride of a movie,1
3775,3012,"the most wondrous love story in years , it is a great film .",1
2503,2873,". . . a visually seductive , unrepentantly trashy take on rice's second installment of her vampire chronicles .",1
2180,2124,"a fascinating , bombshell documentary that should shame americans , regardless of whether or not ultimate blame finally lies with kissinger . should be required viewing for civics classes and would-be public servants alike .",1
1354,2156,the plot twists give i am trying to break your heart an attraction it desperately needed .,1
3491,2790,this is a sincerely crafted picture that deserves to emerge from the traffic jam of holiday movies .,1
1154,3304,a cautionary tale about the grandiosity of a college student who sees himself as impervious to a fall .,1
1148,1128,the movie is beautiful to behold and engages one in a sense of epic struggle -- inner and outer -- that's all too rare in hollywood's hastier productions .,1
4397,2251,the most compelling performance of the year adds substantial depth to this shocking testament to anti-semitism and neo-fascism .,1
2937,3549,it's probably worth catching solely on its visual merits . if only it had the story to match .,1
599,1410,"if the first men in black was money , the second is small change . but it still jingles in the pocket . it's fun lite .",1
4490,690,watstein handily directs and edits around his screenplay's sappier elements . . . and sustains off the hook's buildup with remarkable assuredness for a first-timer .,1
328,1404,lovely and poignant . puts a human face on a land most westerners are unfamiliar with .,1
4113,1769,"it isn't that the picture is unfamiliar , but that it manages to find new avenues of discourse on old problems .",1
3347,3915,"the film is enriched by an imaginatively mixed cast of antic spirits , headed by christopher plummer as the subtlest and most complexly evil uncle ralph i've ever seen in the many film and stage adaptations of the work .",1
3452,949,"it takes this never-ending confusion and hatred , puts a human face on it , evokes shame among all who are party to it and even promotes understanding .",1
4251,838,"a sweet-natured reconsideration of one of san francisco's most vital , if least widely recognized , creative fountainheads .",1
4340,1887,"on the granger movie gauge of 1 to 10 , the powerpuff girls is a fast , frenetic , funny , even punny 6 -- aimed specifically at a grade-school audience .",1
4383,3449,"vibrantly colored and beautifully designed , metropolis is a feast for the eyes .",1
1224,1577,"some movies blend together as they become distant memories . mention "" solaris "" five years from now and i'm sure those who saw it will have an opinion to share .",1
3721,185,"one of the best , most understated performances of [jack nicholson's] career .",1
216,136,it will delight newcomers to the story and those who know it from bygone days .,1
3734,740,"it's a brave attempt to tap into the heartbeat of the world , a salute to the universal language of rhythm and a zippy sampling of sounds .",1
4174,2986,"'si bien no logra desarrollarse como un gran drama , tampoco es tan superficial como muchas cintas que pecan de pretenciosas y que resultan totalmente banales . '",1
1050,3052,"romanek's themes are every bit as distinctive as his visuals . beyond the cleverness , the weirdness and the pristine camerawork , one hour photo is a sobering meditation on why we take pictures .",1
3509,4108,"while not all that bad of a movie , it's nowhere near as good as the original .",1
3799,1101,"without ever becoming didactic , director carlos carrera expertly weaves this novelistic story of entangled interrelationships and complex morality .",1
2599,708,"even if the ride's a little bumpy , with a final lap that's all too suspiciously smooth , you gotta give director roger michell , best known for the superfluous notting hill , credit for trying .",1
4030,1665,"the picture uses humor and a heartfelt conviction to tell a story about discovering your destination in life , but also acknowledging the places , and the people , from whence you came .",1
1676,3480,"mostly honest , this somber picture reveals itself slowly , intelligently , artfully .",1
2446,1218,"the old-world- meets-new mesh is incarnated in the movie's soundtrack , a joyful effusion of disco bollywood that , by the end of monsoon wedding , sent my spirit soaring out of the theater .",1
3641,6841,"the performances are so leaden , michael rymer's direction is so bloodless and the dialogue is so corny that the audience laughs out loud .",0
382,94,while mcfarlane's animation lifts the film firmly above the level of other coming-of-age films . . . it's also so jarring that it's hard to get back into the boys' story .,1
2067,7324,just how extreme are these ops ? i regret to report that these ops are just not extreme enough .,0
816,2490,"the movie is brilliant , really . it is philosophy , illustrated through everyday events .",1
1370,3969,"peppering this urban study with references to norwegian folktales , villeneuve creates in maelstrom a world where the bizarre is credible and the real turns magical .",1
898,6745,its save-the-planet message clashes with its crass marketing .,0
528,2179,"invigorating , surreal , and resonant with a rainbow of emotion .",1
2009,4759,"i've had more interesting -- and , dare i say , thematically complex -- bowel movements than this long-on-the-shelf , point-and-shoot exercise in gimmicky crime drama .",0
4004,3282,soderbergh skims the fat from the 1972 film . what's left is a rich stew of longing .,1
3123,2691,elvira fans could hardly ask for more .,1
2850,894,the movie exists for its soccer action and its fine acting .,1
1238,7657,stay away . far away .,0
764,306,"asia authors herself as anna battista , an italian superstar and aspiring directress who just happens to be her own worst enemy .",1
3954,842,"it's a nicely detailed world of pawns , bishops and kings , of wagers in dingy backrooms or pristine forests .",1
578,644,"with youthful high spirits , tautou remains captivating throughout michele's religious and romantic quests , and she is backed by a likable cast .",1
2367,2569,star/producer salma hayek and director julie taymor have infused frida with a visual style unique and inherent to the titular character's paintings and in the process created a masterful work of art of their own .,1
4296,1838,"a graceful , moving tribute to the courage of new york's finest and a nicely understated expression of the grief shared by the nation at their sacrifice .",1
2495,3626,promises is one film that's truly deserving of its oscar nomination .,1
1398,2671,a wonderfully speculative character study that made up for its rather slow beginning by drawing me into the picture .,1
4352,1667,a terrific insider look at the star-making machinery of tinseltown .,1
3559,3740,"like all of egoyan's work , ararat is fiercely intelligent and uncommonly ambitious .",1
866,2461,a glib but bouncy bit of sixties-style slickness in which the hero might wind up caught but the audience gets pure escapism .,1
3427,371,"romanek keeps the film constantly taut . . . reflecting the character's instability with a metaphorical visual style and an unnerving , heartbeat-like score .",1
4321,4380,beautifully filmed and well acted . . . but admittedly problematic in its narrative specifics .,0
1715,616,"an incredibly low-rent danish film , it brings a group of people together in a sweet and charming way , if a little convenient",1
2733,3329,"about schmidt is undoubtedly one of the finest films of the year . if you're not deeply touched by this movie , check your pulse .",1
1540,3296,the moral shrapnel and mental shellshock will linger long after this film has ended .,1
2370,1555,"it's a demented kitsch mess ( although the smeary digital video does match the muddled narrative ) , but it's savvy about celebrity and has more guts and energy than much of what will open this year .",1
1527,2938,"none of this is meaningful or memorable , but frosting isn't , either , and you wouldn't turn down a big bowl of that , would you ?",1
437,8463,can't seem to get anywhere near the story's center .,0
4663,1337,"the french are rather good at this kind of thing , unlike the americans , who have a passion for musketeers , only to spoof them .",1
1402,382,"the people in dogtown and z-boys are so funny , aggressive and alive , you have to watch them because you can't wait to see what they do next .",1
964,3310,"with we were soldiers , hollywood makes a valiant attempt to tell a story about the vietnam war before the pathology set in .",1
3432,1538,a thinly veiled look at different aspects of chinese life clashing with each other .,1
3770,3653,"the powerpuff girls arrive on the big screen with their super-powers , their super-simple animation and their super-dooper-adorability intact .",1
2185,5345,never comes together as a coherent whole .,0
1929,4063,"writer/director david caesar ladles on the local flavour with a hugely enjoyable film about changing times , clashing cultures and the pleasures of a well-made pizza .",1
1302,666,"a triumph , relentless and beautiful in its downbeat darkness .",1
813,2427,"ramsay is clearly extraordinarily talented , and based on three short films and two features , here's betting her third feature will be something to behold .",1
2502,3746,"a timely look back at civil disobedience , anti-war movements and the power of strong voices .",1
4400,2144,"as a vehicle to savour binoche's skill , the film is well worthwhile .",1
1377,4112,may be the most undeserving victim of critical overkill since town and country .,1
2364,674,"the film hinges on its performances , and both leads are up to the task .",1
937,292,"for anyone who remembers the '60s or is interested in one man's response to stroke , ram dass : fierce grace is worth seeking out .",1
2179,1096,"building slowly and subtly , the film , sporting a breezy spontaneity and realistically drawn characterizations , develops into a significant character study that is both moving and wise .",1
3934,841,a richly imagined and admirably mature work from a gifted director who definitely has something on his mind .,1
3803,554,this is pretty dicey material . but some unexpected zigs and zags help .,1
3119,4143,"it picked me up , swung me around , and dropped me back in my seat with more emotional force than any other recent film .",1
1270,7663,"like the world of his film , hartley created a monster but didn't know how to handle it .",0
3616,1984,"this documentary is a dazzling , remarkably unpretentious reminder of what [evans] had , lost , and got back .",1
3735,4141,interesting both as a historical study and as a tragic love story .,1
3141,1269,it inspires a continuing and deeply satisfying awareness of the best movies as monumental 'picture shows . ',1
1019,791,full frontal is the antidote for soderbergh fans who think he's gone too commercial since his two oscar nominated films in 2000,1
3450,279,"it would be interesting to hear from the other side , but in talk to her , the women are down for the count .",1
399,4031,japanese director shohei imamura's latest film is an odd but ultimately satisfying blend of the sophomoric and the sublime .,1
1964,2861,what it lacks in substance it makes up for in heart .,1
4633,1150,the second coming of harry potter is a film far superior to its predecessor . a movie that successfully crushes a best selling novel into a timeframe that mandates that you avoid the godzilla sized soda .,1
4496,1191,reggio's continual visual barrage is absorbing as well as thought-provoking .,1
237,4004,i have two words to say about reign of fire . great dragons !,1
1993,221,the dangerous lives of altar boys' take on adolescence feels painfully true .,1
2789,2838,"you can almost see mendes and company getting together before a single frame had been shot and collectively vowing , 'this is going to be something really good . ' and it is .",1
3861,2280,a winning comedy with its wry observations about long-lived friendships and the ways in which we all lose track of ourselves by trying to please others .,1
4268,1389,if you dig on david mamet's mind tricks . . . rent this movie and enjoy !,1
4475,143,"like mike doesn't win any points for originality . it does succeed by following a feel-good formula with a winning style , and by offering its target audience of urban kids some welcome role models and optimism .",1
2815,1713,[reno] delivers a monologue that manages to incorporate both the horror and the absurdity of the situation in a well-balanced fashion .,1
770,3922,"sweet home alabama isn't going to win any academy awards , but this date-night diversion will definitely win some hearts .",1
1409,1791,"jones . . . makes a great impression as the writer-director of this little $1 . 8 million charmer , which may not be cutting-edge indie filmmaking but has a huge heart .",1
3359,3164,"most thrillers send audiences out talking about specific scary scenes or startling moments ; "" frailty "" leaves us with the terrifying message that the real horror may be waiting for us at home .",1
2802,628,"as adapted by kevin molony from simon leys' novel "" the death of napoleon "" and directed by alan taylor , napoleon's journey is interesting but his parisian rebirth is stillborn",1
2547,3081,"short-story quaint , touchingly mending a child's pain for his dead mother via communication with an old woman straight out of eudora welty .",1
1122,1147,the magic of the film lies not in the mysterious spring but in the richness of its performances .,1
2037,5601,"you can see where big bad love is trying to go , but it never quite gets there .",0
2363,2831,at once a testament to the divine calling of education and a demonstration of the painstaking process of imparting knowledge .,1
3644,1476,a solid examination of the male midlife crisis .,1
2504,1353,it confirms fincher's status as a film maker who artfully bends technical know-how to the service of psychological insight .,1
923,524,vividly conveys both the pitfalls and the pleasures of over-the-top love .,1
3533,1634,"it's tough to watch , but it's a fantastic movie .",1
3552,2184,"a subtle , humorous , illuminating study of politics , power and social mobility .",1
3468,3386,the movie plays up the cartoon's more obvious strength of snazziness while neglecting its less conspicuous writing strength .,1
3121,49,may be spoofing an easy target -- those old '50's giant creature features -- but . . . it acknowledges and celebrates their cheesiness as the reason why people get a kick out of watching them today .,1
1983,2999,"demonstrates the unusual power of thoughtful , subjective filmmaking .",1
2365,468,"the film delivers not just the full assault of reno's immense wit and insight , but a time travel back to what it felt like during those unforgettably uncertain days .",1
3570,3477,"director paul cox's unorthodox , abstract approach to visualizing nijinsky's diaries is both stimulating and demanding .",1
469,8400,the exclamation point seems to be the only bit of glee you'll find in this dreary mess .,0
4561,1741,proves mainly that south korean filmmakers can make undemanding action movies with all the alacrity of their hollywood counterparts .,1
1034,464,"this cuddly sequel to the 1999 hit is a little more visually polished , a little funnier , and a little more madcap .",1
2012,3027,"'barbershop "" is a good-hearted ensemble comedy with a variety of quirky characters and an engaging story .",1
2342,1595,i encourage young and old alike to go see this unique and entertaining twist on the classic whale's tale -- you won't be sorry !,1
422,544,"led by griffin's smartly nuanced performance and enthusiasm , the cast has a lot of fun with the material .",1
3878,3378,a charming but slight comedy .,1
2874,6178,late marriage's stiffness is unlikely to demonstrate the emotional clout to sweep u . s . viewers off their feet .,0
3035,3993,"intelligent , caustic take on a great writer and dubious human being .",1
468,134,it's a great deal of sizzle and very little steak . but what spectacular sizzle it is ! . . . in this incarnation its fizz is infectious .,1
2039,3409,"nohe's documentary about the event is sympathetic without being gullible : he isn't blind to the silliness , but also captures moments of spontaneous creativity and authentic co-operative interaction .",1
784,2150,"even during the climactic hourlong cricket match , boredom never takes hold .",1
2397,2793,credit director ramsay for taking the sometimes improbable story and making it feel realistic .,1
2840,2096,"a quiet , disquieting triumph .",1
1419,850,"baran isn't the most transporting or gripping film from iran -- or , indeed , by its director -- but it's a worthy companion to the many fine , focused films emerging from that most surprising of nations .",1
4261,3377,"some of the most ravaging , gut-wrenching , frightening war scenes since "" saving private ryan "" have been recreated by john woo in this little-known story of native americans and their role in the second great war .",1
775,2385,"with a confrontational stance , todd solondz takes aim on political correctness and suburban families .",1
583,1687,". . . best seen as speculative history , as much an exploration of the paranoid impulse as a creative sequel to the warren report .",1
2646,173,rare is the 'urban comedy' that even attempts the insight and honesty of this disarming indie .,1
424,4120,a pleasant piece of escapist entertainment .,1
4426,4132,"insightfully written , delicately performed",1
3942,892,. . . blade ii is more enjoyable than the original .,1
4393,2592,"suffice to say that after seeing this movie in imax form , you'll be more acquainted with the tiniest details of tom hanks' face than his wife is .",1
3155,3299,"the movie enters a realm where few non-porn films venture , and comes across as darkly funny , energetic , and surprisingly gentle .",1
353,3319,"nakata's technique is to imply terror by suggestion , rather than the overuse of special effects .",1
48,2479,"for veggietales fans , this is more appetizing than a side dish of asparagus . if you're not a fan , it might be like trying to eat brussels sprouts .",1
1945,3068,a little better than sorcerer's stone .,1
2421,2704,"provides the kind of 'laugh therapy' i need from movie comedies -- offbeat humor , amusing characters , and a happy ending . after seeing 'analyze that , ' i feel better already .",1
2712,1905,"sitting in the third row of the imax cinema at sydney's darling harbour , but i sometimes felt as though i was in the tiny two seater plane that carried the giant camera around australia , sweeping and gliding , banking and hovering over some of the most not",1
1439,47,"a real movie , about real people , that gives us a rare glimpse into a culture most of us don't know .",1
3375,2020,"this is not a retread of "" dead poets' society . """,1
4034,2789,"jacquot has filmed the opera exactly as the libretto directs , ideally capturing the opera's drama and lyricism .",1
4382,818,"lathan and diggs have considerable personal charm , and their screen rapport makes the old story seem new .",1
3177,2681,director douglas mcgrath takes on nickleby with all the halfhearted zeal of an 8th grade boy delving into required reading .,1
1833,1649,hoffman's performance is authentic to the core of his being .,1
1625,2742,"enjoyably fast-moving , hard-hitting documentary .",1
2419,1015,"if you love motown music , you'll love this documentary .",1
37,574,"while not as aggressively impressive as its american counterpart , "" in the bedroom , "" moretti's film makes its own , quieter observations",1
4058,374,"longley has constructed a remarkably coherent , horrifically vivid snapshot of those turbulent days .",1
2121,2102,a fast paced and suspenseful argentinian thriller about the shadow side of play .,1
2395,4181,"seems based on ugly ideas instead of ugly behavior , as happiness was . . . hence , storytelling is far more appealing .",1
346,3825,munch's screenplay is tenderly observant of his characters . he watches them as they float within the seas of their personalities . his scenes are short and often unexpected .,1
3380,2413,almodovar is an imaginative teacher of emotional intelligence in this engaging film about two men who discover what william james once called 'the gift of tears . ',1
4550,2737,". . . gripping and handsome execution , ( but ) there isn't much about k-19 that's unique or memorable .",1
4641,2244,it seems grant doesn't need the floppy hair and the self-deprecating stammers after all .,1
4495,1187,falls neatly into the category of good stupid fun .,1
4089,18,"the movie's ripe , enrapturing beauty will tempt those willing to probe its inscrutable mysteries .",1
3880,1256,"remember the kind of movie we were hoping "" ecks vs . sever "" or "" xxx "" was going to be ? this is it .",1
3812,2069,"rock solid family fun out of the gates , extremely imaginative through out , but wanes in the middle",1
4312,3102,it's rare for any movie to be as subtle and touching as the son's room .,1
3276,2246,"one of the finest , most humane and important holocaust movies ever made .",1
646,2296,"it's crafty , energetic and smart -- the kid is sort of like a fourteen-year old ferris bueller .",1
3478,593,"cute , funny , heartwarming digitally animated feature film with plenty of slapstick humor for the kids , lots of in-jokes for the adults and heart enough for everyone .",1
4019,2652,"contradicts everything we've come to expect from movies nowadays . instead of simply handling conventional material in a conventional way , secretary takes the most unexpected material and handles it in the most unexpected way .",1
94,1941,"alain choquart's camera barely stops moving , portraying both the turmoil of the time and giving conduct a perpetual sense of urgency , which , for a film that takes nearly three hours to unspool , is both funny and irritating .",1
4271,3433,"if you like blood , guts and crazy beasts stalking men with guns though . . . you will likely enjoy this monster .",1
1873,3619,"like any good romance , son of the bride , proves it's never too late to learn .",1
1755,1586,"'no es la mejor cinta de la serie , ni la mejor con brosnan a la cabeza , pero de que entretiene ni duda cabe . '",1
28,960,"an enjoyable film for the family , amusing and cute for both adults and kids .",1
