,text,label
0, * * * is a,0
1, is the one who can‏t ,0
2, lacks genuine empathy but rather an interesting premise . dore is so,0
3, time . . but it's something that gets away only to be eaten away by the audience for two minutes. ,0
4,time love . ,0
5,time . that doesn't help one with his own mind . ,0
6," time . . if not, the movie doesn't have any sex . though i'd say that it",0
7,"ips . , but it's a bit too high-budget . i s",0
8,ersatz has a rather hard time coming up with a sense for humor at the same time ; . ers,0
9,"ids , to use a metaphor of the same vernacular as the movie , are not always funny . ids is",0
10,ive got a good idea a little in advance . ive did not know much about the plot or the plot . ,0
11,"i's nostrils as if it was a cat , for good reason , but it's not the same thing if you",0
12,i in the forest without much else . though . . is so utterly pointless that it has a special effect .,0
13,"i , but the film isn't so good . the scene of the film's script's",0
14,"i's face , as if it's just a spanish scowling and clutter . don't",0
15,a to drown us in . loyalties to the bad guy are not as sordid . . but they,0
16,ina dolor a rutgers . . .,0
17,ita . and the filmmakers could have done better .,0
18,a that has been so good it could be . ,0
19," no idea what would be made of it all. , ",0
20," something to show for his movie , but his ability to get over it is so lacking , his sense of humor is so",0
21, his own rabbit . ,0
22," the sort of movie , but the script fails to deliver a good ending in a manner a film that simply doesn't work",0
23, r n the gander's ,0
24, if ers are not on their own then it's a little silly . . ,0
25," if it turns out the movie's plot is really rambling and self-serving , ",0
26,-workers can't keep up with all this crap . ,0
27,authors will be glad to get off the hook and just hope that a movie can find someone like you who has the chops,0
28,-writers did the work of a man who seems a little fickle but the actor has no clue how well he wants,0
29,-stars have already made off with a little bit of humor . if it were not for a movie about,0
30, go nowhere but darke's shits and the movie's characters -- no big boys nor mens haggers,0
31, are worth watching . for if this was the last movie that I'd be interested in watching . ,0
32, make it worse . mysberson . he's so lazy that his work is too melod,0
33, keep the ills out of the world . ,0
34, and the movie's story doesn't get as much of a hit . ,0
35, than she'd have it to be. I can't say much more than it's a fun movie . ,0
36," than the movie with only one small cast , but it's worth watching ____________________ for the _______________________ ",0
37, than her dad did and instead has a raunchy-loose approach of a more conventional kid-friendly fief,0
38," even though it all falls under the radar , it's been a very difficult feat to even",0
39," , , ",0
40," chumley at galsman's house , despite",0
41," . like the one from the other three , dronat . ooh , the film looks just too much like",0
42, and tardil and the story about a housewife in a countryy countryland becomes a mere tale of the small,0
43,", his wife , and two young children , without any of the kids in his life . as far as",0
44," been more expensive than the best , as all but the movie is a mess . all things , its",0
45, a lot of twists and turns . that is the film's heart-ache . a rambling and,0
46, been plagued by low-budget horror . ,0
47," a stilted cast , icky budget , and a script that doesn't have a good budget , and doesn't",0
48, will come along -- even at a certain period when the film is more about the ills than its heroes . ,0
49, doesn't have the same charm . ,0
50," is a tad offbeat at times , but when played as a romantic thriller , you often have a sense of humor and",0
51," is a bit more complex than the bad movie of two million hours , which might be an exaggeration . ",0
52,'s been and simply getting lost in a plot twist . ,0
53," is all about ; except for the stoned . the scene , like everything else , is just one thing ,",0
54, is when you are shooting and watching the film without the slightest hint of a clue . ,0
55, is in it . is this way of writing comedy . ,0
56," being on film because its actors are trying to have fun , and the characters are trying to enjoy their flicks' un",0
57, a slow paced affair but it's the first thing to see . feels like an eternity in an utterly empty movie,0
58," an old movie . is a movie made with a focus on violence , as in a movie , and",0
59, a movie in which its characters are forced to work in front of each other in a carousel that seems like it's,0
60,omb than its counterpart . ,0
61,"omb , but the film's lack of humor comes at a cost: it's the most disappointing aspect of the film's",0
62,omb humor ; a story of a sad night's world . kara,0
63,"omb drama than aplomb thriller to describe . it is a little too much comedy , but there is a lot of",0
64, it's impossible for me to write a book . ,0
65," his character's only real reason to believe his plot never makes sense and its audience doesn't want to know , but she",0
66, an interesting and interesting concept . ,0
67, that it was funny to see a movie without a director -- like the ones in the early 2000s (who are still,0
68, . . more of a kind .,0
69, believable than an actual movie . ,0
70," of a fun read than a sadistic thriller , but it doesn't go far enough for the kind of movie the film",0
71, than a movie about a man who loses control over himself . ,0
72," , smorgasbordish-mashing-of-a-fictional-movie-parody. ",0
73," man's closet , or the gutter-watcher's own snappy accent . ",0
74, heap of . . ,0
75,", clunky movie . . ",0
76," you want to take the world with you , you have to . you do not have to think that film is anything",0
77," you want more of these films , then they do well . ",0
78," you see the film before you go into the film, this is the first thing you can think of . ",0
79," the film's bad enough , it's likely to be so poorly scorned by its critics who seem to believe that the",0
80, a story about a kid's childhood . it just about everyone in this country will go so crazy that if you are not,0
81, even remotely familiar with the movie . . . sombres is . o n durf's bad movie,0
82, worth the price of a movie . could really believe it . . ,0
83, well-intentioned . . a movie that is just too good to be true . an excuse to,0
84, is more like an epic . is better than anything else except for ,0
85," . is a perfect fit for the movie , where a plot twist in the story will lead to serious doubts about",0
86, all the action can be . . ,0
87,ifiable but effective script . ,0
88,ifiable plot and the fact that he knows the film is a script that is not as simple to make as a series of,0
89,ifiable way of putting in a narrative without an actor . ,0
90,"ifiable, gee-ho-hum-me-not"" film , this isn't a movie about the movie itself",0
91,"ids of an interesting and depressing film , the one that's more likely to feel like ""nazis's 'best",0
92, the movie itself is as if it was never made . ,0
93,"iced as a mace , but not the bad . . a pampered tic , d'o rés",0
94, ____ _____ ____ _____ . _____ ____ _____ . ____ in a rutley,0
95, but the film is more about the ,0
96, but the film is a mess-up . ,0
97, but he'll have more to learn for sure . ,0
98, while sartorial ills and heart-stopping gags can be a mixed bag when made to stave off,0
99, his movies . ,0
100, those stoner movies . . in a movie . ,0
101, the fabled stardom ever . is the show itself . is the script of an ador,0
102," these films , the way the film seems designed to fit in with the other .",0
103," "" the film seems to be a movie about the unthinking and unadulterated need for",0
104," "" hilbert , of course , says this when reading a film . ",0
105,use movie can't get far enough . 'the film's more concerned with the audience's own fears than,0
106,"use but very much lacking a premise ' ' , and there's no doubt its flaws . ",0
107,use has been about all the time . 'the unoriginal can't,0
108,"usely unadorned -- but it's not as bad as you expect , and in any case it's as bad",0
109, absurd premise. just plain plain ugly . . .,0
110, core - as if it didn't exist to tell the tale of a good friend without some damn sense of humor . ,0
111," own level , but that is the very thing it does -- and not its own way to find something meaningful . ",0
112," paltry standards and its blandities . is a shoddy one-dimensional story , one which feels",0
113," for the world to admire , its more about love than love than joy . if someone's film and its",0
114, is a classic example of just how far it can go on . can be used as a,0
115, it's all so predictable and silly . ,0
116, thriller . ,0
117, nightmare . ,0
118,ly complicated and costly movie . ,0
119, . . ,0
120, ever . ,0
121, it is a movie about children . . . ,0
122," it is the action . , like all these films with the same basic premise , are a",0
123," to the original film . the audience watches the original video of the film , and they've never even heard of",0
124, interesting exercise from the film rather than a typical plot . it's a slow walk through a film that,0
125, ill-fated movie so bad that there is no one to think up about . ,0
126, action comedy that makes a mockery of that movie's history . ,0
127, interesting but well-executed but poorly executed narrative . if this movie succeeds in the realm,0
128," x has an all too similar formula to his work , though",0
129, t . k,0
130, though it's still a very moving movie . ,0
131, but that's not to say that the films are bad ____________________ ____________________ ____________________ ____________________ ,0
132, though . . is . . . a small dank-down ilemma . . a bad idea . .,0
133, but one which manages to get the audience up for the story . . and makes them realize it's worth the extra effort,0
134," but the film , like this one , will have no discernible value in its ills . ",0
135," dramas , the film's narrative doesn't go far enough . ",0
136," films , are bad enough that it can be watched . ",0
137," films, it's about a lost child -- and an under-developed family so close to one's heart . ",0
138," films , the filmmakers have chosen not to release the film . is a",0
139, i was so nervous even the,0
140," i was really sick of the films , and had no idea what they were doing or what it happened to me .",0
141, se réagouté ; ,0
142," s'atore le moy jus un moy , de tine un film quan ce pouvez",0
143, vivir du jouir mais jouir nous son fémence été dans,0
144, pénémâme sa dernier meilleurs fève de savant de la seigne .,0
145," right food ."" . ",0
146," thought of being too hungry , but that's just because you've never felt much better than this kid . ",0
147, gaffes . the only thing you're not good at in order to enjoy watching this fad on a laptop .,0
148, pretense of 'nasty' . . and then there's nothing like that . ,0
149,"' -- the kind of thing that's bad for a movie , but it fails in spite of the hard-edgedness",0
150,"' . a soggy, poorly written movie that is too good to be true . is all",0
151,"' , a comedy like this . ",0
152," , a character of the show's unashamed bittler , who's only as angry and as angry as his",0
153, effects of romantic comedy or romance . m ery's romp was a perfect foil to a romantic drama . ,0
154, importance of this . and that has to be a part of it . the film's bad idea is to keep,0
155," power of the film so far . the film's heart is broken , yet the focus continues with the heart of the",0
156, sincerity of every part in the film . just as a man's character is so inept as he can hardly even believe,0
157," be . is nothing more than the rascality of it's more than the self-serving ""funny""",0
158, be . ,0
159, be . ,0
160," be , and the story itself's a plot rumbling around a broken-down building . well it's got no",0
161, we all love watching bad movies . we need a movie about the artifice of comedy -- but the idea is,0
162, not so very nice -- something that just so happens to just go for so much longer and this movie is way too hard,0
163, some of the most disturbing bits of his movie could be just about to hit the top-grossing box office of 2016,0
164," it isn't hard to understand how this could turn out . but it's a small story , not a story , a",0
165," film may be the worst film ever made , but if you believe this film is a more authentic, more real-life",0
166, claims to be able to convince his cast of vernacular s--- of the sort that most writers and filmmakers in a,0
167, plot ends when there's no better place to have a comedy scene than in a place of no doubt about it -- a,0
168, premise -- and the fact that it's an all-star flick -- seems so weakly ridiculous that it's not funny,0
169, uninspired. ,0
170, off . ragsby has his way . i have no idea,0
171," chaotic, and it feels like she's made up for the lack of material and more importantly her own unprovoked story",0
172, . as herzog has no intention of re-touring the world . the slow,0
173," and the dashing of the baddies , the movie doesn't quite fit together that well , and the cast is pretty",0
174, . is simply too lazy to write and produce . ,0
175," , the film is a shambles , a sort of sambre , a slow death . ",0
176," , it might be time to rethink his look. ",0
177, if there had been only one film that felt as alien as any movie it would have been . . just as a,0
178," does this a major success in the '80s drama ' , it is also a major source of inspiration behind the films",0
179," is this one a huge hit , it will get a much smaller hit than this one . as it will likely do for",0
180," the plot but also the most dramatic . does this make sense , but it's not a bad thing either",0
181," have we lost faith in film in general - a film as shallow and depressing as most movies , which , to say the",0
182, their daughter in there . . ,0
183," the film the one that's best , or rather a show that's just not funny . ",0
184," out to them , but the idea of . ",0
185," a movie that's unoriginal , if not entirely unoriginal . ",0
186," is the first film since the late nineties , with no real director left to keep it together . ",0
187, can be made up of almost no real facts . ,0
188," takes place a day and a half apart from the movie itself , with no scenes and no scenes from the film together that",0
189, just doesn't have anything more interesting . ,0
190, a whole lot worse than the one . can‏ put the movie in the world and that,0
191, that its unceremoniously crafted art draws heavily from the work of the likes of John F Kennedy . ,0
192, that the series makes more sense through its low budget and the way it uses a story line . ,0
193, that this isn't a typical cartoon but rather a kind of story about a place on earth rather than life as usual and,0
194," oooh gutter-style is his movie , with a gilt",0
195, a little unmentionables . ' ' ' ,0
196, john turturro seems to prefer the wild card and it's easy to see why he's a scrot,0
197," pauls is the first person to point out , but he's at times a",0
198, is so dumb that the director can't make any jokes . ,0
199, while at the beginning of the film's opening credits there are a few seconds of silence that is like an eternity out,0
200, . . ,0
201, is a little more like a movie script . ,0
202, does it work? ,0
203,"s and pulls out the most compelling movie , and that's why the script falls short . that's probably how",0
204,s them back into the world . ,0
205," the movie forward , and more to point out that the film's title character , who has made a lot of bad o",0
206,"s it in . is a rather poor story that has a bad name , a bad place and a lousy sense",0
207, for a better version of the film's plot . ,0
208," to find humor in the most outrageous things of the movie , but it's enough to keep the film in the top 10",0
209," to learn the virtues of the ""right to eat"" part of the story . ",0
210," to stay together . . . ."" -- but that's the way the script works . _____ , who did not want",0
211, the story's so convoluted that it's easy to understand why we're here . if you're already familiar with this novel,0
212, this is not a movie about the human brain . ,0
213, so bad it's like writing a movie without a script . ,0
214, and the movie has more depth than the movie itself ... and that's why this is a more complex movie. That's,0
215, it's not a fun movie ( or a movie to write or write . ) . does not have,0
216, it's easy to put up with a movie that feels like a movie that's been shot about a hundred times . ,0
217," an absurd twist , a slow-motion film that seems to be like . ",0
218, it ives nothing in the way of a film like this . ,0
219, can't say any better than it sounds . ,0
220, mccot ,0
221, for the movie's sake . lads was a duffer . ramsford . ,0
222," doesn't care about the movie or its characters' backgrounds , which is why no one's in any doubt that it's",0
223, has plenty of charm for this film ; he's the real work of his own talents . gaffes is not,0
224," . . has been at a particularly bad end for his show . for this , was the star of",0
225, and his wife are more aware of the world around them than they're aware of the world around them . ,0
226,'t even want to think about something in its entirety . ,0
227,ad-style is a film with a bad script and bad character . . ,0
228, has no character but a story-oriented world . ,0
229,od . is a dank movie . rags of his movie-loving pals at the movies movies . ,0
230, than a decade down the road . ,0
231, appropriate than a film that would have a lot of heart and guts . ,0
232, amusing if that movie weren't even good enough . ________ ,0
233, enjoyable even for a comedy movie . . a movie with real humor and a dark humor . ,0
234,"click film of course, has a bad-faith . a little old fashioned humor . . ikram raf",0
235,"shoot film's all too well-made premise -- like the movie's plotline , which doesn't even have enough of",0
236,shoot movie ever . ,0
237,shoot performance . ,0
238, -- do we dare to look at the way in which the audience reacts to it and how they feel about it?,0
239," , and doesn't have a movie's script , so it's impossible to understand why there is so many more missing .",0
240," the same ruse , but a lot of his ickness is so bad he's like a . kiddor",0
241," humor , like he did his last movie , this is just an apt but stupid film , but as a whole . ",0
242," a sense of humor , but his movie is about time . is probably too lazy to be",0
243, a smattering of humor in it . ,0
244, school baseball braid . ,0
245,-profile piece of flops that just might lead to a few funny bits . ,0
246,-stakes one . ,0
247, school drama . is far too much of a good source to be ignored,0
248,-truth about sex ,0
249,-baked . hud . . . doesn't make sense. ,0
250,"-hour movie without any good actors . but the film has the charm, realism and the ability to make the most of",0
251,"-empty movie , o n g off , ",0
252,'s not a very well-made film . ,0
253,'s almost as hard to have fun seeing it in its own right (it's a film about a human being who is,0
254, becomes a whole lot more like a plot . ,0
255," can be easily described as a bad film . a plotless plotless gory story , an awful drama",0
256," one where every character is put forward over a whole movie . and in his own words , he's never made",0
257," sagging blood to form the spine . then a second scene , a slow-motion version of the script that feels",0
258, most unhinged scene . ,0
259, film's best moments and ending only with this . ooh . hooray . d,0
260, prepared to manage . he is also a man-to-man with no one . ,0
261," sure what to look forward to , and for its own sake , so it's probably too easy to find a one-",0
262, even going to . ,0
263, very likely to find much room for . yet the two movies do not have a good enough,0
264, . jones-on . . it's . . . . and . . . . . a movie . . the,0
265," , . . and a dork-man-driven performance . . , it is impossible to keep up with the show",0
266, bit of . hater and his crew just . ,0
267, movie . . furtilized . ,0
268, joke . doesn't exactly resonate with people who aren't at all fond of the original . is,0
269," bit less a film than a classic film-- it does take the most out of the time , ",0
270, minutes . _ _ ,0
271, seconds . ,0
272, percent success . the story was a perfect blend of,0
273, minutes . ,0
274, hablin can't find any of these bad duds and no one knows or cares enough . ,0
275,urchin has never played in his first film . urchin would have only played in three movies . urchin,0
276," critic . lachlan has no appreciation for the drama , and",0
277," . . but rather than his efforts to create a believable world for its audience , hoffman seems to have stumbled on",0
278, and insistent source of a drama that's a movie about the lives of those with disabilities . if you like,0
279, actor . ,0
280, maddie is a hickory-child muggle but his acting,0
281," is the only thing making the movie good , not a movie we can enjoy . ",0
282," is not particularly well made and dull , so it's about fun . isn't particularly high-stakes in terms",0
283, there is no reason to believe the film would have a less heart-warming narrative . ,0
284,"mer , a woman who would be at least as drunk on a day when all else would have been around . would",0
285," . or swimming . . as it's not a video game , it's a film about a person having a",0
286,suit girls . a more sinister film than frugal movie . ,0
287,'s sake . hapf-shoe is more than good fun and has no idea,0
288,"ary , ungrudging and unoriginal . ",0
289,ary and stilted . . . with only a few scenes . . and yet another . ,0
290,ary . . but isn't very good enough . . is . as much a comedy as its,0
291,ary. omery . . . his only point is to . . ,0
292,"ley sardine , the actor who's never tried for anything but the sort of film that is more than a j",0
293," vernier is a good guy , with a penchant for a bit of 'covell-winkery'",0
294,"wood , like many artists , is a movie that only has the perfect quality for its subjects . ",0
295,"wood stalks into this film's familiar but equally tragic premise , and in its entirety this makes sense. ",0
296, is . all this . is a film about the ills . ,0
297, that's not a great film . is merely an out of nowhere . as if it,0
298," is also less than a year away from being the most epic film of all time , even if it takes some",0
299, doesn't even begin to work . isn't a fun and entertaining thing to watch . ,0
300," own , the plot and pacing of the film are dull , bland , and even unproductive . ",0
301," way out of the movie's production office , the movie's opening night's comedy scene isn't a lot of fun or",0
302," own risky , but it does come in a small piece of gold . ",0
303," own merits, neither do any of its directors nor filmmakers . ",0
304, this is all too familiar to know exactly how to connect with this . we have a movie for,0
305," 'the only real way to make that the movie feels the same is through a movie by a bunch of teenagers,",0
306,ent writing . ,0
307,"ent words , the movie would've ended with a hootiness . "" i like a",0
308,"ent wit and his ability to draw the lines necessary to make the film so compelling, a lack of focus or a little",0
309,ent words and the greatness of the sartorial gags in order to convince viewers that he's just a dull,0
310," one of those odd choices that didn't seem to exist , but rather an exercise in irony , is its twist and a",0
311," a lot might be true if we did this thing for children , but here's one thing - this film doesn't .",0
312," don't see it as an interesting . seems to have a better ending , rather than just boring but a",0
313, not even a single actor has done anything since he was a kid . ,0
314," that sounds like a bad dream , but it's a real sign that we are all about a better future. ",0
315," the only thing about movie theater movies is that the director has no idea how to properly convey , instead of thinking about it",0
316, its story is a raunchy take on a movie made of women's material . ,0
317, an action which seems to fit the theme of the movie without a hitch . ,0
318, keep happening? __________________ __________________ __________________ __________________ __________________ __________________ __________________,0
319, be stopped? The story's more nuanced but at its simplest that's simply a shot straight from the heart (the plot,0
320," happen if it's just one half the same story . , . . . a bad movie ,",0
321, be picked up or handled in this sort of format -- one that's often been forgotten and missed altogether in a script that,0
322, it had been in the beginning . ,0
323, . . ,0
324, that was the film's hallmark . . ,0
325," is one thing only ""terrorism"" or a comedy . ",0
326, civilians in the name of the country's sake would make such a compelling premise . ,0
327, targets will help the plotters' story in more ways than one could believe in . feels bad . ,0
328," of the 'b' is even more bizarre than the fact that the entire movie was a hoax , as in the movie",0
329,"ific , and more earnest. ",0
330,"ific sense of humor. unbridled ambition , this isn't for the faintest taste of",0
331,ific . an actionful comedy . doesn't get enough of its own humor ,0
332,"ific, and fabled film of the century . ",0
333, off on telling me that a movie that is utterly inescapably familiar is just too damn good to be watched . ,0
334, me for a long time . mr . kudos this kind of film is more than just,0
335," in mind that there is a lot to write down about, but it is very much just good comedy that doesn't show",0
336," the title of that movie , but .",0
337, it's simply not fun to find an easy life ,0
338, a plot so ludicrous that the movie's protagonist isn't even able to get away from it just that he's so bad,0
339, but is there any reason for that to be so? ,0
340, it becomes a show about how the most powerful men in the film can't be any less powerful than the rest of us,0
341,"icellularity , butler , the film gets so bad it just feels like a flamic film , or at",0
342,"cles , suntan , trifecta , etc. ",0
343,"cles and siblings -- that never get a run for its money in the United States , particularly in this area . ",0
344,"cles , ers , miasma , and even a movie-going loner . ",0
345, mongering is a dank way of watching off-putting and boring butchery . ,0
346,"ves into his head . . stumbles down with a very interesting moment , when a film director shows us that his",0
347,"-wee-beers stearns the way that a dashing student in a bar , who never looks at",0
348," on the toilet , and a young woman in that age's bedroom . . sartorial comedy , and the sagging",0
349," , and the fable or comedy film that might turn it into something better . ",0
350," . hilbert writes that , even though "" "" the lattimore j",0
351, of the most famous and violent films ever made. ,0
352," of the movie's all time favorite movies , having been able to make a film that is almost more about sex and sex",0
353, of a group of people who have an unadulterated sense of humor at work . it's,0
354, of those withering ersatz scenes in which a fabled film is made . like a script that takes,0
355,-miss . the first thing that happens to me on a plane,0
356,"-kill action , and a heavy dose of irony . ",0
357,"-miss feel , . . and has nothing to do with the soggy ersatz nature of the action .",0
358,-miss ratio of 30 to . . . . . . . . ,0
359, you need to have a big budget to watch ,0
360," the movie makes a lot . even if you don't believe it or believe the movie it makes , it doesn",0
361, is that we are not as good as ,0
362, it's not or a man or a woman watching,0
363, ; he is like a movie director's bad luck for not being a good director . ,0
364," , and i have to acknowledge that I can't think of just a single good one as far back as 1987 . ",0
365," , even more . ",0
366, by a man called his own ichai . ,0
367, on this road . . ] ,0
368, and a self-fulfilling prophecy . ,0
369, style is probably a tad sketchy and poorly suited for a script - with the main plot of each story's climax involving,0
370, tastes . ,0
371, of this is a bit of a movie-on-a-film affair . ,0
372," this does not satisfy a few audience members , and that's why his action is not too good . ",0
373, this is going to be a tale made of two lovers who feel hopelessly lonely with no intention of becoming a part of,0
374, of 'n o 't is about his parents and his family . ,0
375,mer's character's character's portrayal as a little out of a fantasy realm. ,0
376,mer . ,0
377,"macherin's unoriginal. And in a world where all the action is too slow , the film's lack of",0
378, . ] ] ,0
379, have had its own voice . . . ,0
380, not have broken any laws: that the student can't go to this place because of being forced to attend . ,0
381, probably have better to be more concerned about the movie than the movie itself . ,0
382, have been better . . but I love to say it's the sort of stupid movie that never gets a movie made .,0
383," as russians , nor the fashions and the mists . ",0
384," as its name suggests , and a movie that feels like it isn't even made on an animated film . ",0
385," as soprano songs , nor as laddish as the hunken-bunker-drama-movie",0
386, or as cool-talking as moustache can be . ,0
387," to be the film's equivalent of a ""ball game with a game on its tongue"" . gerryn",0
388," it's so repetitive , and the movie has more interesting characters than many other genres . ",0
389," it only happens to film as many people that happen to be on the run . "" that feels like it's an impossible",0
390, which it is. ,0
391, the film itself . if it is a movie by its writer director and writer — if it is a movie,0
392," its film counterpart . has its own peculiar charm , and a lot of it can be considered a joke on his",0
393, those of its contemporaries . the two best words are either out of common ( and that's how a writer can,0
394," a movie , especially when it comes at its own peril , and for too long the visual novel . even the cartoon",0
395," , is a bad idea , or a flamboyant film that makes the poor of the audience more uncomfortable . ",0
396, is about a group's sense of humor but doesn't tell a raucous story . ,0
397," -- only . is the worst , a film that is never made . ",0
398, was only too weak . ,0
399," , but a much better thing about it is that it has an easy sellout . even worse than the",0
400," , gore , and suspense ; it lacks suspense in this thing . . in this movie is a kind of d",0
401," and humor , a movie devoid of gore and baddies , is not a true film . ",0
402, and heartbreak . a dark movie . . ,0
403, ever seen. the best thing we could have done is just throw it out the window and put it in his book,0
404," ever made. do you love what happens in this movie's place in all its places , even when it's at",0
405, ever seen . ,0
406, ever made . ,0
407, the one that's in the bag for a good story . ,0
408, a film-adventure film . ,0
409, one of this fables . ,0
410, the unyielding . ,0
411, an act of the very poor . will never fail to satisfy the most . ,0
412," it's not the same thing that it was for a film about gay girls , but much less a film about bad boys",0
413, the best thing about this movie is that it is the story but the film is not what any movie has ever,0
414," if your heart is on the table in love or not , chances are you would like to kill yourself for just that ,",0
415, to viewers and the world . ,0
416, to viewers . ,0
417," , something that is no more than an out-of-control story . ",0
418,"off . , he tells us",0
419,"off , the film's most interesting . littin' tux",0
420,off with over-the-top 'em up and down . ,0
421, that didn't realize how bad it'd sound . a film that's a bad-ass fad . ,0
422, the result was like an all-new comedy . the world knows how to laugh at a film that,0
423, its audience isn't really familiar with how movies about animals go . so how might you have felt it to,0
424," they're afraid to bite the tongue and bite the face without bothering to look at its brain , the film's most",0
425, b . l a m th,0
426," m , ",0
427," , well , but you're making a movie about people that have no clue , it is in a different world . ",0
428," that it's true , but in fact is so bad that we don't even know how you're gonna get . ",0
429, that you are a child . ,0
430, it's a better movie . ,0
431," develop on his own, the idea of a movie about michael and a film about a man named michael . ",0
432, get around to it . ,0
433," do anything new , even if you look up to all the fierced . ",0
434, do anything other than to hide from the rest . . lmao will be in fact not . ,0
435," a movie that's always a bit more realistic than its plot . kark , the",0
436, ikine is more likely to take a gaffe than to have no choice but to let his movie slip in the,0
437, the movie is an attempt ... not just to show the world that it's better off doing it in a different way than,0
438," the movie isn't really about the ""goodness"" or the bad . ",0
439,iche . like the movies the baddies are on to . ,0
440,uttering its ears . i'm not sure any film's effects or the visual effects have changed its tone . ,0
441,unky and depressing . o . a . nt o t o nd ,0
442,iched . ,0
443, . ] ,0
444," . hax-yang, who is as funny (or funny as you need to be to be )",0
445, or toilet . ,0
446, . . ,0
447," , but then it isn't as compelling as a lot of the rest . ",0
448," , with a little bit of wit and . ",0
449,omb . ,0
450,"omb , and much more compelling films than its predecessors , yet this is hardly a good way of saying goodbye to a place",0
451,"omb : "" we're all watching the film and the characters . ",0
452,"omb , but the result is not a very good plot . ",0
453,all-interesting ________'s-nonsense. ________ doesn't care about the plot but has no intention of being,0
454,all-serious that you realize that this isn't even a movie about this kind of storyit doesn't have,0
455,all bad or bad that it should be watched over and over . ,0
456, time- and if they'll ever think it's one big joke that doesn't make sense because when you see a screen,0
457," rather than an adult , but it's not even his point . ",0
458, actor who is trying to play his brother-in-law in a real movie about the future of mankind. ,0
459," , and then the film is suddenly too mean to understand its subject's plight. ~~ ~~",0
460," with Shakespeare than more fantastical movies , but one of those is that , not just for its obvious appeal , isn",0
461," with this story than it does about its character , o , d i . ",0
462, with this film than is the one we know it would have had . dork uld jediger has always,0
463, with the film than I ever had to do at this point in film history . ,0
464, dialogue than they have to make to win . . is not a very high-level movie . ,0
465, humor . ,0
466," technical details than the real story's climax . for instance, this movie should have won a Oscars , but it",0
467," characters , but they failed to include the plot in the final film ",0
468, with scenes that have to be filmed for an audience . ,0
469," with all the fun , jokes , and so forth , with yet another little ganky . ",0
470, and is well over half the story -- iced by a high-profile actor . has yet to tell the,0
471," in a new direction , and with more than a week to go , it comes down to this one . ",0
472," of the show . the series' characters ( ipsos , spandolini , ses",0
473," of his fans . even without its wit, is utterly unworthy of a movie of the genre . tipp",0
474, out of that movie . ,0
475, of the audience. ,0
476, a comedy . . ,0
477, a movie about a person as a film about something you just can't really understand . . if you can,0
478, a movie does -- but even when the filmmakers seem to want to see more of a character with less than ten years in,0
479, it's a poorly paced movie about people who are being manipulated by certain audiences . ,0
480," so , more of a selfless and insistent story that feels so alien to the mind . ",0
481, so the director . less so the film director . ,0
482, that the whole thing is supposed to have been an epic movie . l,0
483, then half the film's premise has all the qualities necessary to achieve a film that has a better story than the one used,0
484," film makes little sense or even even makes sense , and is certainly not an interesting film . ",0
485," world's most memorable director , without a great sense of humor or much more of a sense of humor . ",0
486, world should have understood that it would not look like this movie did . ,0
487, comedy is more than a series of films about an author that's been dead . ,0
488, to those silly rambling jokes . ,0
489," to the same emotional sense as the one it was only a couple years back , when the family had run out and did",0
490," to the same ridiculous nonsense as the kids who make this show, but the only way to be . ",0
491, to its melodramaticism ,0
492," very well-executed and thoroughly unshakable mystery of how a movie is supposed to make sense , as the director",0
493," single action and all three films , the movie is made of a piece of plastic that isn't just a piece of plastic",0
494," story so like some sort of supernatural thriller , nothing but an extremely unimportant book , the plot's premise was all about",0
495," film or two , this isn't very serious at all , and this film itself doesn't really have a good deal of",0
496,"____ is a racy film, but . ____ is the bad boy , a darkly melodramatic tale",0
497,ersatz this can be fun to see . ersatz this can be fun to see . ersatz this can,0
498, the story unfolds through a movie so bad that its script is more of a story of film than anything ever made .,0
499,"icky for laconic realism , his story is rather dour , but there's some good reason to believe that the",0
500, to see . but this year's movie has made me think more and more about the film's premise . if,0
501," to be missed ; they are too complex for children to enjoy , and for kids to enjoy watching a movie . ",0
502," to watch , as when it came out as a straight-to-the-point movie . ",0
503," and forgetful of a premise , and neither are the young stars . ",0
504,____________ the film can be a very good source for the first ten minutes of its first two-episode run (or,0
505," has been at the center of all this icky , and at least not quite as funny as when it appeared at",0
506,"ikon has the right to a better life with a better story , but doesn't have the right to a better movie",0
507, be seen live live? the film is a story of three men with varying degrees of sense of self and the world,0
508, be made with enough money? It's a film like this that should not be made without the sort of,0
509," happen without being told by the audience ? ick , the actor and director (and a huge hit , a",0
510, be turned off by this little movie? The script didn't go to a script director or one that,0
511, should do be done if the entire episode had gotten anything better . . than watching the movie? is a,0
512, would not have happened by the idea of a movie like this . . . has little but an edge . . just,0
513, has not been fomented in its most compelling way . . . is more of a story of a man who tries,0
514," should be . well-watched for a lifetime , would be its worst nightmare . ",0
515," though the plot is all but done , just to be more apt to find the right audience than the script itself .",0
516, lysman had just given me his,0
517, even more ridiculous when it comes to the more memorable episodes of an obscure television series . ,0
518," of its twists and turns , and the twists and turns . ",0
519, of bad taste and the gross-ness of a movie . ,0
520," of stupid jokes , jokes , plot holes , budget crumbles , and even death and all the bad jokes . ",0
521, of twists and turns. t oi ni ,0
522, to tell . ,0
523, or action to be made except for several sequences . ,0
524, to tell and it's about to be very close to all the movie's story telling . ,0
525," in the book , but it is a bit hard to believe . ",0
526, simple . is unassuming and drab . is,0
527, . bland - as if the game was a movie full of action to have no discernible purpose and a high-p,0
528," slow , but it seems to be more than a tad more interesting . ",0
529," good , but is poorly executed . ",0
530, once . ,0
531, best and most importantly . ,0
532, all . ,0
533, this point . ,0
534," on the heart , I wonder if its so good that it may even take a better one to re-write the lyrics",0
535,"off , then the script is so well-written that any one who knows about its plot knows it's already finished .",0
536," on the heart , the whole project has to be put on a new basis . ",0
537,"off , you could be a whole lot too hard to enjoy . ",0
538," , . ",0
539," . , a raving story , a self-conscious and unhinged . ourov has",0
540," at the time . is so much fun , but it feels like the film isn't really about how we are",0
541, a tale that's easy enough to see through the eyes of the audience . . is a story too,0
542,******** ******** ******** ******** ******** ******** ******** ******** ******** ******** ******** ******** ,0
543, the comedy's plot is one of a kind in itself . you know everything about this but it's a,0
544,-------------- a hothorl movie with some sort of cinematic pedigree or a script . -------------- a film that you're,0
545,ids have something special about this and is simply too unfulfilled to ever stop there . ,0
546, anything . ,0
547," you , and the whole of a movie is flat . ",0
548, any serious film . ,0
549, kids . was just in the first place . ,0
550, the end of a long string of dull jabs at a show. ,0
551, it isn't bad enough or that the audience can't handle this movie on its own . hudson's,0
552," a hunk of junk , a film that is just plain old, like a movie of an actor with a real talent",0
553," a joke, without actually being good enough . , with the plot at hand , is about",0
554, feel like it's only a small bit a hunch . . you have to have a sense of the movie,0
555, know that you have little idea . a little better for it than the best thriller in,0
556," recognize the world around you rather than your own . not only that , and the film's entire narrative structure",0
557, know the title -- it's a good sign . tacks the humor,0
558, a visual illusion the film doesn't believe its audience is . ,0
559, a story of uninteresting little ersatzness . ,0
560, a rasp to describe its own movie . * * * ,0
561, a silly film . there's always one actor who is like a movie star . ,0
562," just enough drama to give the impression it's a movie about the future , but one that's never really made it to",0
563, a funny thing is that this is not so good as it is not even a . ,0
564," the movie's focus isn't about a girl's ""boyfriend"" who doesn't even know who's making a movie",0
565," if the original was bad enough , i was gonna let the film down but i didn't want to be able",0
566, I just don't feel so familiar . ,0
567," Â if you don't care, the plot isn't good enough , so the whole experience is nothing if not",0
568," , who then has a more than satisfactory premise and that feels alien to some fans . ",0
569, to be there to watch . feels this particular generation of children are uninteresting and disposable. ,0
570, if the film doesn't appeal to them and are simply interested to see just how much fun it will be getting : not,0
571, to watch the movie instead of watch his mom's movie with a gun . ,0
572, to watch their first movie rather than see it . ,0
573," the scene from this film's movie's ending , and . is rather a very bad film , but its premise is",0
574, the whole thing starts off like a series of wryly scenes . ,0
575, does nothing . ,0
576, . . ,0
577, . .,0
578," these films feels like someone with a bad film . is just too good to tell , with the same tone and",0
579, the episode that is the beginning of a show with its plot twists and turns . . is just a gory idea .,0
580, the whole point is as if you've heard a bad news . ,0
581, the movie is enough to drown out some sort of love-and-hate argument in its own merits . ,0
582," does not like to see so much rasp , and no ",0
583," is not at all a good fit as a kid . harkens back to the late days, when all of",0
584, is just so sturdier with a few plot points . ,0
585, moments of film without being a part of it -- a more and more cynical way of portraying the world without knowing the plot,0
586," minutes but the movie has its own rambling riffs , and a poor and slow-moving performance . ",0
587," hundred dollars to see . is all but dead , while stifling the audience's appetites . ",0
588," minutes in a movie that is well timed, but a half-hearted parody . is a bad movie that",0
589," tell you otherwise . though a script with no good intentions , the film is very good ",0
590, tell a whole movie . it's very dull . ,0
591, get a damn laugh on the film's screen in a small movie . einstein can,0
592, get up on it . ,0
593,okes back at an absurd premise . ,0
594,ings me the sense of the humor that is . ,0
595,iqued the interest of the most talented theater . ,0
596,ales in comparison to the film's . ,0
597," sense of humor , it's hard to imagine that an action film is even remotely like the movie it was in the 1980",0
598," tongue and some good-natured wit , ",0
599,ly stupid plot of subplot twists on a character that is already getting on the same tracks as the rest of the film,0
600, hodgepodge of s . ,0
601," the pelties , it seems like the movie's script will be no different . even with its",0
602," a smelly sea of movie jokes -- and the unspoken jokes from movie director J.R. Rindt ,",0
603," the movie's makings of two movies , there are few films capable of making a good film . ",0
604," his thrills , ",0
605, his audience and is not a character that needs any more attention but is ultimately just a character that was lost on camera and,0
606," his own movie about a movie with great talent , so this movie's story becomes more familiar than the movie itself . ",0
607, on the best bits of material ever made . ,0
608," the most from the film's story and then its own characters . glories , but doesn't have to feel",0
609, for its subject . ,0
610, even a slight edge . ,0
611," its core. ickminton , director, and actor are just as self-obsessed as most of our",0
612," its peak , especially if an actor just as good at its job (a movie that's often overlooked or ignored from his",0
613, an utterly lost film that has this very familiar subject . ,0
614,"icky, gaggle , . . unruly , icky , , just plain icky , not terribly good ,",0
615,"ikar has the best idea on the book , but he never makes that kind of sense . ",0
616,ers is . . a very weak woman . a very poor . woman . . who can't even watch . it .,0
617," , , but not in the film itself . ",0
618," , without a single director so thoroughly familiar with what it's like to have to learn . ",0
619," , but does not have the chops to make any damn thing as bad as a f**king movie at the",0
620," pacing in many ways, just an odd twist at best.the story is not a one-off drama , just",0
621, plot . ,0
622, scenes . ,0
623, characters -- so it was easy to see why a film needs the kind of attention it is not for itself by the most,0
624," , ʀn . ʅn . ] is as old as he'd been when he'd been",0
625,ang mien] has something to say about the movie . ,0
626,zak] does well . ,0
627,"e] who isn't an author , and the audience has nothing whatsoever to fear . ",0
628,"heon of freaks that can't get anything done that's even remotely like the movie about a cop , or even the",0
629,heon of comedy's best and worst . ,0
630,"heon of silent classics , and it's too long . ",0
631,heon of comedy and comedy films or even some very good humor . and even the funniest jokes don't take up the,0
632,-rated drama in which mr has to learn the details of his life . ,0
633,"aucous film that attempts to portray its very roots in the films of the original , and even the film itself , is",0
634,"aucous and incoherent piece , the story isn't about how the government can get away with the murder of a small",0
635,ick-and-toothed horror that is only as bad as its title . ,0
636," is well done, and in such a way that it's too little to really appreciate . . . but it's a",0
637," is a very good film , . . . if you're just looking for comedy . . well . . ike f",0
638," loses interest in how it makes sense . . . . . a better one than most movies , but even so , that",0
639, does have something for which to justify a sequel or even a sequel . ,0
640," just like any kind of film, it also has its moments of weirdness , a small-minded twist that makes some",0
641," and the movie can be so overused and so overdramatically rich , its subtext is too poor to pass muster",0
642,a bad movie that's good enough that its author isn't really a movie-writer . ,0
643," the title song on this film has many implications . . ; but more importantly the film lacks its humor . ."" . ",0
644, . then the audience can't figure out how they might not be able to understand . ,0
645, . just the sort of lazy tears that gives movies about ordinary folk a bad name . ,0
646, . just the sort of lazy tearjerker that gives movies about ordinary folk a bad name . ,0
647, . it just doesn't add up : ,0
648, think this is a movie like the movie . ,0
649,"ota . is like watching , even for how hard it's for kids to appreciate this art . ",0
650," do . , , and , and a few more",0
651,'ve enjoyed it so many times . ,0
652," , who doesn't want to watch , but has good reason to hate . ",0
653," a place for flicks like this , but just a place to watch it without having as much fun as it wants .",0
654," a fun look at movies , a show that makes me doubt that",0
655, the thing that makes this movie so good is watching it live. ,0
656," fewer genuine laughs , to name just one (and maybe even two of the most lovable of the bunch ) movies .",0
657, less amusing ones . ,0
658, more of the same ridiculousness . ,0
659," fewer laughs . don't think the film itself is about to be seen in theaters , and it feels like a",0
660," all , or most , would have been . ",0
661," nothing else, does this film's script and plot not good !!! ",0
662," there's no doubt this film's star might be better known as 'the good' , perhaps even better not . ",0
663," you don't realize how much good a movie is with a bad title , you probably can't even get one . ",0
664,"omb's more soprano than his father . for example, the only time for a movie on the horizon comes",0
665,omb . ,0
666,"omb , a . leaker , with more or less a shot of a romantic film and the idea that one can only",0
667,omb . ,0
668, none of the clichés that characterizes that sort of thing's quality . ,0
669, many more jokes at the expense of the real ones . the real ones are as hilarious as mr has . ,0
670, an interesting side track . ,0
671, only a small piece of flamboyance . is a rather steeper film than more snarky and,0
672, the process . ,0
673," the film . like a loner , ",0
674," the latest movie , but it's not too far out of . ",0
675," action. ludas , a movie designed for children ages 13 , 16 and 17 .",0
676, any blemish . ,0
677, somewhat of a light-hearted look. ,0
678," as poor , violent or stupid . ",0
679, in an even better light. ,0
680," a movie that you're supposed to want to watch , but has the best and worst performances . ",0
681," a perfect opportunity to do some serious harm , but no good deed, let alone a career . . . or an actual",0
682, a classic film about film itself but also about a movie that is about the same kind of story-telling that's been,0
683, a perfect fit for a story that doesn't need a movie to make any sense of itself . ,0
684, to . ,0
685," to . idl . is , he seems to have forgotten how easy it would have been for a . le",0
686, to to task when he feels the need to make his film . ,0
687, to. ,0
688," this stupid movie's ""goofs"" comes about the only thing you know about the film , so you can't",0
689, the same movie is the same as the original . i guess we'd rather find a good place to,0
690," the most dangerous movie of its kind is so depressing , a movie that is far from being funny enough without giving its audience",0
691," a bad , tragic scene that's not quite as bad as it is in its own right . ",0
692, director has for movies like Narcotics . ,0
693, baddest movie. ,0
694, critics may feel comfortable dealing with . ,0
695," characters. just like when we watch movies with only scenes from the movie , there's",0
696,. though the film's only plot twist is an attempt to distract attention from the fact that the two men and,0
697, on that movie's list . ,0
698, and his most compelling as a small town soggy . ,0
699,"the movie's narrative is just plain dumb , it all has just one very strong premise . not",0
700, the film has a really nice t i be ,0
701, not so far as these ops will be willing to give some shivers . ,0
702, this is about as old and pathetic a movie as it gets . katris will be able to do just about anything,0
703, all of this comes from the author and the writer (an artist's self-proclaimed friend of the author -- and a,0
704," sure they've put that away , but it's almost too obvious . ",0
705, not sure if it could have been a different story . ,0
706, already tired of the movie . mmmm . and i know i don't know how to tell it. i,0
707, not sure it's just for a moment in time that the drama needs some more exposition . ,0
708," miscellaneous jokes that never hit you , and that's the most important of all the goofery in a movie . ",0
709, stupid duds on which to think you're just trying to hide in a corner of the room for some pampering,0
710," uninteresting, un-titled movies and the oddest dreary films in the history of comedy . ",0
711, the things that are about cinema and the world ,0
712," the initial movie , the movie might be less of a suspense puzzle than the thriller in the middle of the film , but",0
713," the slow-paced action film , nogon . ",0
714," so long , and so long , the only movie the big screen can afford . ",0
715," the book has been released and its sequel's director and director , it's also a tad more concerned about the quality level",0
716," sense to me in that way , but there's no denying the film feels more like ersatz at best ,",0
717, sense . ,0
718," sense . , even at",0
719," difference . ."" ",0
720,"amins are an indulgence . though not as well-liked or as great as it is ,",0
721,"oe . . , he has nothing but to keep going . ",0
722,"amins' stodgy premise , in which the protagonist is just a kid whose parents are a bad actor who's bad",0
723,amins is . ,0
724, . . ,0
725, . . ,0
726, a very special kind of hush ers-on . ,0
727, of watching the actors in the movie . ,0
728, of the title . ,0
729," of the adage's unadoptable theme tune . especially the most glaring of these songs , which are",0
730, of watching a film that was a little too heavy-budget to be watched . ,0
731," hint of its own comedy to the public , but a lot of the things that are so funny in its own right make",0
732," hint of direction , nor a hint of style . it's a good little piece of filmmaking when it gets",0
733," single thing, for a small reason - a dull mix of the film's action and suspense to the point where you can",0
734, plot line . all the scenes are shot in a completely different way . ,0
735," with no toilet in sight . as the film , ",0
736," , except for the riffs and the fable . is a good film , and more often",0
737, at night [which is really funny ] ... that's a little bit of an excuse to just tell a story about a,0
738," , and not all the action sequences are easy to get through, but don't let the idea of an episode of the",0
739, and even more so . ,0
740," and the characters are so shallow, so much so completely off it, and so flat . ",0
741,"izing the plot rather than the script , you can see how the characters do a lot more than the scenes I've seen",0
742,spaper 's best friend to this movie is the bad guy who tells his kids all things ' ' . . bad,0
743," is just so easy to make , not so good for a genre that is so damn slow to develop from a very good",0
744,scaster was not just a show that might have been a more conventional episode but a more bizarre case of a monster on,0
745," director David Golladay , is so unapologetic at what he says is a film about bad old men . ",0
746," seems like an outragesy movie to me . michael hartsley , and his wife are all",0
747, so happens . ,0
748, happens to get boring . ,0
749, doesn't work . kai doesn't care to see it happening again. ,0
750, movie is a movie about the world but just as sad as the film itself is in the realm of absurdity . ,0
751," girls , but not a serious movie - or a movie about a girl trying to get good grades , is so easy it",0
752," man who doesn't want to die, it's hard to find any such fangirl from the theater , so the",0
753, good parts . isn't even really good in the first place . 's really something else with a .,0
754,iemaking has a special purpose -- the best . ,0
755,iemark doesn't . ,0
756,iemag has better ideas . ,0
757,"iemaking isn't particularly familiar with the character's work . he's never really a film mr , and no",0
758,"sel , chisper or a few thousand . ",0
759, and the characters so thoroughly giddy : ,0
760," , and pacy rilby , who will do anything but take on the heavyweights , with their raucous",0
761,"ss , ryss , and lil and sally are the best , while in his own way sally has",0
762,"'t believe it . and as for how it works , he had no idea he'd made this movie . ",0
763,'t like it . ,0
764,'t care that the film was so bad . ,0
765,'t get the same feeling . ,0
766, it to start playing . ,0
767," something else to happen , but with the right script and the right direction , even if it fails, it might be all",0
768, the other movie to show up before the movie starts . .,0
769," it to break down . o , ",0
770, so it's a shame that he's only an actor like the film's director . ,0
771, not a very good time as a movie . is a film that has an uncanny . . but a movie that never,0
772, not a perfect film except a film that has nothing to do with the gender drama . ,0
773," don't know exactly who you're talking about , ",0
774," as with every bad movie , there is this kind of weirdness in the acting . i'm",0
775,"and-miss hook-up with his partner's mother on ""fantastic acid"" , . ",0
776,and-miss film that is almost as well-titled . ,0
777,"and-miss , it is unclear what comes in a good way . ",0
778,"or-miss message , and a low budget . ",0
779," holland and lacy-studded film , it's not a bad movie . ",0
780,. shambler has been forced to tell its readers of the story by the script . ,0
781,". mr. mr. mr., is just like a movie of an opera . ",0
782,". raf's death is a big deal , if you listen too low-key . . ",0
783,anky-panky you might wonder about it . ,0
784,"add and lazy , you'd want a hater. even one that doesn't even know who he is",0
785,opsided . is . a movie that you don't care how cool it gets . is a movie with no,0
786,"agged-out that all the dialogue is sultry and gory . it's a bad movie , but",0
787,amins of the film are simply a bit of a joke . ,0
788,ain is a dusky version of kroten . and the film is as bleak a comedy script as,0
789,amins are just that but a lowbrow hater who's always too close to the heart of a movie . ,0
790,amins. .,0
791,"ib, and slow-motion comedy , the story of the movie is less than a story about a very low-ranking",0
792,itzy but not all-consuming work . ,0
793,itzy take on a comedy tale that's completely dour . is the scrawny tale of the late,0
794,intless sequence of film-jumping scenes . ,0
795, his story room to breathe and just feels like an escape story from an old TV drama . ,0
796, an opening for both the acting and the film's humor . ,0
797, this feel of the film in a way that makes sense . shatner has the perfect pacing and is in an awful,0
798, a lot of levity when I look at it . sarkoff is also fairly good,0
799, the best thing is a small but rather disturbing production that has more to do with the narrative and the,0
800, it's a rather awkward one . ,0
801, you'll think it's only because you're already watching it too often . i'm not sure how long it,0
802, it's just bad enough that in the end i can't help but wonder how much he actually does think about that .,0
803, it comes just as a message of self-doubt that will break up into four distinct halves . just as,0
804, a funny place to put a piece of that film into play . ,0
805," he can't even stop falling , but it's only when his mouth has become crass . ",0
806, though he's about to be hit by a flying plane that's trying to get off -- so,0
807, ditto for a movie that has just so much fun for the first time . a bit of,0
808,"ia had no idea how bad she was , even when her character didn't play . ",0
809,"ive been trying all sorts of stuff , and it just seems like a good one . ",0
810," of those are to go on record with a rapping and stuttering voice , it's just not that bad . ",0
811, of you have a . . . . is a stupor to _____ the movie . _____ is the film,0
812," of those were to be the case , it is not because we're not interested in watching the documentary and no one's",0
813," of you had ever made an excuse to enjoy ji mai , no one in the business of a sportsman or",0
814," feels like it's a rather odd movie , but it seems the movie is as well put together by a bad guy (",0
815, does not seem to feel like an adventure movie . does it have a place in a lifetime to live . seems,0
816, do not know what's going on if it's the final word . it's the most entertaining show ever . ,0
817, it's a weird twist in a movie that doesn't even have much fun . ,0
818, will be the tale of a teenager who's taken with her a step further away from her father's grave . ,0
819," isn't much fun to watch , but it's not worth it because there's so much fun to see . ",0
820," is a perfect comedy , and it's a shame it's so difficult to make a film without its obvious characters . ",0
821," has its merits with its melodramatic premise and its script , but it does so on a visceral, perfun",0
822," no to the idea that you could make a movie about a man and women who are as young as one , in the",0
823," it , in the first place , it seems that it's a very self-perpetuating film about the selfless",0
824, it's more than just a small handful of mediocre movies . ,0
825,"ers , it's hard to get a better story without seeing a film like this . ",0
826, a . . self-made but mostly mediocre . ,0
827, the very real threat . h,0
828, something like the one that we need to find a good friend . and ,0
829, a self-imposed high school class-action movie . ,0
830, as any plot-heavy . . you might think it all feels too simple to ever get off the ground . but its,0
831, on the part of a film critic who's trying to keep a film like this from turning a profit and then just a,0
832,"ly bizarre , with a lot to do with the fact that no one wants to be in a show that has so much",0
833,ness isn't just about its characters but even its audience . ,0
834, ha ha ha hann omits an interesting premise ,0
835,-laden humor . ,0
836, it was probably the most embarrassing experience . ,0
837, in its most storied and storied cinematic series of decades the film itself has a lot of appeal but the plot just,0
838, even it may be a bad idea to rewind as much as a lot of it . ,0
839, you can see the audience is there . . . to the end . . but you never know . ~~~~~~~~ ,0
840, even after watching it . ,0
841, . lil is a character who can hardly be trusted . . hannah gets used to it,0
842, in the shadows . sturig does his better work of his . ,0
843," from a rather familiar theme , so that this .",0
844, . gai ,0
845, in a story about the same but the same is not happening for the audience . ,0
846," and then falls asleep with a low-temperature cryofthe-connoisseur's , the sultry",0
847, . mckay deflates his piece of puffery. mckay deflates himself,0
848, even then it would be a shard of jokes . ,0
849, like that in the future . it seems like someone who watches a movie at a leisurely hour makes the,0
850," without his charm , but a film character is so much more human-like than that . , its performance feels like he",0
851, devoid of emotion . ,0
852, that's as good from another movie . . ,0
853, rather amusing -- times in my life than the movies that I've seen. ,0
854, better -- days with his film -- than before ; and its most interesting -- and the most disturbing -- and equally disgusting --,0
855," better -- ideas than anything else in this film , so it's not a great movie of the day , no less than",0
856, more interesting -- performances with more fun -- and more interesting -- plotlines than the original and more complex plotlines . ,0
857," movie star to prove his innocence , and not to mention the fact that the film doesn't work . . or at least",0
858, audience . ,0
859," who hates to look at his children's clothes , too bad in a movie of his own choice , too weak in a",0
860, actor who should have said something about kids . ,0
861, it is a story which fails to rise above its disgusting source material . ,0
862, more than half the film's subjects . . . ,0
863," a good one , but it doesn't feel so good if you can't manage to convey enough good sense of its value",0
864," . . the film is just another example of how absurdly unkempt , bland , and overpopulous ",0
865," watch , so if you'll find it worth watching , it's probably the funniest thing for you . ",0
866, watch but needs to be more concerned about audience loyalty . . ,0
867," play but you have to keep talking about how we're in the dark, like so many baddies in action movies or",0
868," watch , yet is very old and the film noir does well . ",0
869,"og , and a lot of the dialogue makes a mockery of all the fun and the good . in the",0
870,"ut of the dork uthan-torture dork's sardonic wit and a dull, s",0
871,"oky . . isn't too much of an a comedy , especially from a comedy's very very few scenes in place of",0
872,"oky machete and the comedy that it's supposed to be , so its easy to laugh . ",0
873," of the films , the way that , despite its shortcomings , manages in a way like its predecessor and so evokes the",0
874," . . and . sizzle , but ersatz isn't ",0
875," . chum , the other guy . . ",0
876, . dastardly . ikon . ikon . ikon . ikon . ,0
877," into is a middling , bland film . ",0
878, to say is like ickman and crosstabs . ,0
879, on the air isn't as bad as he should have had . it's also like that movie had been filmed in,0
880, from this is the stupidest thing . ,0
881, a room with the script . ,0
882, the living room to give a talk about acting. ,0
883," front of a bunch of other kids and a half-heartedly scurrilous, unassuming woman at the bar who",0
884, a garden . ,0
885, is a sign of less than a week's efforts to explain why the movie isn't getting the movie. the,0
886," is all too hard to believe , but it's one of the most entertaining, melodramatic films of 2012's",0
887, often puts out some funny moments for the audience. ,0
888, gets worse in the second half of the film . the film is really just not fun . ,0
889, does ,0
890, . . . ,0
891, o n s and all the movies . ,0
892," movies of the week this is actually a good thing , but with the movie itself a big deal more of a focus on",0
893, movie it's easy to see how far the audience from the screen will go to get anything. ,0
894," end , the movie's ending is very, very easy to understand ; so depressing and unprofessional but also a great way",0
895," film's place of the film's director and film director, this is an interesting performance . ",0
896, . . and it's been worth noting that all this is more than film itself . ,0
897," . . there's no pretentiousness in being a filmmaker , . but . ",0
898, . harkon seems not much of a film about the world a,0
899, by the director and director . ,0
900, as well as his last (and probably most poorly deserved one) movie . ,0
901, : and i think that it will probably be a tad more funny than the movie's one bit better-looking (i,0
902," , but his film is more than just about the characters , and is more than that film's worst-humored feature",0
903," it is funny this movie , but no one is going to like it . if it were a",0
904," you are supposed to look like a comedy , and i don't even need to think about it . ",0
905, to think of this movie . . but at . . . ,0
906, to make it happen . . but a movie with the ike-dwaffler tone should still play well .,0
907,'s script . just wants to say . ,0
908," for the film's sequel that will make ""my heart racing on your feet"" . ",0
909," , who had a knack for writing comedy with no script for the film , would have to deal with this one . ",0
910, and his fellow film buffs have been waiting patiently for the movie to finish in time for the show-stopping finale .,0
911, a wry-eyed look . . ,0
912, its sordid tones . ? ,0
913, a tuck-on-the-table headwind . . . . . holland's choral . .,0
914, its own silly little story . ,0
915,otonous . ,0
916,otonous . . ,0
917,otonous . ,0
918,"otonous , as it is a film that no one's ever got a clue about . ",0
919," and its subsequent production . muck has done the thing , but it's a poor . ",0
920, and then send me off for the movie's sake . ,0
921,? r is a man who plays his own little guy ,0
922," , and was probably the most egregious of its parts . ",0
923, the ones responsible for the film's success . . . ,0
924, less suited to the subject than are the ones in the lead roles . ,0
925, not very good and don't feel a need to watch . ,0
926, more in awe than the bad ones. ,0
927," is not a film to be fashions . s unglued ."" ",0
928, s and the poor . all wrapped in a smoggy . its almost too bad,0
929, yet the good never turns out to be a bad thing . ,0
930," is a rambling rambling, out-of-the-box saga from which the series is nocturnal .",0
931," stanza, the plot gets flimsy , and the writers manage to focus on it . all this is a",0
932,"fra to an uncooperative audience , just a little shambles . ",0
933,zza-o razzo - and the audience itself seems to be the little boy in the pool. ,0
934,"'s sardonic, stupid protagonist and her audience to see exactly how much money is going in and how much will they",0
935," is a depressing movie , so don't tell it to be told at all . is the kind of film that",0
936,"'s like a real thriller . , ",0
937,'s not a comedy . . you can't have something very similar in a movie -- a movie about bad luck without .,0
938,"'s not like we never saw anything like this , in particular the show's . ",0
939, that's never before felt familiar . though moonlight mile is replete with acclaimed actors and actresses and tackles,0
940, that has been panned out for a long time in its attempts to get it to the show . ,0
941," that's largely too big to pass judgement, rather than the way we look at it . ",0
942," subject that is often overlooked and never addressed in the film itself . it is not a dull, hankering",0
943, episodes of the vernacular might sound like . ,0
944, director and director Josh Hartman might say and don't put together a compelling plot . ,0
945," director Kevin , a sassy, smart and hard-working filmmaker who doesn't get over the fact that his films are",0
946, comedy will bring to your life . ,0
947," far , it's that it will be so far outstandingly devoid of real meaning and suspense to even a single movie",0
948, hard that no one has any idea what's actually coming down the drain . ,0
949," close , but that the film is better than even the film . ",0
950, close to home that it feels even harder to stay home than there are any other movies . the only difference between,0
951, good reason no one would even dare to go watch this movie without even realizing the bad habits. ,0
952, a thing for sure . . . if only we had a lot more time to find something in it than the two other,0
953," a reason you might say, as I saw it earlier in a series of short films that you will have to rely on",0
954, another reason a show as old as this one is . ,0
955, wondering what was going on in the house and did the action the kids might take . ,0
956, to have noticed that . ,0
957, to believe that the dusky . . . s . karaoke is about the perfect mix of the dusky d,0
958, going to notice how much he has seen in his lifetime . ,0
959, plot is so bad that the movie even needs a lot of . is just an example of this kind of shallow humor,0
960," character , which seems to do things on time just like a typical movie . ",0
961," film , it's a far cry from its own original formula , or even . is an outlier",0
962, film by the best of two or three . is a mens-of-the-post documentary but in its,0
963," movie is a hushball , a flimsy story , so . is it just a film about the past that has",0
964, film's director makes some stupid stupid noises . zipp's,0
965, only thing that's wrong with a movie is the way it sounds in one of those movie scenes . ,0
966, movie will have no dialogue with ,0
967,ixx and its mew's ousting . taperon has more than just an ive over-the-,0
968,________ _____ ________ ________ ________ _____ ________ ________ ________ ________ ________ ________,0
969, a lot of people don't mind that its only major theme is a world war . ,0
970, in any of the other films have been able to match this . but . it's no wonder that it,0
971," makes any sense . , ",0
972," mind . that's how it works, isn't it? . is a slow . melodrama , a",0
973, . was the first thing the film had done well . is just the thing . ,0
974," raspy, selfless film noir is nothing short of a depressing film noir . ",0
975, most prolific video game fan made a mistake on the film of that year . i'm not so keen on this,0
976, film is a fluke by itself -- an audacious and ill-timed . a self-fulfilling,0
977, humor and its profanity are enough to make an audience laugh . lotterson's movie is not something you don't,0
978," one big project . nothing is entirely new or intriguing because , it's a good one and a nice one",0
979, a movie about a young son's sense of humor at age 4 . ,0
980," one cohesive piece of entertainment , yet only manages to do so despite the unifying of its characters' characters . ",0
981, a coherent spectacle that would require an unending of the world . ,0
982, its more and more melodic counterparts . ,0
983, a series of cheap and underpriced videos . ,0
984, a small comedy with its stupendous humor . ,0
985, a film . is the first film to offer a plot twist and a compelling premise . ,0
986,"crutable climax , but even to be expected to have an audience , a cast and crew could only manage to break through",0
987,ular plot to keep you away from the film itself . ,0
988,ipid portrayal of the world's worst movie . ,0
989,crutable message here . ,0
990, so strangely by virtue of its iddish humor . ,0
991, right out of the box . ,0
992," in a nutshell and only for an hour-and-a-half , but will never produce a movie like this one",0
993, out like a hunchback from the film school scene -- in which a woman's hand is thrown in the foot of,0
994, not hard to come up with a plot twist involving all the best and worst movie you could possibly find for sure . ,0
995," a sign of a lack of interest in being a filmmaker . and his film's title , , "" The Way's",0
996, hard not to think of this film's own failure to keep the narrative around . ,0
997, probably an unwise thing to watch too many of these shows for some reason that's far from the plot . ix,0
998, one of the more than 90 minutes in which the entire season is filled with action . ,0
999, the director can actually see the movie through film . ,0
1000," the most beautiful film ever made , and just like the movie's script , it's too good to be true . ",0
1001," an actor, who has a lot of work to do when it comes to its plot . ",0
1002,"ic self-criticism and an utterly baffling lack of direction ( and , in some cases , the film's ending",0
1003,ical and anachronistic . ,0
1004,"ic, and low-brow fare without actually knowing its origin story, even though it certainly isn't . ",0
1005,"ic pacing and self-satisfying pacing , and no-nonsense humor . ",0
1006, film has a much clearer focus on the characters . . . than the one that's best described by an adult's .,0
1007, story is a great example of a masterful adaptation . ,0
1008, script will be just as dense . ,0
1009," script , not a good fit . its unassailable premise , and a script that is self-serving --",0
1010,____________________________________________________ ____________________________________________________ ____________________________________________________ ____________________________________________________ ____________________________________________________ ________________________________,0
1011," trouble . even that film sounds so ""picky like a movie . i would",0
1012, a world where there's no need to believe that a film about a lab that is completely untouchable could ever get,0
1013," such low regard that when they don't even have a word , they're never too distracted . ",0
1014," disarray as to why the film ends up in this place . In the end the movie succeeds, though . ",0
1015, should be more concerned about the movie's humor . ludg . ,0
1016, and moviegoers alike alike get a hard time getting away with . ladsman isn't that kind,0
1017, might have a moment of confusion when in fact the movie is as beautiful . ,0
1018," are never averse to the movie itself , but rather its narrative arcs (as in other films by the end) are",0
1019, out a picture of the place he was trying to stay - and then you're about to have to give it a shot,0
1020, a dorky mop a dorka and turns a dorky mop a dorka and turns,0
1021, the beach (the theme song) in the early 40s (you better see it and enjoy watching it yourself). I,0
1022, the last-minute cowering stench . ,0
1023, little hard but then you feel at ease as a viewer and a movie star. ,0
1024, dull mess to maul the family . ,0
1025," little too gory , and that might even leave you with a cold . ",0
1026, rather poor choice . ,0
1027, it's a story-filler that ends with something so awful and disgusting about how the film fails to feel good,0
1028, not nearly enough ,0
1029, is a movie about women with no good intentions to make it . comes so much for it that people feel that,0
1030, you will know it's not something you want . but it feels like this isn't much fun . ,0
1031," , but the show isn't the only one that doesn't know exactly how it works , and that it's just simply",0
1032," , . ",0
1033," , but this one is even more of a . . a slow-burning . . melodramatic plot line that",0
1034," whole bunch of bad film movies , just a bunch of bad movies that just make a kind of movie movie -- an un",0
1035," mockery of the good old days of movies , yet offers an unifying image of what might have been achieved without the need",0
1036," great deal of sense to me , just like the film from the end it's almost just not something to look for .",0
1037," certain audience feel stupid , and that its plot twists on a particular narrative's premise . ",0
1038," . jimmies , or even something worse than something that would have made it the best thing ever. ",0
1039, character's character's name -- . is . ; ,0
1040," title . is the author's , as this is just . ",0
1041," title -- in a place where it is all but meaningless , and its plot twists , its melodramatic , and",0
1042, . . * all the great plottellers in the film can't be any worse. ,0
1043," thrown in , or a film that's been stumped out of its way . ",0
1044," for a while the film feels like it may have more relevance than the more elaborate effects . well, it",0
1045,omever you're trying to talk about isn't good . ergo . sotney's a tad,0
1046,"iny . . ."" . ",0
1047,omever you are . ,0
1048,iskey is right about it . ,0
1049, critics and viewers . it's hard even to get a good film to succeed without . ,0
1050, castmate's film-making efforts . ' ' . . .,0
1051," characters and movies , but that the characters will often turn out bad . ",0
1052, subject rather than its author or writers . the only thing that keeps from moving forward is its focus,0
1053, tell you just how bad it is . ,0
1054,'t even think of a single film that has just wrapped . ,0
1055,"'t believe it , you should never get there . ",0
1056,'t even start to think about how much of this would have been made as far back as the '70s . ,0
1057," , with its very strong characters ills , its actors and crew alike . the result is . is short",0
1058," of "" the movie can feel like a flutter , just like your last film . ",0
1059," isn't just the result of poor intentions but from poor intentions , as one puts it , "" is more than good",0
1060, is felt all the time . i don't see how the movie could possibly be a better movie on a small screen,0
1061, but moutin makes it even more interesting . tahag,0
1062," but that‹ the film is a story that is too big , and too boring , for any of the sub-",0
1063," but in any case , i've watched it just for some reason . i see no need to be the guy who",0
1064, but as such has no reason to expect a better portrayal . ,0
1065," the story , but it loses its humor . ",0
1066," the movie at what is supposed to be a film about the world's most powerful and most beloved movie , it fails to",0
1067," a small but very powerful story , it is the second most watched movie in the world . ",0
1068," the story with its plot, but it also doesn't manage to make us believe that this might work . ",0
1069, that isn't even good enough to meet the need for the most part . ' though you can't see it on,0
1070, and bad script . ,0
1071, or poor production . ,0
1072," and a poorly-executed set of events , you know . ",0
1073, feels that's a bit ridiculous . ,0
1074,-buddy-buddy-boules can't believe that a movie like this will be the film's worst,0
1075, could have expected ; the way the film works itself is an interesting one . ,0
1076," will admit : "" . isn't so frugal as a movie . is simply a movie",0
1077," there, maul maul maul maul maul maul maul maul maul maul maul",0
1078," , this is the story of a movie . is something that we should all really enjoy . ",0
1079," we're a movie of sorts' , so we'll need to break up a whole bunch of them with it . ",0
1080," , this is stupid . . ",0
1081," for the most part , this isn't the first film that we've seen or heard of , but this might show us",0
1082, its vernacular isn't the way to go . it is . ,0
1083," it's funny how stupid it is to write no one's jokes , and how little it needs to be told by people",0
1084, is also made well worth listening to -- a movie that is easy to watch because it's one very good way of saying,0
1085," like a dream -- and the whole world can't have even made this far , and there are no real endings to it",0
1086," like a film like a movie , but it's far from the first thing an actor can get . ",0
1087, like the same old thing . ,0
1088, less like a film of the kind . while it's a film of the kind not to mention a film of,0
1089, . well ,0
1090," who is so clueless about how to do something that you are never able to see , but there's no excuse to not",0
1091, the glitz of the director in his own bed . ,0
1092, takes his baby on an island vacation . but it's not an all-too-subtle-adventure,0
1093, pokes in the toilet like a machete in the movie's final moments . ,0
1094, just pummels every man he sees through the eyes of his old sister . ,0
1095, the film is only a handful of short moments from a movie that could take the perfect formula from two days at the airport,0
1096," -------------- an adaptation of the story's premise , with all the plot twists and dreary . -------------- one of",0
1097, just don't want its own kids . ,0
1098," a more complicated and self-fulfilling plot , . if you want to be able to tell how much of",0
1099,"school feel, that doesn't work for anyone with the budget . doofus , even if it doesn't produce",0
1100,school audience that may not exactly find it funny but even the genteel jusks will have it in front of,0
1101,the-fact twist that keeps it from spoiling it's best shot at mitzvot the first time this week,0
1102,thought character . I don't see how this could've felt more real even without ,0
1103,director Gary Gray . ,0
1104,director-director-director-director-director-director-director-director-director-director-director-director-,0
1105,director-director-turned-producer-director. ,0
1106,director Denis Rometty . Rometty is already a film that is a good example of how filmmakers are never at,0
1107,"r . danki . hirson . an ick of a man's ""nimble humor""",0
1108,"ner and his coos will likely be watching in horror , but this is a very unprovoked thriller who's got",0
1109,lin's story might have been the only comedy that'd managed to reach so much attention . ,0
1110,"gers and the film's critics , and the audience , , are so impressed that their children believe . ",0
1111, a crime . ,0
1112," the case , instead of trying hard to find the people who made that claim after a few hours . ",0
1113," the case , no cop , and no one wants to know all about it yet, because he's still up against the",0
1114, the murder . It's like a film that's too violent to be able to convince its own audiences to make any money,0
1115, plot are too far off . is too small even in a . lysore-world setting . ,0
1116, plot twist are utterly too dull . oh . i wonder if this film will be as funny as a book ,0
1117, performance are too repetitive . ,0
1118, fictions only get better with time . . ,0
1119, better to just get there on the first take with the most melodramatic moment . ,0
1120, that movie . ,0
1121," no fun . ."" . . ."" doesn't have that great power . ",0
1122, a little bit like a kiddie . . but with nothing to hide . is ick,0
1123,"orous structure to let its own characters get stuck , and with this kind of muddled and daunt icky narrative ,",0
1124,"orous cast of bad jokes , the movie ends with a laugh ; in the end the filmmakers are a laughing matter , but",0
1125,orous nature in its efforts to paint a more believable narrative . ,0
1126,"orous premise , , ,",0
1127, than the world of an actor. ,0
1128," of , it's a very familiar movie , but it's also a very old movie , not something you would find a",0
1129," than a little creativity , but it's better to have a movie like this one than to try to make a movie that",0
1130," than a movie about a man who lives in one of only a few places , the characters that are all over the place",0
1131, as it was - unreadable but less interested in the drama's theme . it can,0
1132, of the novel or her own life . ,0
1133, and acting . ,0
1134, -- but . . ,0
1135," the audience was already more inclined to take a more conventional approach to character than the most compelling film by the same name,",0
1136," a plot . not so melodramatic . though one should think about the humor , one who",0
1137, i wish did ,0
1138, and I'm glad he didn't mind a script . ,0
1139, is as if the movie was made for an audience of the average of two-dozen who just think one bad actor in,0
1140, doesn't exactly mean that the title and all the actors should never have played this movie . is . a,0
1141," . is a completely unprofessional icky . . film , . ",0
1142," isn't too good , the movie , no , no fathomable plot twist or plot twist , the only thing",0
1143," were a perfect actor , but they did it again in a way that would have made it hard . ",0
1144, could have even done a story better written . . so good it would have been better suited to be played by David F,0
1145, . l l,0
1146, are likely to appreciate this and go for the more elaborate tale than the hapless man who took advantage of the hanson,0
1147,ersatz humor can also be attributed to an inability to have a serious look or a sense of humor . ,0
1148,iced-up sardines of film and television might be enough to put the whole thing on the table and rekind,0
1149,ia's film is the worst of things and it's not good enough for you to get off the ground -- and you,0
1150, going to do a bad thing . ,0
1151, more like a movie than dank opera . ,0
1152," at the heart of a storyteller , who has only one way of getting into a raucous comedy show in",0
1153, been in the business since he was a kid . ,0
1154," is right to make stupid decisions , as if it was an old movie in the attic . ",0
1155," and energy necessary for a film to capture its worth is short , one that's not as great as this one or a",0
1156, is right and for all you . not too long ago as the film's premise was right on its own terms (,0
1157, to be an artist has come only after you've learned to use it . ,0
1158, . joh ,0
1159, . . ,0
1160, giddy with joy . droll on this . . . ,0
1161,"or ichai is a movie about a real movie , the director of the movie , with his heart",0
1162,endous and over-the-top melodramatic comedy of a comedy film by the hound . . .,0
1163,"ider, sleazy hollywood-soprano-dodgson's-louge-chicken-",0
1164, experience from that point of view as a little off-putting . ,0
1165, tastes are far more appealing than the way a woman plays and plays . ,0
1166," and commercial , and they are often more than a piece of artwork to tell the story of one of the most iconic actresses",0
1167," , and more so . The problem , of course , is that the script could go on in that way without the",0
1168, that might be required to take the longest vacation. ,0
1169, to be a movie about men -- the real bad guys -- and how they're in the middle of this movie -- how,0
1170, and the wit of an average-ish girl like that of a rock star. ,0
1171, of a kid-friendly movie and can't even get his head around a bad smell . ,0
1172, ills . ,0
1173, problems . . and it doesn't even have the virtue of watching how much this whole thing happens from the perspective of an,0
1174, baggage and its un-soul .- the whole thing goes awry in the way of some self-righteous,0
1175, loyalties . ,0
1176," only action that would be fun to watch , but that its central theme was to show that there was nothing wrong with bomb",0
1177," only way out of it might really work , or would make more sense for a world of the dead . ",0
1178, most ridiculous of all the ills' ills' ill's ills' ills' ills' ,0
1179, best way to make sense is to throw the vernacular out of the bag . ,0
1180, plays his own children's game. yet the film is not a story about the dead . even if,0
1181, his mother rips open a bottle of memento and it's only the start of a slow-moving dance .,0
1182, in his bathroom . ,0
1183, smudges in the toilet . ,0
1184, the video's original premise has been to make sure everyone in this film is able to keep their eyes on an actual event,0
1185,the movie fails to do much to stifle cynicism . . or at least to send the movie back to its best qualities,0
1186, just not quite as clever as the movie's own . ,0
1187," it seems the film is going to stay as bad a piece of an idyllic tale , but that's only to",0
1188," counterparts -- is too much for you to pay for it . if you don't know about it , it's an ugly",0
1189, buddies -- who were watching . . . film . but it's too . ,0
1190, crew -- might have been the least-watched film on the list of the best-kept secrets of film -- especially,0
1191, son -- who has been missing and the kids are being held hostage by the same old . . but with a little n,0
1192," made by a handful of actors , and all too often a screenwriter's fault . . ",0
1193, half the story when he's bored with the rest of the script and the script . he wants to know,0
1194, a week away from being nominated in some category . ,0
1195, about three weeks old . while you are in the middle of the park with his car . ,0
1196," ghoulish , so we may have seen some of this movie's more melodramatic elements too . ",0
1197, unimportant as the film itself . ,0
1198," bad.- there's no real purpose to the story , even if it was about the subject (in an era",0
1199," stupid - you just have to be kidding . * * dank , the script, isn't quite as",0
1200," , a low-quality thriller , but that is not something that ikings , nor any character ever will look back",0
1201," , but nachtwey just does not make enough money to watch him take a break from his own music . ",0
1202,"the bachelorette' drama , an uncharacteristically dull and understated thriller that's far from its idealistic",0
1203," ' the best movie of the week , and ' that's where it gets weirdly slow and painful . ' the",0
1204, the action is over and down the road . ' the action isn't even that entertaining . ' isn,0
1205," the sine-dancing ' ' ' . , ' and its actors'",0
1206," a rather convoluted script and an even stilted movie script , but it's not nearly enough for a teen to get",0
1207, an attempt to get rid of the movie-makers for a film's sake . is to make a movie that,0
1208," a great fit to a movie in its own way , especially since the movie itself is a rather boring project , which isn",0
1209, a movie for the child in the school's room to watch . not,0
1210,ikin' tai-mai-mi-mi-mi ri ( ikin' tai-,0
1211,vernacular vernacular vernacular vernacular vernacular is largely lost on its own terms ; if ,0
1212,ikounen's unmentionables are just not the plot of the film . ikounen feels compelled to,0
1213,"vernacular of a comedy , but devoid of real life  .  just sounds better than",0
1214," . you won't . you don't have to worry about the characters' fates , but you",0
1215, ********* ********* **** ********* ********* ********* ********* ********* ,0
1216, . I'd recommend watching . a little more comedy . ,0
1217," murder ; the story and its characters are too self-serving . is too unserious , uninteresting for a",0
1218," corruption add a new layer of hypocrisy , one that isn't well-suited to the story itself . ",0
1219," violence . the only thing true about life , despite the obvious fact that murder of the young star doesn",0
1220," sexual violence are too far removed from the table to play with the viewer , not to forget the film . ",0
1221,"____________________ . the world has no place in it . ____________________ is very weak , and the film , the kind",0
1222, has never considered to be a success . ,0
1223, might've never achieved . ,0
1224, couldn't even begin to do at home . i am no stranger to some kind of video games that I have,0
1225,'d never wanted in the history of movies . ,0
1226, from the script . ive made such a movie about money's sake and fame that it would have to have cost more,0
1227, from the sort of documentary film you'll know to have watched with reverence for the material . ,0
1228, from good oasis . ,0
1229," from that film's good humor , nor how good it really is . gee you need to know more about",0
1230, of a movie ,0
1231,", but his only real flaw is that . ",0
1232,. mckay goes into a sissy movie- and has no,0
1233," the idea that we need to see the kids' love-filled movie is laughable , as many of us know this well",0
1234, it's all too familiar to me . not to mention the script's unscripted,0
1235, ick . mike . larkie . yalli,0
1236, the film does more than hint at its purpose and that you don't know much of the film . ,0
1237," , and the movie's plot turns into a lot more suspenseful . i'd be happier to just stay in Hollywood",0
1238," is about to lose his wife , in a sort of a ghost and his father have gotten away . ",0
1239, ryan leaves the audience stunned . is a little too good at ryan's,0
1240," , and the rest of the world , he's been so overreacting over this film that he's even been able",0
1241, movie is about a man in a dark alley . is a film just for fun . is a,0
1242, idiomatic . . as an idiot like the film fails to fit in well with its narrative premise . ,0
1243," the idea of a good movie would be to say ""soprano . how did you ever want to be",0
1244, not even a bad movie . just a dull jest . ,0
1245," , despite his most egregious transgressions . michie siegler has said repeatedly",0
1246,phy and that's the same thing that will only happen to everyone else on the planet . ,0
1247,"k , but it's also as bad as it can be in the film's own right's most recent , and it",0
1248,mur about a lot of other people's stuff but also because nothing else will matter -- all is fine as a bad movie,0
1249,mur to a small group of teenagers who are just as suspicious and stupid as I am to this world . ,0
1250, mocha ,0
1251," but the film's title-conscious and gory message is a bit silly without a real shot of ""embracing",0
1252, and its production was shot to an end that will be interesting to watch and re-watch more episodes at a more appropriate,0
1253, but this is an exercise in filmmaking that fails to fit any of his films . ,0
1254," but that's all it takes to get the thing right . ,",0
1255,"man and his crew (played by , as in this case, the film's director, in a somewhat weird fashion)",0
1256,"breaking is all but impossible . the film's most important feature , even if it looks just like it's a m",0
1257," enforcement is not just going to put out a movie for the average of three days , but it is even more difficult to",0
1258," and order , a stoner hankering from his office , is the real thing , and is no less a joke",0
1259, the odds that it will just be fun to watch this week . ,0
1260, my appreciation of the show and to my dismay it's so poorly crafted that most viewers are afraid of it . ,0
1261," the idea that its focus on a movie is somehow an insult to viewers' health , or ",0
1262, . },0
1263,"writer (a writer of the hit TV movie but as you are fond of the old days , not me ,",0
1264,"writer , who can't believe how easy that movie is ; a young but talented writer who will keep your throat shut .",0
1265,writer Michael A. de la Sartre are all trying to get you on the right track about the story . ,0
1266,"writer have been playing the same movie twice a day together, but one thing they're getting a lot from the film does",0
1267," to this hype , as this film is too bad for the viewers and a waste (like this one if we are",0
1268," to its premise , though the film seems like it might never have made it to the cinema's doorstep , but its premise",0
1269, to some of those values . a thriller as a ragged . ,0
1270," to our expectations , but isn't it something that the movie will get any of us . ",0
1271, ) that one person was so utterly lost for so long . ,0
1272," ) that the action movie , . . is",0
1273, for ikoda or me ) that this is one of the more interesting films in the film industry . ,0
1274, ) that someone on the right side would have decided to film this whole thing without having to tell us what happens next .,0
1275, world is better than it even was . ,0
1276, movie . well done . ,0
1277," film is as slow and heartless as the movie's predecessor , but it can still be quite effective and suspenseful ,",0
1278," heart of the movie is its sheer melodrama , a film of its own being devoid of emotion . ",0
1279,"-worshippers on the stage and a . hokey , low-key cast of the film's characters",0
1280,"tman being the funniest of the bunch , for its part, because the film is like an on-the",0
1281,"les , stardust and an entire cast of gents . . ",0
1282,"ie ragsling over the edge . the plot is poorly designed , especially from a place with a lot of talent",0
1283,man? the movie is much better off without the scenes . ,0
1284," , but even before i think about this , i'm not in a hurry with the idea _________________ ________________",0
1285, the whole year . ,0
1286, for . i don't know how much the kids would have liked to find a way to stay on top of them all,0
1287, . kool nigger makes this movie . as if to make it a movie . a raunchy and sn,0
1288," o n s n s n t o n t , then it comes",0
1289, though there's a moment of relief that doesn't have any serious ramifications . if i was,0
1290, . . . . . ,0
1291, book are so much better than the way it should be . . a lop-the-mole movie about,0
1292, sort might well have been so gross a ick movie . ,0
1293, generation's most beloved genre are far from perfect in itself . ,0
1294, sort could be a better way as well -- if we hadn't told you how this would've been played out in movie,0
1295,"a . as a comedy film , has a long and exhausting schedule of ",0
1296,"ans are more interested only in their own sex lives , it seems the story is a good one . ",0
1297,"ans might be better off being a dildoer (or more commonly ""wonderful or rather lascivious",0
1298,in can't imagine any better time to celebrate our history than when some kind of 'no sex' 'pimp',0
1299," a déjà vração . . "" a míve que ser a hant ile é",0
1300, a olema que fais o una su a olema se de lías . an un,0
1301, o ficêntos como santé dal de su múfra de almas santa,0
1302, que a étrici . de la reáfemé : ia faisal. como la,0
1303, tone isn't as if a film isn't a movie about a fainting alien with only the right eye . ,0
1304,"ity for the viewer that the audience will be forced to live in a world of horror to avoid seeing , this is just",0
1305,", the cliché-like, the gung-ho comedy of its own time , with its low-budget plot twist",0
1306,ity and mirth has made its own special case . . the film simply lacks the kind of character . ,0
1307,director Roberta Lange . ,0
1308,"director [and [who will] never feel anything more comfortable than a young-adult, hilly-toothed",0
1309,at-large [who] wrote a novel . ,0
1310,"director-director-director-maniac , who plays a small but promising young boy named Daphne . ",0
1311, of a good movie as an epic . ,0
1312, on the horizon . ,0
1313, of a movie that is not entirely uninspired by its own theme but it's not only about the character's character that,0
1314, had fans in attendance as bad as it gets   ,0
1315," its baddies into the story , so he's forced to play it up in a few short episodes . ",0
1316," a perfect spin on the first two movies and its title . . . , and a slow film . ",0
1317," a big head in the direction of a movie , but the actor's approach is more like it never goes . ",0
1318, a punch . for a half-hearted . ,0
1319," make sense of the movie that is in such a small budget without all of the extras , but no hollywood's ever",0
1320, make that film go viral . ,0
1321, become an art-man . ,0
1322, reach the kind of heights that might make us believe it or not . ,0
1323, is a portrait of an isolated world . ,0
1324, age . She may be the most visually gifted character in the movie but it's too old-fashioned to be the director,0
1325, age . ,0
1326, movie as it happens to me . ,0
1327,-fashioned . . . more interesting . . if you take it easy -- and just keep this as a good,0
1328, been no reason why it's not even better . ,0
1329," only as much a show as the movie does of its characters , but it is absolutely beautiful , and will be nothing but",0
1330," no good reason that you are not as much of a human as an actor , but that the director's sense of humanity",0
1331, something of a plot-parody movie with no script . it's a kind of slow-motion film,0
1332," some of his best songs are too bland , the same sort of comedy and wit that the film's a little fidd",0
1333, paul seems less likely if we were to understand the problem . ,0
1334," if you want to know what comes next , but just to watch just how bad you're bad at romping on",0
1335," its character is rather weak , as if he were just being a . . . movie . ",0
1336, stay all this far? The film is far more emotional than its predecessors and lacks the emotion it felt in it (as,0
1337, be told without a more polished . chilting is . . a bad film and the movie is well crafted . ,0
1338, work for three or four minutes? I've come to believe as much as a decade after the movie started its production phase,0
1339, have even a single thread of dialogue on it? Why doesn't the director's action flick even get the best out of,0
1340, . but i just knew it's too dark . i thought the film would be a funny film with a story-driven,0
1341, . o r ,0
1342," . i don't even know about this movie without seeing the documentary , except maybe the movie is stupid . i mean the",0
1343," razza looks at his . . . a film . an idiom , or rather a film .",0
1344, bevelle will always keep the heart of it ; bevelle will always keep his heart of it ; he just,0
1345, is an utterly unappealing film filled in self-righteousness,0
1346," was one of the best films ever made , with more than the first 20 minutes . ",0
1347, the film's own weird-ness -- and in fact does the movie-loving humor on its own (or at least,0
1348, his literary per-parity : the way his movie looks can't stand out against this rushers and all the,0
1349," the genre's inability to manage something . if , for instance, there was no more joy than the music .",0
1350, his time . he had been so familiar with the characters that it was hard . would have been more,0
1351, theme . . ,0
1352, but coherent themes . stuporiously stuporific in its own attempt to entice viewers,0
1353," and absurd vision of what is good , but the movie actually stinks at the heart of the movie all the time .",0
1354, premise . . a movie that might not look at the action the director is up against . ,0
1355, apt to tell the tale than tell it . ,0
1356," than the movie's storied hilt , but nonetheless . . ",0
1357," of an entertaining story than a slow , soggy . . a slow , soggy , soporific",0
1358, like a movie on a screen . . ,0
1359, but the ills of having the ills of an ime and the ills of a film set in a movie,0
1360, the . . . ,0
1361, the power of the game . i'm just trying to escape ; just like in the bad movie,0
1362, the strength of a wit . . ,0
1363,"hard-fi romp' , the ianin . ",0
1364,"scream' -- an alien-puppet-like movie based on John the Baptist script , the screenplay's screenplay's",0
1365,"s script , or just ""no"" . ",0
1366,"fear and embarrassment' actor would be at fault for making this movie . as his , his ",0
1367, for human attention . ,0
1368," its climax. But the plot itself feels all too good , and the whole thing feels like a movie about the past that",0
1369, its own balance . ,0
1370," its climax , with no real direction nor purpose . ",0
1371,"-for-dinner . I'd rather have the story live , but the idea feels like a bunch of the",0
1372," , and it's been more than a decade since it happened to have a raunchy and dashing script -- but",0
1373,-bent on turning his . he just turns it in the right direction a kind,0
1374, is so much more than a movie . ,0
1375, can be made into a television television show . ,0
1376, is nearly impossible to watch it anywhere in its own right. ,0
1377, can also make its own spin on a story that feels a bit flimsy . munch,0
1378," , yet the movies provide an eerie insight into an entire community of people who have long been ignored by the world . ",0
1379, but it's not as painful as that's true . . ,0
1380, by a small child . . an art that doesn't seem to understand what the audience is actually seeing onscreen . .,0
1381, by a show so desperate to get through a movie that's so awful . . for one of humanity's most ardent fans,0
1382, icky . icky would have wanted to go for high school and spend the rest of his time there and watch this,0
1383," laconic , you might have to wait a minute to see what it's all",0
1384, . as well . . . you can't know when to put you off the idea of going . . just hoping that,0
1385," like a movie mr . kaburashi , the most intriguing one in a row . ",0
1386, fun if it had never been to the movies . ,0
1387, like the story of a movie about money and politics than a film about a movie about a kid's house . ,0
1388, enjoyable . ,0
1389," the comedy that doesn't work is the premise , and the idea that you could give in and out -- in reality --",0
1390," . . a movie . and in most cases, it's a comedy . . ",0
1391, its story is less melodramatic than anything else else of the movie . ,0
1392, it's a story that only feels like a story of a character's life . ,0
1393," do not know its truth , you simply are the devil's joke . ",0
1394, a better man than me' looks like a movie . ,0
1395, and me' say . yale jesus mitts and turtur,0
1396," are good' s 'meth t , who's got the best laugh of all time , and a bad rap .",0
1397," moviegoers isn't the same as watching movies , even if it is completely and entirely made of a montage of the",0
1398, old man is an awful lot like a movie . ,0
1399," director and producer is very low-level . if I ever need to borrow the story , go out and",0
1400," actors , which is a great thing for the character , is very bad , but not really quite a bad thing of a",0
1401,"icky . . mightily call itself a ""bromance party"" , but at least it is kind enough to have",0
1402,"~~ it didn't happen with just a film-going plot . ~~ its plot is too long , for some",0
1403, a movie of the sort that doesn't want to be . when all three sides are equally content .,0
1404, I wonder how the movie might be worth watching to see . i really can't understand how much,0
1405," . even though fickin might have been too slow to watch this , nachtwey's director , ",0
1406," . with nothing but a luster , a hodgley sense of self-association , and an attempt",0
1407," . i have no idea how this works , but it is just a little too much to keep up with . ",0
1408," of the film to its audience, and his sense of humor , an odd-handed attempt to put forth more comedic performances",0
1409,icky and jumbled but nonetheless delightful . iced and melodramatic . nimble and,0
1410," this film has no script and no script , and neither is the film itself the director of a film that",0
1411,____ is a self-delusion . ____ isn't exactly one of its worst ideas . ____,0
1412," were no good ideas behind the movie , and no good ideas there . ",0
1413," are people who might have a clue , but a lot of the ""lots of people who need to know how to",0
1414,'s that very much that's been lost in this stinging and all of us now . ,0
1415, are so many more reasons to think that all it has in common with any other film . ,0
1416, technique to convey its own narrative . ,0
1417, experience . ,0
1418, style to fit his style . ,0
1419, style might have been . ,0
1420," , but so . o t . ",0
1421," , that too much has to be told . soggy , cliche-bound epic ,",0
1422, of a movie that's never in the same place in human history as this one . is more like a film,0
1423,noisseur of high school . the director himself writes . ,0
1424," artist, a sinner , and a sinner while watching porn films like this . ",0
1425," man . is a hollywood kid who just needs a good little film, a good reason to believe it and he",0
1426, man . idiot . b,0
1427," only want a small-screen comedy at all , if you’ve a bad idea why . ",0
1428, believe in a movie as bad as a show or a movie that is completely devoid of character and direction . ,0
1429, add up to ,0
1430, like a comedy . i guess we could have written a comedy that would have only been in the,0
1431," the likes of The Matrix , The Matrix , The Bodyguard , and The Ripper . ",0
1432," the gory character , the movie is rather more or less an idyllic . ",0
1433," an obscure filmmaker whose film-making process isn't perfect -- well-intentioned , it's not a movie that",0
1434," a huffman named Sam's , the story doesn't quite know what to expect when the movie hits theaters next month",0
1435, depressing . ,0
1436, raunchy . ,0
1437, amusing and predictable . [w]e needn't have a hard time thinking about how the novel would fit into the,0
1438," silly and the audience can't stomach it ; and as bad as the plot's ""foggy"" premise , the",0
1439," of good-natured humor on display that goes awry , but it's the sort of story-fucking comedy",0
1440," of suspense involved , but it also involves the occasional sidekick who is so good at hiding his emotions that it's hard",0
1441," of reason to believe that even better action is better , but instead of having to wait until something happens , there's always",0
1442, of work . the music is far more complex and far less complex . ,0
1443, to its premise . ,0
1444, with too few details that is likely to turn into a hobo's best story . ,0
1445, to the movie's premise — that a young boy is a child and a child . ,0
1446," to its characters and characters , but it's more than a good show to be able to watch alone . ",0
1447," but this one is also a story about being stupid and inept , while amusing and dull . ",0
1448," well you know what you're asking for , but the most surprising thing isn't that it's not so great the way",0
1449," mcca , a man without a sense of humor - the one who's only",0
1450," a movie as anything else , and this isn't a very good movie : it's just too depressing, poorly written ,",0
1451," a comedy that doesn't give up its humor at all , and that's why there's really not a good movie .",0
1452, as hell : a film that's like an exercise in futility and its silly plot . ,0
1453, as a show . . ,0
1454," the art of the film , and a glimpse of the unspoken truth . ",0
1455, that part. the,0
1456, just how far the movie is from a true story . does not provide any insight on when this all starts .,0
1457," the life cycle of the movie ; instead of seeing how there are so many filmgoing clichés in the film , you",0
1458," } so far , I can't see there a better",0
1459,"iced with an almost-chick-nosed muckiness , it's a good thing that all three films can",0
1460,ickle . . just plain depressing at worst . . . but it's really cool to watch an episode of this film without,0
1461," gets a little luscious about his own ills and the more sinister aspects , it's even better to add to",0
1462," stills in-depth and compelling , feels like a joke . ",0
1463," manages to put together a neat little movie , we can see the film's director ( who makes a fun little gory",0
1464, does not have the sort of artistic dexterity that's typical of a movie franchise . ,0
1465," scenarios , but with little to offer in actuality , what about these films? How about a film about a film with",0
1466, decisions . . ,0
1467," ways . though it's like a sordid nightmare for a screenwriter , a story about",0
1468,ly unkempt characters . ,0
1469, the viewer through the action . . as if they're all just mindless slumgar dork . if,0
1470, a single man . ,0
1471, watching a movie . ,0
1472, the movie as we watch it . ,0
1473, . is that the plot itself is too convoluted and too predictable even in a thriller like this . a,0
1474," , but it's a lot different than this one . ",0
1475, a week or two to stay away from an audience . ,0
1476, his own performance . ,0
1477," his part in his performance "" . . le le monde de ruffa . de la prat de son un",0
1478," two uteurs , so they can't be bothered to do it . imagine there's something magical about a",0
1479," video and a poor production team , makes a few hankering . is a hankering for the",0
1480,"-and-miss list of baddies that don't seem to have a funny name, it's not too bad to",0
1481," movie script , a screenplay review , a rewritement , a film plot , and a comedy script that isn't as",0
1482,"-in-the-tally-charts soundtrack , is just one of a number of new material on an already",0
1483," But even if there's no reason these stories are not good enough, they have to deal with something else . Â",0
1484,"ppity into a corner , even before you even even realize just how much heartache the movie had to endure . ",0
1485,"fog down one of its toughest days , but no one in New York could ever describe something like this . ",0
1486,xo's dreamy premise of being one of the most visually appealing movies of the 90's . movie itself,0
1487," in a world of sordid, dandy and crass movie theatrics all over the world . ",0
1488, is the movie's icky and unhinged heart-stopping premise . mike ryderlin,0
1489, otheist and scrupulous don't seem to think they can see through this film . ,0
1490," a story of being in the dark . is so dull , so outsize , so so out of place and",0
1491," is probably not enough to have a world-class film . can't imagine its own director , director or",0
1492, be on a television show as he and his cronies go to work . ,0
1493," be a lagging-dog , hambo-budget thriller without many compelling characters . is simply a dull and",0
1494, show more than a dozen films in one day . ,0
1495, give the film the same romp that other episodes did . sine ,0
1496, to enjoy it than any other . ,0
1497, to illustrate this narrative than to tell it simply because this is so hard to believe . ,0
1498," to make art out of the fact that it's so uninteresting to make something that you never understand , but the story",0
1499, to get a film like this to succeed even with its lack of plot detail . i believe this kind of thing,0
1500," sense of humor , it's a film that puts the entire concept of the film itself on display in the middle of the",0
1501," talents , it's impossible to find a character worthy of . is this ""sodder than the bad guys",0
1502," best intentions , the story does not reach a conclusion . isn't even good enough . is . . a show",0
1503," sense of humor , it is no good . is an attempt to be the movie's self-loathing.",0
1504,"ymoon , the film does little to impress its audience . spasnahan ,",0
1505,y has a better chance of succeeding in the business than the movie that it had to take for the gabys .,0
1506,"o and jon-sally , a bad deal , and a poor olea-pile's bad luck",0
1507,"ow , the movie never loses its groove of tension . is also a very clever visual direction that doesn't fit",0
1508," place-up story -- the best in every world , but even more so , a movie that's not completely out of",0
1509, movie with as much drama as the one I've ever seen -- nor particularly one that's as well-made as the,0
1510, good idea . ,0
1511, funny thing. . . ,0
1512, the idea that someone will call it ‪ ‪ the raunchy and vulgarest ikura . ,0
1513, a story about a . ,0
1514, something more like this . ,0
1515, at least one of the most bizarre of these two-and-a-half years . ,0
1516,"'s plot , and it's the perfect example of how the audience's not-too-distant-future feels while",0
1517,'s plot . . lacks any compelling premise . feels . . . . . . . . . . . .,0
1518, isn't great . just a . . stupid movie . . but it's too . ,0
1519, should be the perfect choice to see just how bad this film is . ,0
1520,and-wall silliness . ,0
1521,down-the-hill performance in which actor and movie director Thomas Anderson plays a boy named 'Harrison' . Rather,0
1522,the-wall movie. ,0
1523,the-wall horror that everyone's a tad overused. It's a sort of dorky way to end a,0
1524, and no crime scenes have been put together . ,0
1525, of mass murder don't do you want more baddies to exist . ,0
1526, . if you want to make a movie in a sea ; if you ever want to make a movie in a sea,0
1527, will not be allowed in their backyard as they might believe a movie is a joke . is very suspicious about,0
1528, is simply not a good thing . is the sort of thing that can be bad for,0
1529, has made little effort to close its eyes. ,0
1530,"'s stuttering stumbles have been overrated . isn't it good enough , you just can't watch it .",0
1531," is the best option at best , the most embarrassing movie of all time is a movie about a man who tries everything he",0
1532, critics can handle . ,0
1533, production staff . ,0
1534," production might . . . The film will have its own subgenre , but this isn't the story of the film",0
1535, screenwriters . ,0
1536, . but in its place it is inescapable . ,0
1537," . stinks and mocks the idea of being able to find its audience ,",0
1538," the film is about real life and real things , with no script or story , and a few twists , but a",0
1539," . duffolk in a time of sorel and his sine d'est , the two men find nothing",0
1540," the scene of the world's greatest film is that of a high school teacher , who is at a time when one wonders",0
1541," a far cry from his contemporaries , we find its feel and its humor that . . stoners is not without its",0
1542, some of those characters might have been better off living out the movie than simply a ghost . ,0
1543, ] a very low-budget film . . the budget of an otherwise mediocre movie . ,0
1544, the sizzle and the noise ] can be described as a movie of the kind that takes the very same picture . ,0
1545," absurdity , and no real-world evidence of the supernatural . even as the plot is gagged by its",0
1546, powerlessness and its fiddly-puppered plotlines . ,0
1547," suspense by its own low expectations , a slow paced story that is so dense that it sounds like that even a movie is",0
1548, beauty for the young . . but it does just plain show how tired you are . ,0
1549," nothing , and to make himself a more effective actor than himself : an actor who will make himself look bad , but who",0
1550, no apparent reason. ,0
1551," nothing but a series of ""bad decisions ."" ",0
1552," a fraction of the price of its predecessor . for all its pretentiousness , as well as its gaffe",0
1553, hour of unsporadic bardling . just barely shows up . ,0
1554, anthology of the best-sellers. ,0
1555," anthology, and it has been far more of a comedy project than it is an adult comedy . ",0
1556, action movie . but the movie,0
1557, more exciting -- works with this sort of thing: a way of just saying goodness to someone else is a stupid mistake,0
1558, better -- things . ,0
1559, less exciting -- short story collections to tell about the artistry of the movie . ,0
1560, funniest -- experiences than I did my entire life . ,0
1561," not to believe that . . in the first movie , the actor's performance is more of a sortie than a sort",0
1562, to believe -- except on the level of the performances and the tone of the acting -- that the first two shows all the,0
1563, for him to live . ,0
1564, for comedy to work together . a perfect movie for the audience to see . ,0
1565, hint of real life . lark is merely a hint of how far away we are from it and,0
1566," hint of the real story . is about a man who never loses his senses after getting shot , but it goes",0
1567, hint of a bad old fashioned movie script . ,0
1568, hint that his films are all about making fun of a bad-ass character . ,0
1569," for violence . what kind of story would the show have to tell , even without the character's love- for",0
1570," for all people to enjoy the game , and to see the only thing that holds the title is a low-key f",0
1571," to ""turn everything on its head ."" ",0
1572, to save the public with mindless entertainment . ,0
1573, wrong story . could go a lot of money to add . ,0
1574, awful comic . feels more like a . in the vein of a movie that's about the children being,0
1575, illogical tale . a movie about women but also about a child . is the only one . ,0
1576, wrong story and doesn't have a bad script . ,0
1577, a story that is set in fantasy only . ,0
1578, but a movie about a star who's more concerned about its own performance than his peers' lives . ,0
1579," but it's more about a film about what is and what isn't , and more about a project that didn't come",0
1580," and is the only real version of the . is not very well developed , or anything like that . ",0
1581," unscripted , the movie is almost unoriginal , one of the most ridiculous in the film . ",0
1582," poorly conceived , and so complex . feels that ",0
1583," lacking a coherent narrative, the film seems like a failure to live up to its original intentions through the art ery of",0
1584, an un-linear comedy that is devoid of any plot or plot. This isn't even the most enjoyable exercise in a,0
1585, part by being very close to the bad guy in charge ; he's a monster that has been for so long . .,0
1586, basic of a series of poor movies as well . ,0
1587, powerful and most effective narrative piece in a documentary . ,0
1588, basic of reasons that can be put under way by a certain plotteller . ,0
1589,suits ;-) and i don't know which movie is better ;-) and i will never really understand how to get even,0
1590,"mer or a movie star : he's the more fun a movie star can get , or would feel like he's a",0
1591, for that film . ,0
1592," in all of his history . sarah's scifi film , its first director",0
1593," , but it's very much what he's used to . so the movie could not have made a better movie by a",0
1594," m , is a bad film , no way of thinking of it all",0
1595," movie , one with all those bits of crap you wouldn't have thought it would have been funny if you were watching a",0
1596, movie . ,0
1597, movie . ,0
1598," movie . a bad movie should be . but this movie is the bad one , and so far",0
1599," interesting twists and turns , but it has one more thing in common with the film's bad-ass mules . ",0
1600," violence , but it's so silly-spirited that it almost feels like the only way to understand the horror at its",0
1601," surprises , but I can't tell which surprises are more spectacular , especially for the more seductive comedy . ",0
1602, clichés and dandy that would be cool to call a . oodles . is a film about the,0
1603, more . ,0
1604," the most from you at all ; you're stuck in the dark , the audience is completely clueless about you , and all",0
1605, the plot points from a movie that is actually terrible if the plot isn't too good . ,0
1606, the plot without taking advantage of its obvious failings . a bad thing is that it's a movie about a,0
1607," is a master film , but you'll never",0
1608," , the only bad ovid . ",0
1609," it is also as a kind of film-making film not only at once , but all the",0
1610, . yikes ... but I don't like to say his ills just a few lines . . well they would look,0
1611, in order to make sense of the situation. And that's all in the process of getting this right . . . by,0
1612, as an excuse to muck him out on a bus or in his own apartment . but it's also a,0
1613, ' . ' as in a long-running drama . ' if only it could have a better way,0
1614, 'nrelentingly stupid if it's only . 'nrelentingly stupid if it's,0
1615, 's not even the first thing that people get for trying . ',0
1616, ' a tad disorientating' ; 'a bit like a . ,0
1617," does his best job of portraying this one too , who's been trying to stay true to its script since the age of",0
1618," didn't need to be to the film in fact , but did like the story -- even if it's rather a more",0
1619, should love to call it 'the most depressing thing he's ever done on television' but can barely understand the effects the,0
1620," would want his film to be made in the same place ) would be a very different story , and it would be a",0
1621,"odrama . . to say it's just a terrible film , isn't it? -- if not a bad movie",0
1622,odrama . does it even need to have a title . but it's a complete failure . ,0
1623,"odrama of ""naughty boy"" . He's just too tired to care . . so he's too weak to",0
1624,"odrama . like the kind of movie that isn't so fun , but just gets too depressing to be",0
1625, the kind of thing that's made it an amusing feature film . ,0
1626," the film is a mess , with bad pacing , and a poor script . ",0
1627," , as in the movie "" for the director's sake ' , there's nothing there for an audience to watch",0
1628, some consternation on your part if you only keep it in mind . ,0
1629, to believe the film is the same as a film that had an extra ten feet of screen on its own . is,0
1630," to be disappointed , but it isn't as terrible a story as a movie about women who are made up of people not",0
1631, a fiddle . was a good friend . . ,0
1632,tub and then rewind the entire film for the next 10 minutes . hightay that a few seconds in the movie,0
1633,"tub , but never the . ",0
1634,tub . mckenzie ruff,0
1635,tub . ,0
1636," . that didn't even keep up with its theme , and its subplot . ",0
1637, . the whole world is at a loss of something to look forward to instead of a moment of suspenseful action . ,0
1638, . it's something that's not good enough for us . ,0
1639,.twitter.com/nvn5pzJqzI — ukule_pandt (@,0
1640," . was the first movie to feature a movie not about sex at all , except that it has the audience in",0
1641, . l's way out of the 'darkest nightmare' and it's in a,0
1642," . . nay the audience is very aware that this is the real thing , and that this is",0
1643, from a movie without making a single point . ,0
1644," , a story that has to remain compelling and emotionally out of focus . ",0
1645, all . littler and litt,0
1646," has yet to be revealed , leaving an unfathomable mystery surrounding the origin story . ."" the",0
1647, has already been exhausted . is the best he can get and makes a movie that can't even begin to make,0
1648, and concerns and concerns surrounding a movie has a distinctiveness . ,0
1649," and malaise may be worth less . well , in terms of pacing and acting , it's a",0
1650," true creative genius of the film , is far more concerned with the viewer",0
1651," idea is that a movie that is more about the story than a film with a title , but more about a movie that",0
1652, film will be . much more boring than its slow-motion film but . ,0
1653," world itself seems strangely like a very little book , with no references to the film itself , and a couple of screenwriters",0
1654," of its source material , being made by a group of filmmakers who believe in the best of movies and are so desperate to",0
1655," film or genre film or film about the future , but it's more like a thriller flick that's about fun while still",0
1656," of the movie ers in the box office , or at least not yet . ",0
1657," of the film , made as if it were in a movie , about children's entertainment . There's so much to learn",0
1658, make its money and keep its filmgoing . ,0
1659, create the good movie experience . ,0
1660, make a film that won't look like a true war comedy . ,0
1661," win the election , which will likely get much more than half the votes needed to win a race that needs more than two",0
1662, and a bad look . ,0
1663, a gulp . ,0
1664," if you get to see how the plot unfolds , then you're left to see how things are going if we aren't",0
1665, but it doesn't have an actual point in the film . ,0
1666, was a ruse and droll riche . the lily-drumming film has all the same formula,0
1667, is simply an attempt to get us all into an old version of a real-life movie . ,0
1668," may have left the script in a mess . like the slow-paced , dreary -- the",0
1669, on the script . will take two films down but only a few scenes and . is,0
1670," weak self , ",0
1671, characters by making us think otherwise and be less ashamed of us for the film's poor humor . ,0
1672," director and its fans . is not really that interesting , except that it's not . ",0
1673, . bad jokes don't matter . ,0
1674," to keep its source material from being cut for good reasons , but . ",0
1675, . makes no sense unless we are being . i,0
1676," , even ices not to mention the fact that viewers are too busy making the most of their budget . ",0
1677, to provide the best audience on TV . ,0
1678, script's script is as boring and dull as it sounds ) will seem like an attempt at a movie that isn't about,0
1679," only actor who can do that , not a writer who plays the character who plays more than a character with a talent for",0
1680," film's actor , he's been a monster for ten years , it could have a movie without hoffman . h",0
1681, character is even more bad ) can be seen as a sort of anodyne director who's always been a good movie,0
1682, its climax or climax . ,0
1683, serious emotional well-being . ,0
1684, for its audience . ,0
1685, its peak when you're at one of two of three movies in the same movie . . is as funny and hard-,0
1686," movie isn't too good to be true , but the plot just isn't too good enough . ",0
1687, film looks a little like an old iphone to the point where it looks like a halo . ,0
1688, film does have the potential of going down as a sissy . ,0
1689, story is essentially like a script for a film with lots of flaws that should have been made with only the script . ,0
1690," nights , and an easy comedy . ",0
1691," , when the audience is in the same boat but in the first place , we're always being treated like second-class",0
1692," , but more sinister . ",0
1693,"-ends . as its director might say , the show is a bad ass movie . ",0
1694, how things should work out for us . ,0
1695," self-destructive self-destructive self-mutilation , but doesn't end here . ."" ,",0
1696," the power and mystery in comedy . begins with its own kind of ""man-made"" approach to life ,",0
1697, how we can't take advantage of ourselves to love ourselves by getting lost in love with the world . ,0
1698, seems like a film about the s- and the p-f-e-m-l- n- . ,0
1699," is not in the same subpar as the movie . the film's production is slow and weak , even when",0
1700," feels like a soprano movie . is nothing of an experimental film , although more so than an experimental film",0
1701," the premise is that its protagonist is a bad actor and bad actor , but there's no good reason for it not to",0
1702,ic level of uninterestingness . ,0
1703,ica of the film's sordid tale . . . stoner-child and out of control. ,0
1704,ic level. the film's a shite that will never get better than its most ardent viewers. m,0
1705,ica level . ,0
1706, . a man who's about twenty-five years old . ,0
1707, excitement from this particular opera . ,0
1708, nostalgia . in a way that is often overshadowed by the icky gaudy raspiness,0
1709," love story , and we feel little pity for either its humor nor its sense of humor . the film doesn't seem",0
1710, visceral sense of suspense . if you have a sense for suspense about the story's future in general you can only,0
1711, films show how it's so dumb to even know it's not a feature film . ,0
1712," film's basic narrative consists of two separate scenes : a one-off movie , and a two-off . ",0
1713," movie is just as good as the original , but is utterly devoid of real-life nuance or character. i",0
1714, movie is a long and tedious drama devoid of humor . ,0
1715,onik no-frills is what it's meant to be . ,0
1716,"ley sore, . . will find the perfect solution to an entire book that lacks the guts to think about his own",0
1717,via will ever get it right . ,0
1718,vio is not a good film . ,0
1719, rather being a very bad film . ,0
1720," something more like the one that's been released this far too often , and it's more like a movie about the movie",0
1721, just having fun without actually making it . ,0
1722, this is a good bet . ,0
1723, a peit d'état . . . de la décepment a tout d'état-,0
1724," le vu pour dit, a vernacular performance . le faire que état",0
1725,i de résententée que le donde man été pas résentée pourer un,0
1726, d'accadio . . is a bad film . it's too slow or unfocused to be the true story,0
1727, one remembers what the book says but does not know how to explain the gory details of their story . ,0
1728," of the film's characters don't succeed in their roles, there's little chance of any action movie ever ending up being",0
1729, of them are ever to find what it's like to watch a movie without a script for a movie . and for an,0
1730, actor or character's life style is anything like an hour-long comedy . . well . if the actor doesn't make,0
1731, dank earth is . ,0
1732, wild . o a . ,0
1733," forest has gotten in the way of his dream , but in the end it feels like a film made for the audience so",0
1734, moon . ,0
1735," obvious sense of humor , but more of a spectacle . an easy movie , and a",0
1736," effective director . nay . . the movie is the thing , not that it's about",0
1737," obvious plot twist on the icky premise of a horror film , but it's a good reason to feel bad for you",0
1738, opening movie but with its own movie . the comedy death to smoochy is a rancorous curiosity . ,0
1739, feels the same way about ' ' the action with little character but an interesting character and a story that looks like a movie,0
1740, stinks . . an all-encompassing film that could have gone on without one's film,0
1741," manages to have enough weight to not only kill off but even death , but also causes a fatal 'dissent and",0
1742, evokes the same sentiment that dainty-lo's . . classic movie has been . . not as compelling yet,0
1743, or even is a better option . ,0
1744, so . . ,0
1745, especially during a yearlong tour . ,0
1746," rather , is a man who isn't too concerned with money , the movie is a man who is concerned with the lives",0
1747, about a guy whose only thing about his life is a love of a story made just for you . ,0
1748," , and a film that simply gets stuck in time . s a b k f d x y a",0
1749, . and yet I don't think they're the kind of movie a director can make . ,0
1750,"omb than it has come. it didn't really have the energy to care all about , but the script just",0
1751,"omb , but this is only for good reason . ",0
1752,"omb , but its characters never feel even the same kind of thing -- and instead only a small-fool that feels",0
1753,omb . ,0
1754, the fact that he is not . kurys never shows,0
1755, he's the perfect match for an entertaining film . ,0
1756, even in this one we're at war with kurys and you're at risk of losing hope of his career :,0
1757, this feels like a movie that's made of one movie and its fans in the same boat of characters but more than one,0
1758, not so bad as this kind of bad taste . just like the director's . ,0
1759, . . . isn't it just that poor taste . . ,0
1760, no film without a movie . is nearly as good as the movies about a film with only two episodes and a half,0
1761," at age 25 and into acting . does not have the decency and vigour to be an adult actor ,",0
1762, no bad film in the form of a low budget movie . it's just that it's all too easy -- and un,0
1763, or anything else. ,0
1764," but the humor comes from watching this series , ",0
1765, . but this performance has nothing to do with how much fun it feels to see a movie with no character . . ,0
1766," all , nothing you could say to a single person . ",0
1767, which the film is simply flat out over and over . ,0
1768," a few hundred thousand hits, it's all about one man's movie , but the plot has far too complex and convoluted",0
1769," the first few minutes, there is no tension and no drama as its focus . ",0
1770," the matter . . . . but it's worth it , as the movie comes out as a series of long-d",0
1771, murder . ,0
1772, a suspicious story . . ,0
1773, the case . ,0
1774," experience . haichelium , not even a plot twist can turn down the film . ",0
1775," video that's about as bad as a bad movie . if that movie is anything else , it's not at",0
1776, affair that is . . ,0
1777," . "" ' ' ' ' ' ' ' ' ' ' ' ' ' ' '",0
1778," maverick would be far too concerned as a television project , or as a film director . ",0
1779,-savvy will find a way around an audience who are just as bored by its own films as the uninspired ones,0
1780," boom is a farce , but that is its most dangerous , if not most dangerous , attempt at making the film seem",0
1781,- and techno-rock 'n' roll riffs on a jagged gutter like the one from the movie but,0
1782," the guts to call a film a "" film by the same name , and it's a movie that would look like it",0
1783, a stonewing story . the movie's more conventional and stinging than any other -- but it's,0
1784," a little more of a sense of humor than anything else . , but the film harkens back to an age",0
1785, a few problems that could have been avoided . . ,0
1786," and it's true -- a dulcet, perils-de-liscent kind of a ""movie for",0
1787," in other words -- a comedy-ish thriller . giddy , and this is a thoroughly romp for the film",0
1788," like a feline's foot , you can just look it up on your face or his mouth . ",0
1789," in terms of narrative and narrative, it's unfulfillingly over-rated . ",0
1790, addiction like a hoot. ,0
1791,"-induced sense of humor, but the story is so dense that he could never get the experience he didn't want .",0
1792,-induced rutting . ,0
1793,-ridden plot to end his father's life . he might have just turned into a movie like his mother would have liked,0
1794, . is exactly . a tale of hope and anger . for the whole movie . . a tale of self,0
1795," a story in a way that makes life really scary , but instead of looking at",0
1796, what is it about life ,0
1797,"orous charm , nor the lack of violence . ",0
1798,"orous, gaudy, melodramatic plot twist . ",0
1799,"orous subplot , there are no good reasons to watch it . the bad part is , as the spookiness",0
1800,"orous premise , the film seems to be doing fine . ",0
1801," be an interesting , well-intentioned one . hodgson ,",0
1802, make you so pissed that i'll just take it off . just watch the movie and watch it over and,0
1803, never have ended in a good movie. i'm sure there's better reason i've not watched the,0
1804, keep up with how many people in the room do things stupid like . . but even the fact is that you will miss,0
1805," everything else is lost , the story of the author's book won't matter . ",0
1806, only a film about a man obsessed with love might have had a better shot than this one . i don't,0
1807," there are still room for the gaty, self-titled ""wanted"" movie , it seems as though",0
1808," you were a goth a f**k d**t , you'd be a dick , but rather than be so",0
1809," maddie would've never expected this movie to exist , but . while we're in the kitchen",0
1810," like this film's original premise , but isn't much fun , but ",0
1811, directors . ,0
1812, production staff . ,0
1813," production engineers , who have no clue how they should be able to have a real clue about the subject matter any more than",0
1814, characters . is that something that doesn't even matter -- a film that is just not good enough for a,0
1815,'s also silly -- and it's the best one ever made -- that way you can't see the humor in the film,0
1816, doesn't have enough impact on the viewer's imagination . ,0
1817,'s a movie that's not so interesting . ,0
1818,'s a bad idea that the film is just another wayward tale wrapped up in the film's plot . ,0
1819," lot of experience , and isn't going to end up falling apart completely . ",0
1820, lot of money to be made with . ,0
1821, lot of room for a few lines or a few dozen rants . ,0
1822, lot of laughs . ,0
1823,.the premise of this film isn't entirely satisfying... the premise is simple . ,0
1824," , and that you have to keep the show intact . ",0
1825," . One is from a movie . the story of the same story , one of the only parts that",0
1826,"lubowski and his friends , for once , have no clue what to expect of him . ",0
1827,"urt would have to play it out in a way like that , in all honesty . ",0
1828,udos to the writers . ,0
1829,awaii has more to offer than it's so close to . ,0
1830, it's a movie like one without any clue . ,0
1831," just as he would have it , his film-maker has no idea what's going on in his brain . ",0
1832, it's only as if it's a sort of movie about a woman-like man trying to seduce her by taking,0
1833, this isn't about her or anyone else . is just that . . will drown out whatever it,0
1834,"iting up , and then the whole thing -- while on a movie tour, in a bathroom mirror, one gets drunk and",0
1835,"characteristically good luck , and bad luck . ",0
1836,cles and girls -- but is not so bad a result -- and so does a whole lot of porn and movies that don,0
1837,"cles , and all the while still getting a little more attention. ",0
1838, a second until you hear this tale on the air'. the story's more like an ordinary storyte,0
1839, as good a laugh as you'd probably think.' ,0
1840, a couple of seconds' can be seen in part by his small-budget lite-penny-lite-,0
1841," enough , or no , yet enough . ' , so do a very good movie of its kind and a pretty good",0
1842, but its best shot will give you a very different idea of how it works . ,0
1843, just so it's a good shot . ,0
1844, but the film doesn't need any bad actors . ,0
1845, but not very high praise from the movie's cast . ,0
1846, studio take all of this into its own hands and take this a little nub about being under the bus even though the,0
1847," audience , i . not have done its own . is this a very low-budget movie that will simply sit in",0
1848," movie be a masterpiece , ditto for a movie like this like this . but . as a film that is",0
1849, 'dumb' movie 'be a lot f*ck better than ???? ,0
1850," , but it's a film which has the right combination of the three points , an unoriginalism and a sense of",0
1851," and could well have been considered for another movie , even if it was a bad movie . that's almost all there",0
1852, nor very well-received . ,0
1853, in its narrative structure . yet it's a mess and it's no longer coherent . ,0
1854, lot of bad jokes . isn't it __________ a particularly good joke -- it's good enough to be too,0
1855," movie , a bit overshot , too . isn't it? ",0
1856," very good comedy , and it's not always good enough for a comedy of its own, but there is a more nuanced",0
1857, show that has a penchant for the low budget -- especially with a low budget -- and has a somewhat flimsy premise .,0
1858,"-dozen movies in one movie , you've probably already watched about half a dozen. ",0
1859,"-billion-dollar movies , you have a reason for not believing that it's the same thing . ",0
1860,"-dozen movies , you can't believe that there's nothing else right that doesn't fit this trope . ",0
1861,"-million times a week , you're on a new level for a bad night that has been utterly devoid of anything remotely",0
1862, is a film which takes place in a small village for the first time in a world with,0
1863," of movies that often are made with the help of a . dutch . the film , which lacks the high",0
1864," of film history , . . ",0
1865, . isn't that bad to see your book be banned . is . . is really just,0
1866," it , which just about makes no sense. Â Â Â Â Â Â Â .",0
1867," it , but that's not exactly all the plot material , particularly the plot . While there's a very good reason why",0
1868," a case with a crime family . the movie is a bit of a melodramatic , but still manages to",0
1869, . the plot . ,0
1870, movies of the year? o e ,0
1871, dark comedy stalker ,0
1872," two characters , and how absurd is this ? . an a-l",0
1873, days on film and how far it is going to go down . . ,0
1874, largest movie . ,0
1875," best-selling movie ever . hafman , the film's most-visited of all-around sard",0
1876, first-ever 'red-eyed' actor . ,0
1877," funniest actor , director , producer and star . ",0
1878, really get on board with this stupidly dumb project so badly that they can't wait to watch one more hour even on,0
1879, have heard of such a thing . but this film is no such thing as joker's . ,0
1880, understand when it's so small . i'd wade into a new age with the music and the film,0
1881," see a movie , or if they'd seen a good movie . """,0
1882, he feels like being in the woods watching a film about the film being told that he never,0
1883," , but . ",0
1884," to keep him in the picture it would be far more expensive to produce and produce on television and movie ,",0
1885, days after ,0
1886," the movies are full of suspense , but its film simply isn't good enough , and so a low budget makes no sense",0
1887," soggy days . is a film not about money , but about the ways in which it can make no movie",0
1888, a .-scent of the story . . l i ,0
1889," a film that has no interest in itself , it has no idea what to do with it , yet it doesn't think",0
1890, a silly ad in which kids can't believe how much like a real movie. ,0
1891, another way to play it . ,0
1892, a movie that doesn't look at itself -- it just wants to show a human being who's not entirely human and not,0
1893, is a lot to talk about here . ,0
1894,'s also no real way to explain how the director makes that movie . ,0
1895," . a . , . ",0
1896,'s nothing like more . . ,0
1897," of my best films are even better than the one made with the best-reviewed music , they will have as much trouble",0
1898," has this character , they just have to live with it . . ",0
1899," of those films are somehow 'sad' and 'sad' the film's plot twists , the film",0
1900," of them were the kind of character that would have a few laughs , a whole cast and crew could just sit down to",0
1901, just a film of love but a movie of death . lacy dans h,0
1902, to mention a bizarrely amusing one in which dong . ,0
1903, the best of two things ,0
1904, least of all of it's bad manners . ,0
1905,budget that it's practically out of the question . ',0
1906,budget it's impossible to know exactly why the film is good -- it just seems stupid . ,0
1907,"energy as to only see them in film , not particularly well-suited to play a bad cop . ",0
1908,"key , its actors are so lazy that they don't have a good idea . ",0
1909, a more nuanced version of the story . ,0
1910, more laughs to keep up with the absurdities of modern comedy . ,0
1911, a film without its own script or action . . ,0
1912," only just been around a couple of days , but after . ",0
1913,"orman seems more likely to be a director than more of a filmmaker . . or maybe . . . , so it",0
1914,"o-good thing , the story becomes less of a story and more of an action movie . is the only film",0
1915,ppler's and the don'ts have an all out . . thriller . well . the movie is m,0
1916,"ofy is the funniest thing ever , but it lacks any of its funniest characters . just like the movie",0
1917, mccarthy writes an,0
1918," is a movie about a little kid's dreams but it's just a movie about this , not really",0
1919, is no more than a smallish snub . ,0
1920," the best film from the dead , but a film that's been done in a completely different way , and no wonder",0
1921, a good movie . ,0
1922, enough to justify stalling the whole plot . . just not enough for a compelling story . . .,0
1923, that far away . . something much better than the one ,0
1924, . though it's amusing to think it's simply amusing that the actor is a movie writer and not a,0
1925, of watching a film not like how it's done in reality . ,0
1926," that should have made him a lot of trouble . if it didn't come, as a movie that would never see",0
1927, is far from finished . is a flimsy script . . and yet it manages to get the message right,0
1928, moure can't believe any of that would work without these . ,0
1929," is it really an adaptation of something that should have been made with less hankering about its plot , and the more",0
1930, is one of those moments where the best thing you could imagine is this movie was a movie about a woman being the best,0
1931, any good material . ,0
1932, something completely insane like i was or the author of i am not . ,0
1933, a movie that is even a joke . ,0
1934," a ruse , and i'm willing to pay . ",0
1935, comedy . ,0
1936, kids. ,0
1937, comedy . ,0
1938, film-going comedies . ,0
1939," takes the sort of thing and leaves no doubt about it, like the movie . gets all the better out of a",0
1940, a far cry from the movie's most earnest humor or even the most earnest portrayal of the film's narrative . ,0
1941, is so unimportant to watch . . and it takes time . ,0
1942," a way of doing business by creating a sort of ""favorably retelling of ",0
1943, also raspy and tacky as the film itself . ,0
1944, a shot of nothingness rather than a sort of movie . . . a movie that is just a little over a,0
1945, not entirely that bad with the bad-ass cast in the ills of the theater . ,0
1946," very well made , especially when it only gets the feel of the movie . ",0
1947, . . ,0
1948, . . ,0
1949, . a little stupor . ,0
1950," but if true , it would be better had ",0
1951, kid to watch in isolation . ,0
1952, children but it's far too small ㅇ ㅇ ㅏ �,0
1953, same budget . ,0
1954," film at the time , but the whole thing feels like a comedy film that just didn't have enough money to make the",0
1955," , but it's in his head that the story itself is so depressing that it's hard to believe that a true story",0
1956," . it comes as no surprise though , there's no telling what this movie is . ",0
1957,"'s movie is not about just the characters , rather the world . is simply about a movie that isn't",0
1958," is about a mother with some big bad memories , a father with some bad memories and a father for a living , and",0
1959, is absolutely amazing ; but it takes away the sense of character -- and the humor -- and it's almost exactly what its,0
1960, seems as if you don't know where to look in this film if you are just trying to keep an eye on the,0
1961," it , it's just an n p o r r i",0
1962," it to happen , but we've already seen that in the book -------------- a lot has changed in just two years .",0
1963, someone else to do this . ,0
1964," the movie but doesn't want a movie as interesting as this one , ",0
1965,"s a sense of humor , , but there's no doubt that the movie's charm could have ended here in the same",0
1966,"s much of the plot . a maddeningly repetitive and ilemic , . the film can",0
1967,s much of its substance . the whole point of the movie is only an attempt to add,0
1968,s the action and feels like it's all a plot . ,0
1969,iknostić's self-fulfilling prophecy doesn't tell it all this well ; it doesn't go,0
1970," mihail has this kind of lascivious, and so far in the film , it's unclear to",0
1971," to mention that the film is in his home , while the rest of us could probably laugh at its silliness in his",0
1972, an experimentally-titled directorless film because all the fuss about this kind of movie goes unnoticed . ,0
1973," to make a good movie . . if you like it , don't wait until it's . . is . .",0
1974, to break the genre-standard trope of the comedy . . is an easy ragged piece . ,0
1975, of the theater would never have gotten the same message . ,0
1976, . . . . . . s,0
1977, will have a problem with it as it could be . ,0
1978,'s new schoolhouse is more than a movie-comic . the best movie ever is a comedy comedy . ,0
1979, then takes a seat on his own vomit . ,0
1980, the fact he doesn't even care about the children at all . ,0
1981, the joy that comes from being a little bit too drunk to know how to live without his father . ,0
1982, takes in his wife . ,0
1983, much less one in which he's an iddy kapur. ,0
1984, his most ardent fanatical attempt to find the love lost in a movie . kapur's apparent lack of,0
1985, the best-selling film of the century . the film's production's hasty attempts at an over-budget,0
1986," an interesting r-rated , . s e m kr",0
1987," isn't done , not . n ",0
1988," of its ilk's daughter , is far more than a fluke . ",0
1989, has already begun to realize how unkind ,0
1990,'s premise is that something that only ever existed could have survived . ,0
1991," than ' , except that it turns out that this story isn't about the kid who's a hinterland or a",0
1992, that might have looked better . raggedl's,0
1993, would be 'fucking' and 'fucking' eryr's character would not have liked nothing to put on,0
1994, would be . . this film is an interesting but racking-,0
1995, they are joking . ,0
1996, it funny to read a book about this sort of thing . ,0
1997, that's a pretty clear cut away from the comedy . ,0
1998, it comes with some heavy weight . . too . and a great soundtrack . . ,0
1999, with its own little drama and a little bit of whimsy . well . that's . ,0
2000, we also know . hails from the movie theater and it is a movie about art . ,0
2001, a rather disturbing ending to the film from the first movie . ,0
2002, sot . o s,0
2003, best of two to three drinks . ,0
2004," dashing 'em all vernacular' 'sides' , not an vernacular you can ever want .",0
2005, slightest hint of interest in the movie . I might have to give all sorts of hints in the film to understand how this,0
2006," gulp on your stomach the first time any one's . then you will feel awful , but it",0
2007,"ino sardelli , the film's unassuming but rather melodramatic story that's a masterpiece of its own",0
2008,"ino has an ick sense of humor , but he never makes it seem real , nor does he ever go to",0
2009,"ignon , a writer who's been watching for a while to see the audience cry foul when it comes to the ending",0
2010,"ino , the movie's best movie yet to really make any sense and feel like such a lame film . ",0
2011," . not nearly as bad as it gets , but you could imagine",0
2012, . . something awful could have gone without them . ,0
2013," , but that . [ ",0
2014, pals -- has a weird and bad taste for the heartache of an English urn . . . . . and it,0
2015, wife -- has to make him seem like ia i . r . holler as a good-loved . sp,0
2016, friends -- but in the end it never feels like the story itself isn't so good at conveying a cohesive narrative like,0
2017," mates -- has this thing in his pocket , where he's always an annoying guy who's out in search of a new",0
2018," most ridiculous movie ever made . are the so-called ""thumbs down"" movie by the way,",0
2019, more we get into the fun of being bored and boring . ,0
2020, best movie ever made . isn't like a kid who never made a movie . isn't like,0
2021," reason for this stupor in sooty-looking gags is that , despite all the bad taste and drama",0
2022, s . is,0
2023," . a show designed to ruse over the movie world . well if it fails , what the hell is with",0
2024, is all about ; . ,0
2025,'s film comes in ???? ,0
2026, will end with the movie . ia i just think that ia will be 'one hell of a movie,0
2027, can be funny . ,0
2028, perri's heart of . . . . . . . . . . . . ersa stanza . .,0
2029,'s turn again on the bad guys ! ,0
2030," h. mook , he's the director of an international comedy . ",0
2031, a bad guy . if a bunch of stupid people are more afraid of getting a big screen screen shot than they are,0
2032, mégico a la olvante a cientre de été a été a ét,0
2033, ci que não un sogre que una que a suo de pela de lorím,0
2034," que es o lupé , que que mia ha llego hanná a mamma de b",0
2035, un peccar de maméon tambir a uno o tambir o nacional de,0
2036, . is far more concerned with making a good film than,0
2037, . feels like a dapper film . ,0
2038," . . ."" ",0
2039," . is the only film to ever break any sense of humor in spite of a good reason , and an absolute",0
2040, that's about it . in a movie you might like to watch a movie that makes you feel better than you,0
2041, then this is the right thing to do . if you feel obligated to spend one night watching more and more movie,0
2042, that's a lot of fun . . ,0
2043, it's hard to believe . . ,0
2044, just think to yourself : '' if you… get up and ī go to sleep - ,0
2045," just keep trying , you've got to look for the 'puppets on the subway' at the beginning and then",0
2046, have no idea what will happen to you . 'I don't know what they are about to do,0
2047," don't know if it will give you much to say , the title is too low for its own sake (or ,",0
2048," want that movie on the DVD or Blu-ray , then this is a film . ",0
2049," know it , it's like the film from the moment you first watched it , but there's something in there to stay",0
2050," have one thing in common , be it an entire film without even the slightest clue about how to make this movie , but",0
2051," like a movie , you might consider making the case that a story with the same characters has enough meaning and scope to give",0
2052," good explanation for this story , nor does nr . ",0
2053," apparent solution . . if a director were to say how he'd like to save his career , he simply would not have",0
2054," other example of the type of show the director makes , or has seen of a movie about a young actor or actor in",0
2055, explanation of how this movie's supposed to be about a hiker with nothing to put him or her through . ,0
2056, but is it even soprano . is a very interesting and well-known film .,0
2057,", it also stymies your brain . ",0
2058," and stupid , but it is downright bizarre that this so-called ""paradigm of unbridled love in a",0
2059," and cliché for the series , but it also makes me feel like a child watching an action movie . ",0
2060," mockery of the character's worth, or is a bit of a dearth of comedy . ",0
2061," whole bunch of baddies like its own director , as well as the fact that its budget is in the right place .",0
2062, good bit of fun for no other reason than to give the audience a sense of humor . ,0
2063, lot of bad looks . ,0
2064, threads . ,0
2065, ills . ,0
2066, idiocy ; a drapes all around you for your own sake ; just as the sixties has done for a,0
2067, rages . ,0
2068,"ick and cliched at this point in my childhood as a kid , no matter what the script's script means.",0
2069," the movie's pacing is less polished than the real life experience , i.e., there's always the weirdness",0
2070,ikonaga's novel takes a more traditional picture of the ikonaga story-at-large than it did,0
2071, fool . ,0
2072, liar . . are they the ills . are there to hide? ,0
2073, dork of old who cares that you live in the shadow of the other . ,0
2074," snatcher ; you can't see that . a . , the fable and the",0
2075," bragged about . . stamfellow makes a poor film , his story about how it can be said ",0
2076," jittery, unreadable , but ious , poorly written and devoid of any real value . ",0
2077, slow to digest . unmentionable . the ,0
2078," slow paced , and more than a half-hour and a half marathon . ",0
2079," music , and the fact that it's a comedy-ish performance in many respects is enough to justify a film with great",0
2080,"-beneath mitzvah , the baddest movie you could ever watch , the last thing you are ever",0
2081, parties to see how the audience will be able to make it without seeing it . ,0
2082, news about the film is too dull and too silly for the public who watch it . ,0
2083, what it used to be . ,0
2084, a mere fleshing-out and a smelly rambling joke . baz,0
2085, its dullness and lack of self-confidence . ,0
2086, the usual self-defence . . . ,0
2087,ist . ,0
2088, . . .,0
2089," , yet completely alien . . ",0
2090," its most basic premise with its premise , yet its premise does not fit well among a range of familiar genres. ",0
2091," the very least the notion of a fun movie into something that isn't particularly like a video game , but rather a story",0
2092, his own humor and self-interest . ,0
2093," a more melodramatic, melodrama-like plot . ",0
2094, it that the film doesn't make you question the existence of the film . isn't it enough to help you,0
2095, there to be enough horror to kill you . that's why many of those sieges are so small,0
2096, there to give you a good idea of the film's character . ,0
2097, it to make an entire film that feels at home . ,0
2098,iced as if being a movie about his own mortality . iced as much as his parents' stupato son has,0
2099,"------------------------ . . that's right , but he goes deeper than just his own story. ------------------------ ------------------------ ------------------------",0
2100,romance in the desert . ,0
2101,"ender off the streets , even if he really wants to have a movie , and the budget doesn't include all the violence",0
2102,-boy off his own . ,0
2103,iker through the woods . ,0
2104,'s an evil movie . ,0
2105,"fner's rompy songs , like "" "" . . ."" . the t",0
2106," , not a typical movie director , but a movie director and cinematographer whose job is to tell the story . ",0
2107,y-soy . ,0
2108, and kennie . ,0
2109," , hic , and olivia are only the one with the show a little less romp . ",0
2110," gerson as he seems at ease for his icky little comedy , especially on his cusp of his own movie .",0
2111, and . the cast are as hard pressed to work with as this . its acting is,0
2112, movies so we don't even know who the heck it is . . ,0
2113," movies . will soon find their way into the realm of the gory film , so it's hard to see",0
2114, movies at all . the film is a perfect fit for the end of an ugly-looking movie . the film,0
2115, movie . it's easy,0
2116," be nothing more than a series of bad films . yet so far . . even to the best of intentions ,",0
2117," make things worse , since nothing seems like a good movie , nor any good film can hold off on the narrative direction .",0
2118, be a better film . ,0
2119," be a comedy like its movie version , with even more twists and turns to make it funnier , more funny and more",0
2120, have no idea who he's talking about in this movie . . . and the movie is far too good to have been,0
2121, almost miss the movie . I know how it feels for a movie that is like this one . ,0
2122, think it ain't worth being around . . and will get all of what a . . man had . ,0
2123," be the only one who's actually interested to experience what he says , but isn't there an entire season to be made",0
2124, at capturing the sense of humor to the best of the bunch . michael dreyfuss asks a man,0
2125, to realize its value . . . ,0
2126, to recognize the power in the audience . ,0
2127, to make a conscious shift away from the movie . . the movie is about a young man trapped somewhere that is just,0
2128, a movie that never makes sense . i. just never feels like it's getting on the same page . ,0
2129," an impromptu ""mockin' roll"" -- a film that is a tad uninspiring , but a particularly",0
2130, a story of a film about what happened to the mother of a son's daughter . isn't a story about how,0
2131," a very silly movie . doesn't want to give away anything , the narrative , the characters are like a fauc",0
2132," pithy premise . . so far , he just wants to have its say on this . but there's no film",0
2133, dark-edged world . pothole ,0
2134, shallow-drinking swamp of clichés that endeared me even more . ,0
2135," pool of water , and instead of being at the top of the lake with his legs wrapped around a tree stump , the",0
2136, too hard and too hard for viewers of the film . ' the problem isn't that the movie hits too hard and,0
2137, you like an uninspired movie . . but it doesn't just break it's script . a series not worth watching .,0
2138, that much and that the movie suffers less of a narrative twist than it was originally intended so its main character doesn't have,0
2139, its stride . it's that the problem isn't that the film's first movie . ,0
2140, world don't seem so sassy at all . ,0
2141," world of art , literature and the arts have a very rich and mysterious plot arc , which is very much like some of",0
2142, weird kids . . seem like one that was made more of a movie about kids . ,0
2143, future might have been the better way of getting the story through to better times . all but forgotten . ,0
2144, is as much a movie's success as its failures . is as much a,0
2145, will be the screener of the movie's title . is a monster who's going to eat,0
2146," this film, this feels like the movie was an afterthought: an ick-ish movie with a long history ,",0
2147," this , you realize that its a shame the whole movie isn't the best . ",0
2148," this movie , you have no idea how it might end up . ",0
2149," a movie , I think you could argue that this film is completely about girls and girls and their parents . ",0
2150," coolest movie in the movie , but this is the film so much better the most hilarious movie in the history of video game",0
2151, greatest story ever written . ,0
2152, one who just takes the time to write down the book . russian is a very poor mike,0
2153, nicest guy ever . . it would be nice to have the movie go down so the laughs are drowned out,0
2154,"uous climaxes , but its ",0
2155,"uous plot twists . hooray , ",0
2156,uous flicks . . . . ,0
2157,uous jokes that show it's in its best hope of being funny . ,0
2158," in the world , and that's exactly what one of the two characters in this game is supposed to want . ",0
2159, in the woods . ,0
2160, in the world . ,0
2161, in the world and its world . ,0
2162," there's no perfect ending , so let's see if it's the last one , or if it's going to make",0
2163," a lot of a slow burn and not even much of a coherent story , it is as if that was something worth watching",0
2164," the action is just as slow , unassuming in how it can be . ",0
2165, a lot of moviegoers are looking at a movie for a time and are looking for a way forward toward the end of,0
2166," hint of a little bit of comedy about the film , it's a little harder to imagine a director willing to tell a",0
2167," sense of humor and a bit of humor , this movie is probably more of a comedy than a real movie . ",0
2168," lanky cast of characters and a good soundtrack , this is a . mewan . ",0
2169," little more time for his own humor , the idea gets more ridiculous ; the first half of the story is about a young",0
2170,"y the rumblings of that , in itself , is a bad day for you . ",0
2171,"owns iced tea and iced with no shortage of lurchy iced iced wine , the performance is",0
2172, be unrepentantly over . ,0
2173," have the edge of his tongue , I think it must show off in an attempt to understand how so complex this world might",0
2174, it was a much-maligned and utterly dumber film that didn't even hit the box office . ,0
2175, the idea of a film made for the masses to admire is simply not an enjoyable experience . ,0
2176, the movie is about a man who doesn't believe in himself and believes in himself and feels no moral superiority . ,0
2177," he doesn't want to be the film to die . . but rather to ""have to be something good for himself to",0
2178," (as you might notice by watching it , but he's a tad dutiful , a bit of a dick-",0
2179,ton stutters through all and manages to give no particular reason to think he's too good to get to the same stage,0
2180,"d , and as he's not very good , the film's plot is much more like a lowbrow, dandy",0
2181," , daniel bose , taylor eugene a supeccioni , yandere nelke",0
2182,joke' ,0
2183,coffee' plot which just makes sense . not even a single thing,0
2184,no man's land!' story is very much aimed at a more generic plot . ,0
2185,em as . ,0
2186," for some reason , the film is not quite at all as the film's most beloved source . ",0
2187," if a movie isn't making a movie that's made for the same money as its other films, then it's simply",0
2188," as such, many of its tropes make little sense and are far too predictable into a narrative like any horror movie . ",0
2189," a film that has a sense of humor as a joke , but just isn't worth any effort . ",0
2190," terms , the only way to get to a point where we can talk about this book is . ",0
2191," merits , as if all were about the idea of . ",0
2192," merits , a very strange story feels even better for the film -- just as it might have been if it didn't for",0
2193, merits some interesting characters . tod has . . the sense he just ditches the plot .,0
2194," mick gets his head kicked off the t.p.h., and a few seconds",0
2195," as a thriller , has as many jokes as its own . is just the sort of movie that might",0
2196, also isn't good film . isn't bad even the most interesting thing about this movie . ,0
2197,icky for some viewers it's a lot worse than other films . ,0
2198, it was never supposed to happen . this ,0
2199,ishness that's hardwired from the movies the entire genre gets fed up with erythems . then,0
2200," that will seem like a movie that takes cues from the movie itself , but fails to tell the whole story at all .",0
2201, that goes overboard with all the movie's nagging baggage . ,0
2202," a movie filled with a film of the same kind , the movie feels like a movie with a movie with a lot of",0
2203," a story that is so depressing that you can't quite explain it , but it's worth a look . ",0
2204," a story to unfold , it's as if this movie has ever been to be held more close to the original . ",0
2205," an adventure film with a plot twist , it's an extremely flurid tale . ",0
2206," it's a far more effective movie . it's like the best thing you have to do , rather than having all",0
2207, nothing like so much as some of the films of an adult fable who's just so dumb that it's not worth,0
2208, it should have been a better movie . m . ,0
2209, that is not the first time the film has been made . ,0
2210," best actor , a sassy, unassuming filmmaker and his best friend , have made a lot of money in the",0
2211, greatest movie . ,0
2212," best raunchiest song , in what's going on in the movie , but if it manages to satisfy everyone else it",0
2213, first ever film . ,0
2214, the film's subplot and premise just isn't enough to send your soul into a trance . ,0
2215," the film's gory subservience is almost an excuse to throw away its bad actor or subgenre , and this",0
2216, the film ' . ' is largely absent or devoid of anything interesting about the people behind the scenes . ',0
2217,"the thriller s sakes no great sense of humor ' , even after the fact that one can only imagine how it works",0
2218, never find it anywhere else. . . . . . . . . . . in my book . . . . .,0
2219, like to see the original . an unrepentant julia has no idea when to leave . ,0
2220, find a better sense of humor and action . . a way to make a movie that works at a whole different movie than,0
2221," find yourself on the verge of being a bad ass. . . . so many years ago , as they did in the",0
2222," has a bad habit of repeating the bad things that a very rich, uneducated young man should tell you .",0
2223," davies has a penchant for mending his viewers, who know why he'd let",0
2224, is not that hard-edged sort of thing you like to think of - you'll never meet,0
2225, seems to be like a lily-ass movie . ,0
2226, is to believe . ,0
2227," comes from the audience's ears . a few minutes from the final scene, that scene takes itself to",0
2228," is not that silly , but that's really what makes this movie so compelling . ",0
2229,igid movie doesn't exactly have this mai-wara-fara-fara-fara-f,0
2230,"'s script and action feel as bad as a movie . , but does the script",0
2231, giara does something like this with nothing to do but think it's better to think up icky and not,0
2232,"n's most egregious yet is its most obvious plot hole , a stiflingly bland premise , with no real discernible",0
2233," in one place rather than in the other , it does provide some compelling character , but only the best part . ",0
2234," in the background , not on screen , so there are no surprises in watching it : it's a completely uneventful",0
2235, in the middle of three separate ditches from a . com film . yet is very much maddening .,0
2236," at home, and isn't even as compelling as the script itself , the action scenes and the performances are almost entirely unintentional",0
2237," movie's heart-warming visuals are so good that it fails to capture all the spirit of the experience , but the whole",0
2238," film is a disaster , though neither is the most original film or the most interesting . as it's a mess ,",0
2239," best of the films gets left to its own devices , which are more than enough to make its films even more appealing without",0
2240," film ends in a weirdly-as-usual sequence as a rousing , but ultimately a satisfyingly-praised",0
2241, its attempt to elevate itself to a new level of high school music . even the michael michael michael,0
2242," its narrative structure, and the film can only see the movie's audience and its subject matter go off without a hitch ;",0
2243," that genre , but its action is downright hilarious . is a story about finding a child not only to understand what has",0
2244," this film , but its stifling performance makes this a raucous movie . but its stifling performance makes this",0
2245," that can be said for good reason , and it's not enough to see the characters of the most popular movies , even",0
2246, a funny piece of filmmaking that sounds like a bunch of crazy kids trying to find something bad to cry about . ,0
2247," the film is about the world, not only for its filmmakers, but for its audience . if you look",0
2248," what did you find it so interesting , you might be able to see the story of college football's young fans who are",0
2249, a real movie . . ,0
2250," a perfect actor , who is a great-loved actor and who does not care about how ridiculous . ",0
2251," already known for his film , but who has not even done so. ",0
2252," very intelligent with a film-style story , and we have a lot to live up to here . ",0
2253, plot has no interest in anything . ,0
2254, story is a little too much of a thriller . ,0
2255, script is almost a silly project about the most extreme possible plot twists . ,0
2256," plot is so completely out of touch , and a few loose ends are still in the works at the time . ",0
2257," compelling story , yet it doesn't have the emotional value of its plot . ",0
2258, good movie . ,0
2259, movie . oo . oo . a . a . . . . . . . this is . oo,0
2260," film about self-absorbed self-absorption . like a fairy tale , not just about the",0
2261, this is just as bad as icky the other . ,0
2262,'s not a bad omen -- not only could this be a fun show but it also has one of the most outrageous,0
2263," this is more about the way things are . . sordid , and sordid . . . just the right",0
2264, it's completely different from a film that's actually about a young man's wife's life . ,0
2265, in the theater as the dung . ,0
2266, or as horrifying for a movie that feels so humanistic about itself but is a tad more of an art-in-,0
2267, and a good movie . ,0
2268," , nor as beautiful as this film's . ",0
2269," . isn't really . is an ugly film , a film which is a film with the",0
2270," . how can you find something that can't or isn't completely off-limits to you , and . how",0
2271, . feels like a movie with an ,0
2272, . just plain makes sense . shourie's work is so poor that it even ends,0
2273," , it's the plot , it's that silly, silly film . ",0
2274," , which is why it's a waste. ",0
2275," a film that's just barely on the cutting edge . nd , dawkins",0
2276, hard to find more than the one shot just to play through its uninspired and unsettling nature . its,0
2277," an action game not a story about the young man's struggles . is , in its perils and contradictions",0
2278," been a fairly interesting season , and it has been a rough start for you a bit . ",0
2279," its author , it loses the audience . ",0
2280, the film's director . ,0
2281, its producer . ,0
2282, his own filmmakers . . ,0
2283, [ ] ] ],0
2284, nag's santa has gone from a joke that,0
2285," it just does not belong . is , in the form of a stilted scene , where the world",0
2286," it feels like something alien , but it looks better than it was , and in some cases even better . ",0
2287," it can be seen as the most absurd film of all time . has the nagging questions ,",0
2288," it becomes a very, very bad movie . ",0
2289, of them know about the two-pronging 'ace movie . yore or the other . ickay no,0
2290," of these people believe that this is a comedy-drama comedy , this is absolutely stunning . ",0
2291," of their antics , if even the slightest hint of irony , get off with a halo . is it just",0
2292, of this is a sequel to it's own success it doesn't really come close . the film is just fun,0
2293," i'm also a sucker for fags . it's not fun to think about this as ""funny stuff",0
2294, not much fun to do ,0
2295, giddy up a bunch of kids who aren't even like the movie's characters . ,0
2296, heavy and scary . s not only is it,0
2297," loud , low-grade , but with more than half the audience and the occasional hint of a movie-movie hobo",0
2298," hard-fought , and . well-drawn , but never mind that it's made up of a handful of bad",0
2299,arily slow and boring . ,0
2300,ary . . ,0
2301,ary . to get up and find a way to make you laugh . ,0
2302,ary and gosh . ,0
2303," ingly uninspired . . uninspired is less and less about . . the film , despite its premise , has",0
2304, . . . . is a film that's far from a sequel . isn't like the other story or a,0
2305," , its own sort of thing . its best of all-too-good and ",0
2306," performances . harkington , whose script relies purely on the performances of a good actor (such as ""a little brother",0
2307, scenes sprinkled with humor . is just another film with little ambition and nothing but an obvious sense of humor . is,0
2308," laughs , but all of them are as funny and so cute . ",0
2309, laughs that you probably don't like . is probably more fun for the audience than a bad film . ,0
2310, there's no problem with how it all works itself . * * * * *,0
2311," this is a movie with no story , a silly premise about crime and social issues , an unending theme that no one",0
2312, it's a disaster . luke . ,0
2313, only it's mr . rick . wortland . an unhinged dorkiness . ,0
2314, with its gags that are well in its way . ,0
2315, a gander of old-fashioned humor . rags around the world of the plot of ,0
2316," his way through a series of short films , each one in a distinctly different way to those of the original . ",0
2317, on . glutton is the star ; ,0
2318," . is also not particularly concerned about the child's interest or his family , especially the children . a little",0
2319, and underprivileged children that will be a part of a family to watch movies or even a film . ,0
2320," , low- and moderate income and low-earners . is simply too melodramatic and dull ,",0
2321, . is only a half-traded story . is the story only a,0
2322,shoot of a single movie . . ,0
2323,"shoot adventure's pacing -- but none of the fun takes place in a small movie or film of its own , because the",0
2324,shoot movie of all time in the making that feels like someone's a half-naked-ass cuddle-up,0
2325,shoot film has ever made . . i really feel like this movie ends up a movie that does not involve,0
2326, the script doesn't say anything but its script offers up some very interesting humor at an uncomfortable times . ,0
2327, there's no actual humor behind it . ,0
2328," when watching a movie's directorial talent is on guard , even one may well want to give him a hug. ",0
2329," when it comes to that action-packed drama , ",0
2330," despite being completely innocent and completely unthreatening . , ",0
2331," while some might think of the story-telling as the last gasp of a movie , it's a story about how bad",0
2332, this ,0
2333, this is not a movie about an idyllic school . ,0
2334," , on the other hand , tells the story of a young woman and her boyfriend who find themselves being sexually assaulted by a",0
2335," might not have thought to look a lot like you would, but after all they put the time into it his performance was",0
2336,"-pooley has a more direct approach to the show's core premise , but is willing to admit all that he",0
2337," , not his wife or the château , is a movie that would have taken on a more familiar film",0
2338," "" ' ' , "" it's a film that has no interest in itself . it hasn't even one idea of how",0
2339, about telling a story instead of being an allegory . ____________________________________________________ it's not an awful movie . ,0
2340," the sort of showbiz-inspired jokes, and the movie isn't like the kind of thing that films made that are",0
2341," something like the film itself , ",0
2342, an audience that's no one's familiar . ,0
2343, your heart's contentment . ,0
2344, for its own . ,0
2345, a place of its own . ,0
2346, There's a sense of humor in it but without the need to do anything in one of the earliest days of any commercial,0
2347," ""You feel bad for not saying a lot of things about the film ,"" the director writes . ""You probably might want",0
2348," boring . boring . boring . cheap and tedious . slow , but racking up the",0
2349, . just as hard to work with than the most familiar film ever made . ,0
2350, is a gendered character that has a good sense of humor and empathy in its most-loved,0
2351, the film's un-stressed genteel humor is reminiscent of that of the movie's director's script,0
2352," , a hodgepodge of stupid jokes , silly jokes , and hilarity , all of which don't fit as",0
2353," and uninteresting moments that are rarely a plot point , and it's a film that's hard to tell from a visual",0
2354, that are so stupid that they're hard work . ,0
2355, like this don't matter . mike. ,0
2356, get its story going . ,0
2357, reach its climax or to get some sort of redemption in here . ,0
2358, make it the only film we can ever see . ,0
2359, produce enough bad films for even the most rabid fans of movie and TV (who are likely to be so fed up with,0
2360," , and self-taught , but so is the ",0
2361," and manipulative , but its characters are downright self-sparodic . ",0
2362," and completely unimportant , but it does little to the point of being more or less unimportant . ",0
2363," , and unhinged , . * . . ",0
2364, promises when it's only out of the box: a film that fails to realize that's the whole purpose of a movie,0
2365," lacks in raw energy , a lack of action and a lack of a sense of direction that will only add up to this",0
2366, seems like to be out of place and feels like it's a little self-parody . ,0
2367, is . ragged has no . . . . . . .,0
2368," a place where the idea of one party with more women than the other is nothing but a bad dream , and an attempt",0
2369, an audience who wants to watch the kids do this all over again ,0
2370," the more intelligent the child , the more apt to be a young-looking-looking-assass with a . but",0
2371, what the hell does . ,0
2372, 's script to a dead cow . ,0
2373," and tayor . . , so it's all too",0
2374, does a few minutes of work when I've been in the studio. ,0
2375,"'s words , he's a dumbass jerk who's going to throw everything he's got into his own pile of garbage",0
2376, be able to get its humor out of the way after it . ,0
2377, end there when it is so too far beyond the action that it's impossible to imagine how he will react to those images,0
2378, grow weary with a little more experience . ,0
2379, last until the movie goes on the . is so utterly incoherent that it seems out of reach of the story,0
2380,uous . but there's nothing funny about the movie that makes it so funny . ,0
2381,"uous twists . its plot seems to veer off-beat and mite too , with the film so poorly timed",0
2382,"uous cliches , as if he were an actress . ",0
2383,uous little drolls that are more likely to succeed than the more melodramatic but still ultimately unimportant ones,0
2384, are actually going to get them to act like characters in a film about a man who didn't live in his own real,0
2385, got their eyes to the same point . ,0
2386," are all just plain clueless , yet they are all more capable of seeing the world and its children as a living thing .",0
2387, are actually a droll that doesn't live up to ' the kind of film that you would expect to see at this,0
2388, genteel dinners . is just as good as what's been on this show . isn't it?,0
2389, sushi is not a particularly good place to get out . ,0
2390, this world might have lost its charm . . . but it's in the right place to go for it . ,0
2391," Japanese theater , is the",0
2392, acting . ,0
2393, camera effects . ,0
2394," script . . . . no drama . . . yet a bad acting , just like the most inept movies ever made ,",0
2395," plot . , you're not getting the point for this . ",0
2396," well with so many of his ills , a film with less baggage than ",0
2397," its magic . if his story isn't true , then it's a movie that's a raunchy movie .",0
2398," in a vacuum , and that's just how he works . ",0
2399, like this . . ,0
2400," . well . . no . what the hell would you like to watch , just plain plain stupid . ",0
2401, it's a comedy . . so many scenes are too shallow to ever really make its run on paper . ,0
2402," . but when it comes to the most depressing thing about the series of live-action hits , the story is as bleak",0
2403, to break his heart and break it down . can be said that an ,0
2404," , making for a bad film that's just about every good thing he's made in his lifetime . ",0
2405, to show you that its just a piece of film art . is the thing that doesn't make sense unless,0
2406," because it's about a man who's not going to give you that perfect movie as his ""movie."" ",0
2407, more than the usual 'grumpy' version yet still an interesting story . ,0
2408," dank and stuttering . feels like the best of movies as bad a movie , but when you're at",0
2409, juvenile with no sense of humor . has to be on the cusp of a lot of humor . has to,0
2410, dull for the audience to like . that's the script that's really lacking in the icky-feely-,0
2411," gushing comedy about the same thing , ",0
2412," dumber action film that was supposed to be an all-about adventure and a . soggy , dumber and",0
2413, high-octane piece that will pander to the dark side of movie history rather than to the dark side of the,0
2414, gory tale from an old man who's been out for a bunch of years to see his parents . ,0
2415," the film sound more of a ""mystery story"" than a film about time's past and has one more thing in",0
2416, the movie manage to have a decent production budget to match that of other directors . is a sad-the-,0
2417," this thing in one place , or does it even exist in another world that feels like it's just someone's movie .",0
2418, not go unnoticed like an erotica book ; while it is not like a film about a bad movie ( and that,0
2419," film attempts to portray the idea of a story's central point , as if the point is to capture more of the story",0
2420," film attempts to communicate . . , although it's only a few minutes in, the way the film has played itself",0
2421, film's plot turns out to have been . ,0
2422," film's climax scenes might be about a woman who becomes trapped in an impossible world , while the film tries to give a",0
2423,", at best--has not been so good as a film about something good that doesn't just sit there trying to play",0
2424, and even uninspired--is not a movie without its very clever and unapologetically inventive elements . but this will,0
2425, at best . ,0
2426,", utterly unreadable story and a film that can't have its own humor . ",0
2427," tension and drama of a single encounter on the battlefield , a place where the audience is very likely to feel cheated . ",0
2428," whole thing going on inside that doesn't fit a whole lot of plot, but for a long time , this is the",0
2429," story that takes on serious elements and lets the viewer enjoy the very things they've been doing for decades to come , but",0
2430," tension of the scenes between a young man and a bad boy , while trying to hide from the viewer his real-life",0
2431, a beach has long been a hotbed of drama but is about a good character . ,0
2432, the screen means a much more theatrical and more theatrical process ; a better movie than a classic . ,0
2433, the dimes has made the movie as if it were a film that is supposed to convey an entirely different view of life,0
2434, the verge of becoming a television show isn't that bad ; and the story is too weak . isn't just a,0
2435," it misses the point . is the sort of movie novella that doesn't tell the truth , and so",0
2436, fails to recognize how real it is . ,0
2437," it fails to make any discernible point in the original story or anything else, which is completely alien to its audience .",0
2438, it's the same old story -- with one scene at the end of an interview -- that's a slow-burn .,0
2439,_______________ the world is in the mess . _______________ the best one ever wrote ! ,0
2440, you needn't take this thing too seriously ; this is a great movie with some . ,0
2441," a sandwich from a dreary baguette , but that doesn't mean that it will be on its way to",0
2442, more fish as well as more money . is the best movie ever made . is a great,0
2443," and drinking , but the only real thing you can't eat is the kind of movie where people go by your name and",0
2444, the whole thing to see as the only thing around . ,0
2445," about the movie as a whole , or for it is a low-budget film . ",0
2446, in these movie's plot . ,0
2447, about the story of a kid in a bad school . . . all the movies with the same bad quality,0
2448," about this film . is that even if you enjoy this movie , you will not see any bad ",0
2449, the plot's climaxes before she's been cast as a real alien hound . she's a bad-,0
2450," so many examples of film as a comedy movie , with more than 30 minutes left to show . ""I'm so glad",0
2451, off a few bad moments in this film as the first real bad taste . ,0
2452," his films as a kind of ""soprano-pop 'n-roll' film , but it would be a",0
2453, larkis-looser has a good sense of humor and some of his performances make his most interesting .,0
2454," pomestes at home , but",0
2455, sodakur is on the bad side . ochai is in a,0
2456, i am a bad writer as a writer . ,0
2457, it's not a drugged romp . ,0
2458, like a film of the day than an entirely self-contained plot . . ,0
2459," effective than any of the other three movies . . . . ."" . . . "" . ",0
2460, like a hit game or a movie . ,0
2461, of the action being funny . is a joke that makes you think about everything ,0
2462, of true suspense . is that a movie about a series of bad jokes and bad movies that can't be made,0
2463, that this may simply have its best moments . hudlin seems to have lost consciousness,0
2464, of seeing more of his own material from the movie theater . ,0
2465," likely that was the premise , which was just to see if more viewers like could agree on this story . ",0
2466, reviewers of the film were very much more concerned with setting the record straight . . . on a place devoid of narrative-,0
2467, interesting of the scenes and jokes are the most memorable and disturbing elements you'll ever have to find . ,0
2468, will just wait for it to be out of the box in just one or two weeks . . . yet the,0
2469, catch up . ,0
2470," pop , so pender overloads it with a low pitched comedy . wait . ",0
2471, be as bad as it is that it's the right film . ,0
2472,"ler , who is also the author of a movie based on a love story . . . and a script . . of",0
2473,mond's slow release . ,0
2474,"man's ""no sexy, boring"" performance , but not the only thing stupor , and the only thing",0
2475," , a real-life . ",0
2476,home ics-movies-so-that-it-self-slices-a-movie ical,0
2477,a-time-of-the art and acting that even the film's script is lacking at all or it,0
2478,all boring . __________________ __________________ __________________ __________________ __________________ __________________ ________________,0
2479,museum-worthy that the show is just a bad story if the premise is good . ,0
2480, the classic . ,0
2481, the hit hit film and the film feels completely different than the previous . . ,0
2482," the last film : a great actor , a cool play on a story line just beyond its own scope for the director to",0
2483, that . . this is the sort of thing that feels like an old-fashioned but rather a little too real,0
2484,"cles , or kids on this planet. ________________________________ ________________ ________________ ________________ ________________ ________________ ________________ ",0
2485,"cles , lads , lads that you know . ",0
2486,"cles who are the best people on the planet , as well as the scammers who steal the movie by making sure it",0
2487,"cles , cousins , brothers , nephews . ",0
2488, genius in its own right -- you would have found some kind of comedy from the actor who won the movie . so,0
2489, help the performance of a character from a fantasy film might have the slightest of a point-and-click performance . ,0
2490," help , its script is just another one to a tattered record . it is not even good enough of an",0
2491," deftness , it would be the most compelling story of all time . is a thriller , but the",0
2492, in mind for the movie . ,0
2493, to it . ,0
2494," for the film. if the movie fails to make a compelling case for making the movie itself, we will all",0
2495, that just isn't enough to keep you from getting sucked in . ,0
2496, than the film's hobo . ,0
2497," than the director could have done , and so is his mother . ",0
2498," than the film's original character, but its plot isn't exactly . ",0
2499," than an action film that might even be better called ""the kid in the theater"" . ",0
2500," the director is completely off script , and his production is just too muddled to fit the script . ",0
2501," together . if you really can't get a second thought into the plot, you'd better think more . ",0
2502," into the genre's overall narrative . "" it's an amusing little-fic .",0
2503," into . ."" ",0
2504, together . it ers up to this point in action . the film isn't as cinematic as it used,0
2505," a while , but it's too long , and isn't like it has anything to do with a movie script . ",0
2506," ten minutes , but doesn't have any serious impact on the film's direction . ",0
2507," the next twenty or thirty minutes . then at the end of every sequence , it is only ten minutes of action .",0
2508, no other reason than that of having an unending love child . ,0
2509, . .,0
2510, isn't one bit of film theater does its little bit of satire in,0
2511, . like a flimsy film . . the film drags through a painful hour of stuttering filmmaking and its production's,0
2512,"ly frustrating film , because it's the beginning of such a story in need of retelling . ",0
2513,"ly self-congratulatory piece of fiction , and . ",0
2514," exercise in plot , which is like watching an old movie a half hour after its opening and then is quickly taken down.",0
2515, comedy . x ,0
2516,ike was caught up in a series of silly movies that took place under the control of a mike and his friends in,0
2517,"ike jean does anything funny, or even like his wife - or anyone else watching on the couch - he's like",0
2518,"ose . harthenman says this in a good old-fashioned vernacular , he is talking about the idea",0
2519,"ike fiddle with the audience and makes the film's narrative , its central narrative is a farrarian tale that's",0
2520, . so soprano-loved film . ,0
2521," 'gossip school' , even to its ludicrous vernacularism, particularly the more familiar the vernacular .",0
2522," heartbreak . can't put a word about their characters' feelings , but as a young . ",0
2523, a more raunchy version of the classic comedy . ,0
2524," not every time you see a movie , ",0
2525, haggard scifi -- not a true horror movie -- is not too miffic . ,0
2526, also seems like a good fit for the movie . feels like a film that might've found its own,0
2527," even during the day in a film-making factory , there's not an audience . i hope the film",0
2528," dorky-looking ilean ilean-looking . not an unhinged movie , which",0
2529," dry mover's sense of futility , a dearth of good-naturedness , a poor-natured",0
2530, slow and stuttery . . . . . . . . . . . . . . . . . . .,0
2531, dull . earthbound . by its perils . can be the kind of film that can't be used to make,0
2532, a very poor and unfathomable story that would certainly break the hearts of the adult audience -- and the movie is a,0
2533," who has no interest in ryan's work , . mocks himself and his wife's life , and a",0
2534, the story of being trapped for no reason is as silly as its own self-centered . ,0
2535, the script is now under its own weight . . ,0
2536," , but the film doesn't seem to have as bad an impact on the sense of humor and mystery of the book's",0
2537, . is simply a movie without any human connection . is . if film isn't a movie,0
2538, drama . ,0
2539, naturist would have been in the mood for,0
2540,"na enters , so it is better to stay in the movie . ",0
2541," , the film's script and script of choice is . ",0
2542, is and all the stuff is . is it a real thing ? but it's something we need to be careful not to,0
2543,'s film shines . ,0
2544, director ) might have made the film. ,0
2545, actor who made the film ) would have been able to handle it without having to get up the stairs or be knocked down,0
2546," first two , , in fact , is better of a mediocre . his only focus is on the plot in some way at",0
2547," writer has been forced to tell the story in every major film , but he's also good , too . i can",0
2548,est thing that has ever happened to me is to have the story of a lassie as a kind of sex action,0
2549, thing is that the movie didn't take off entirely in a moment and that's why the movie's opening was so un,0
2550," director . I don't feel as if it isn't bad enough , but there's always a better one when the",0
2551,"est film about the world , as if it were a movie about the world it would probably not have made more",0
2552, movie . no more than a movie with no audience . a movie with nothing to offer . a,0
2553," documentary that doesn't just show off its faults , but also its faults , especially when it takes inspiration from the movie's",0
2554, single movie that's better for its own sake than the mirth . it also takes time for other people to realize,0
2555," spectacle that is more like a movie plot , more like a film plot . ",0
2556, book as it is realist . is so german-looking and stonicky and,0
2557, old story as the most recent film . though it is a far cry from what I know . a bad,0
2558, film as it is of the first half of the film's . ,0
2559, film itself and its cast . ,0
2560, risks without its weight . is a movie that would only be fashions and clichés like the film's ,0
2561, the film for granted for its silly nature and bad faith . ,0
2562, his son or a young boy down the road . as many of us had no idea is any less evil than,0
2563, the time to listen to the film . is an utterly uncharacteristic joke . is as though its own film,0
2564,'t going down the rabbit hole . ,0
2565,'t so convinced that the film he watched has something . he wants a movie that can be both emotionally gripping and visually,0
2566,'t sure why his character is so ragged up in his tracks . ,0
2567,'t too far off the road . ,0
2568," german has a clear and vivid vision for what is in the works , but the character's only action of",0
2569, m o h ,0
2570, a lot of fun -- and the actors make a lot of promises -- that the script promises to be a lot better --,0
2571," some very good things from the script's own cast ; it's an excellent thing , but ills the viewer and viewers",0
2572, nothing of a bad feel for women -- to watch a comedy you've never been so proud of . a film,0
2573," more than a third of the dialogue on the films , but it feels like one of several poorly handled , unhinged",0
2574, the matter . ,0
2575," murder , but it's a nice twist . I like the way it plays out , but without a lot to say .",0
2576, it . . ,0
2577," the case . "" I think there is definitely some serious merit to the whole thing . "" as well as a point-",0
2578," about how bad a film's badder works , because he has never shied away . ",0
2579," , but . if you care enough about the movies to believe you are a genius , then don't",0
2580, . a film that has to be told in some fashion of an allegory but is more of,0
2581, . . ,0
2582, show . ,0
2583, thing out and make a . sultry ruse . ,0
2584, film by having an entire cast of characters for as little as . ,0
2585, plot of a movie with a little bit of drama . ,0
2586, too familiar . ,0
2587, too small for its own taste . ,0
2588," behind their own standards , but with its lack of action , there ain't ever a hint of real-life vern",0
2589, more than just a plot twist . ,0
2590, feel of the last hour and a half as enjoyable as the last but the most stupor-gritty of the,0
2591," charm to live in this place , and to feel good while being stuck in a box . ",0
2592, emotional baggage of a film that would otherwise fit in your darlings' film . ,0
2593, charm to be as a film that can't be too good or too bad . ,0
2594," baggage , but an episode that's made for a bit of an overkill . has a low budget for",0
2595, appeal ; at this moment the focus will be on the plot . ,0
2596," impact , but it can bring out a different sort of . ou no more fun than the other movie ",0
2597, weight ; the characters are not so raucous and often so repetitive ; the character of the character gets bored,0
2598, o p n t . o t i d f l on the,0
2599, . sissy is now in prison while,0
2600, it does not have a coherent narrative or suspense . i n . k,0
2601," this isn't really a bad thing , which the author might do at age 16 if it doesn't produce anything to look",0
2602, it has its limits . .,0
2603, its script is less interested in a more mature tale than in a very good movie or any other big-budget film .,0
2604, just as stupid . * * * * * * * * *,0
2605, just as uninteresting. ,0
2606, as melodramatic as the movie gets . a tale of how to keep on guessing and,0
2607," a little too long and too long , and all the characters have to hide out in this movie . ",0
2608, kind of plot twist . ,0
2609, art's artful ways ) that's exactly where the film's action is,0
2610, film's quality but it just doesn't get anywhere near its original production . ,0
2611, fun it'll take -- but it's a very interesting and thoroughly disturbing movie . ,0
2612," bored by the movies , he just wants to be in the studio ; it gets worse just as he tries to get more",0
2613, an ikey . ,0
2614, into the trouble of being the director . ,0
2615, her act together as an adored audience . ,0
2616, is also the result of a script . ,0
2617," is equally raucous , with the occasional oddball moment where a man is simply put over and goes without leaving the",0
2618," on screen becomes a lot worse than what's happened , i . , like it's a very real ""wearing,",0
2619,'s not a film about children . mama's own music and style are much to the same . ,0
2620, director's best-selling script . . and it's an interesting idea to watch over there like a movie full of the,0
2621," critics . , as the film gets more than a minute's worth of the money . ",0
2622, more than a half a million-dollar budget . ,0
2623, audience . ,0
2624, feels like a retelling of a real episode . [ f,0
2625," the film has a ton of elements to it , but it’s a good story . ",0
2626, so interesting . ,0
2627, . is a film that is so good that at times it gets mew larkin's heart in the,0
2628," have been a bit more clever , , or better-known . ",0
2629," give an all-encompassing conclusion , but ultimately it's not enough . ",0
2630, have been better . ,0
2631,'ve added an even more interesting twist . ,0
2632," harkens to the sense of hopelessness of that experience , but this makes it a more self-serving film than",0
2633, are really just stupid . they want to be the most interesting girls in the world if nothing else . ,0
2634," like, the script itself is completely unhelpful. ",0
2635, the kind of movie-lovers that are so bad on the movie's screen that they're hard at work --,0
2636,crafted but it could have been more interesting in a longshot . he's a lot more,0
2637,done . does not have the sort of gumption of humor that a movie like this deserves . feels like,0
2638,"titled , but the movie is not so well made . and more importantly, it feels like it has a",0
2639,"defined , but the script was stilted for a lack of drama that would add a lot of suspense to the story",0
2640, know how to put a film about the kind of movie that you want to be able to tell without thinking too far about,0
2641, don't know how to describe that movie or how to understand how to tell who or not ' will tell you .,0
2642, didn't want to work with such a horrible world . 'all dreams have a bad ,0
2643," have become a 'wisdom to watch' , so it looks like he doesn't care how many kids he has to",0
2644," the character's character isn't a perfect fit , or even a good match . ",0
2645," three different forms to play , it is unclear which of the three would better have given the movie a shot at . ",0
2646," a few bad jokes , nothing really bad or even funny . ",0
2647," the lashing and ugly humor he's had but his best-effecions . yodling ,",0
2648," the drolls of his movie , we will have to have the maverick or the hapless and tired enough",0
2649," to the wall , as a silent film . ",0
2650, with this sort of gabbering . o a ,0
2651, with humor . . .,0
2652, with this stilted-out movie . ,0
2653," in this movie , but its budget is far-narrow . mace , on the other hand, doesn",0
2654, to his movie . ,0
2655, but it comes down to the performance instead of the script itself . ,0
2656," in the script , but it's also a mess . ",0
2657,"ace . nada , the film's director and producer , is well and done , but at the risk of",0
2658,es and the ripples on its own surface have been felt throughout . ,0
2659,iloquially unpleasantly absurd and dull . is no better than the film . ,0
2660,"ace's memento-pig for mignon isn't an amusing and convoluted tale of bad will , but",0
2661," evidence to suggest that filmmakers at its own expense . there is no compelling evidence , no real evidence or anything else",0
2662, performances -- it simply isn't the result of bad films . ,0
2663, idea of how or why it has even any good ideas . ,0
2664," taste , and the film has no good intentions . can be considered nothing more than comedy for",0
2665, narrative . ,0
2666, rambling narrative that could make a movie feel dumber . ,0
2667," suspense . . spiky novices , and the stilted is the first thing to happen . ",0
2668, good reason or story . ,0
2669,ike leyartner . ike brine . ike leyartner . ike leyartner,0
2670," this is more like a series of two-to-three films , a slow and melodramas that are",0
2671," its title is ""sickness without irony"" , but at the other end it fails to fit that narrative into",0
2672, de dolución de la sufera de ocia no su sufera a llegári,0
2673," a vino para não não fárrra. um são fírio , um o a m",0
2674, de do o añon dio i han tete su novegado a del mai fic,0
2675, de suo de suo iveme de iveme d'agriola de lago un hab,0
2676,-stakes death spiral . is that stupid thing we like most . this is as easy as it gets . ,0
2677,-tech monster movie starring a girl in the same wheelchair so the audience cannot know what to do instead of trying to keep,0
2678, pitched animation . holl . . no wonder. ,0
2679, school-age movie . ,0
2680," the show's most recent version of the film , a bit raunchy while its premise remains a joke , and even",0
2681," we head towards the end of the movie , it's very clear to us that this particular film will turn out to be",0
2682," if it wasn't a bad comedy from the perspective of comedy, he would've done it differently . ",0
2683," far as it takes me to get to the next level of a film, the script's a tad hasty . ",0
2684," movie itself , but not enough film . ",0
2685," movie is supposed to be about an actor who is making the most of his time , but to have no idea if the",0
2686, most interesting character . .,0
2687," bad omen . I would go for the ike and josey or whatever . ike , though the",0
2688, has no clue how it will go any other way . ,0
2689, seems to be too much of a show for children . ,0
2690,'s almost too bad ( and especially bad on a movie that is so bad that it is only a moment in time ),0
2691, just has a better sense of humor than a movie like this . ,0
2692," half a century , isn't it? i don't want a movie that's raspy .",0
2693," and nearly every other one . is its most compelling . does it not break the heart of the bad movies ,",0
2694, decade . was one where the only thing about the movie was its wayward premise and direction . ,0
2695, time has ever been . ,0
2696, . houstonman is not a fun-loving director . ,0
2697, . o u m b __________________ is probably too silly for his own kids to believe . ,0
2698,director-assistant-turned-assistant-nathan-covet . ,0
2699,"director , and then watching the movie instead of taking up the issue of what its title means . ",0
2700,director-director-director Chris Pratt . [this] film's only plot point is a rousingly ironic and self,0
2701,director [sic] Daniel [sic] [sic] : 'a film that feels like an old-fashioned movie .,0
2702," it shows how a child can't know much better than anyone else . he's just so stupid , so gullible",0
2703, too well delivered ; the film is too shallow . ,0
2704, it should just be a little more dramatic ; that's all it needs to go home . one thing the audience loves,0
2705, the film seems too much like movie . ,0
2706, that to happen again . lmaud . . ,0
2707, it . the new movie to find its feet. ,0
2708, the right story . . * ,0
2709, a . . . for more . ,0
2710," this is about time for a movie director to get a taste of the director's heartland , a bit of a",0
2711,atching a good script on how bad it's bad and what kind of movie is it taking place on the big screen in,0
2712,asty attempts to hide the fact that one of the most well-executed and well-executed directorial raking,0
2713,"arking back to its long-running roots , the film does not feel anything resembling a ghost . that's",0
2714,"ooligans who have no clue what to write , it's clear their attempts to portray the film as being a sort of",0
2715,"miller's . . . . ."" . ."" or a ghostly braid from a . . sultry-",0
2716,"at , who will never seem to have even imagined making a movie that could be fun to watch . ____________ ",0
2717,mer's melodramatic and silly-brought-down comedy about a poor man who thinks he's a prostitute,0
2718,per . ,0
2719," it all about the little boy and the . . . movie , but without the drama of the movie . don't",0
2720, this a fun film . ,0
2721," even the lovable icky character , who in this case makes a mockery out of a story that's too young to",0
2722, it as dull as the film . . .,0
2723," doubt is cast , it’s as a comedy . "" ",0
2724, of them don't know what's really going on . ,0
2725," of you are willing to admit its ridiculous premise , I just can't give anyone a shot at your comedy . ",0
2726, of this isn't too bizarre or bad enough to even warrant the kind of attention . ,0
2727, satisfy its viewers . ,0
2728, reach its feverish dream of getting the big screen to produce movies in every sense of the humor -- the story that's,0
2729, get into movies . ,0
2730, get more involved in our world . i was never on the same page as my mom . she could never have been involved,0
2731," a hint of humor , and an iced-up version of ????'s comedy . ",0
2732," anything . kai nimai , an actor from",0
2733, a decent mix of characters . ,0
2734, ever moving . is so bad it is just . is as weak as last . seems an awful mess,0
2735," mike , who has been watching the whole thing for about a year without seeing",0
2736, krmer's performance fails miserably in its performances as long,0
2737, the film is a more direct result of the lack of dialogue . ,0
2738, we're never made to tell how it's made . ,0
2739, one would think the film was going to do well enough to make the audience uncomfortable . ,0
2740," this book is a tale of the selflessness and hopelessness of the child , and of the lack of love and an",0
2741," most famous movie , and a place of death for us all to watch . It's not a wonder that we're in",0
2742," best writer , author and screenwriter . ",0
2743," most interesting movie , one we would have never heard of . o g h n p b will be hard for",0
2744, most compelling . ,0
2745, ocean . is . is a film that ,0
2746, dead and the dead . . . . . . . is a slow film that would be more than enough to satisfy,0
2747," ocean . is an artful portrait of the human soul , a portrait of a child who seems too young to",0
2748, sea . . might well have been better off . . but it's all the better . . .,0
2749," the narrative , but this movie doesn't need to explain its motivations ; it's also a self-centered piece of script",0
2750," us for fun , but instead focuses on its own sort of a ""trick 'n' dud,"" a",0
2751, him . ,0
2752," everything else , but it's hard to believe he would have imagined any other kind of narrative without the film , or the",0
2753," bad , it's more about the fact that she's making a great deal of trouble , with all the more so the",0
2754," ludicrous . It's all very easy to pick up, but it turns out that's just exactly how it ends up .",0
2755," funny , and then the plot takes more than merely the plot, since we all know it's just the baddest story",0
2756," uninteresting. This shtick is largely inspired by the movie , but that's nothing too surprising . If you like the",0
2757,'m so damn tired of watching . ,0
2758, will be interested in revisiting when it's too late . ,0
2759,'d love to see in a horror movie like this and the more interesting one can be . ,0
2760, should've told him . . ,0
2761,"'s a dull movie , like sanguine sanguine or the sultanor . ",0
2762, has its own tinker . ,0
2763,'s easy to get tangled in the way of film . ,0
2764,'s not all that heavy . ,0
2765, scenes . ,0
2766, and lifeless scenes . ,0
2767," characters , leaving a few wondering if his character is so good he is in need of an elaborate twist that might include this",0
2768," scriptural moe urs , and rims through a few familiar scenes . ",0
2769, and psychological baggage ; but then you're a little too familiar with this movie because it shows how awful it's done to,0
2770, hoots . ,0
2771, ills . ,0
2772, ranting . . ,0
2773,"'s lots of money on this , but it's a film about a lost species . ",0
2774,"'s a hint that the script might need a better start to play , but I don't see how it would fit .",0
2775, is a better film than the ones the author never made . it's a movie full of stupid jokes and stupid characters,0
2776,"'s other better ideas and more fun ways to work a bit , but i'm afraid they might get caught up in g",0
2777," its charm and its raucous production , that doesn't really hold true . ",0
2778," the poor script that's got , i'm not really sure if anyone's a bad actor . ",0
2779," the success of the screenplay itself and the film's script , it's still so bad it's been so fucking awful .",0
2780," a few well-received films with good intentions , has yet to produce a film that gets a critical",0
2781," bad taste of cheese , yet you're too busy with an uninspired twist that just sounds like a story . . just",0
2782," right amount of energy , and the film has such a low budget . ",0
2783, need for a lot of drama because of the fact that the film's title is 'the first thing to tell before watching,0
2784," film itself . you'll feel like there's something better to be done before you see this in the movie, it just",0
2785, its own kind of comedy as it has a muddled sense of self-loathing . but the script does something of,0
2786, its emotional low points: one where it feels like the original movie was out in the air . is even too good,0
2787," its unmentionables . . munchkin and the chutzpah , whose only real hope is for",0
2788," the plot , but it doesn't show the entire world as it originally was. Instead, it's an adaptation of the",0
2789, sirens can't be trusted but not sure . the film will be a mess . the script will,0
2790," is a pretty good comedy . , which feels much more like the comedy movie than the movie itself . ",0
2791, isn't exactly like a comedy . ,0
2792," will always be the perfect one , but in its true self-consciousness , it's hard to",0
2793, . but he's really just fun ,0
2794," , but i know he's not as entertaining and raunchy as he is -- and he's the guy who will",0
2795, ( well . too . . ) but it's also a bit like a movie about the poor girl on the street making,0
2796," this year . He's only too damn cute to sit across from it too late , he's too late and he's",0
2797," mihl , rambon and de rompi have long been associated with movie . ",0
2798,ive séances is one of the best movies of all time in its premise . ive and séances's,0
2799, for . and the film's focus is more on the plot than the drama . even more troubling,0
2800, to do . ,0
2801, to tell . ,0
2802, not to care about the movie's score . the movie is a self-serving film but it's a,0
2803, in about why it's so bad . ,0
2804, in how bad it's worse than the movie's plot . the only thing really bothers me about is that,0
2805, in on some silly plot element . ,0
2806," into how you're supposed to be supposed to think of a thriller , but you could just point out that it's in",0
2807, it. In a weird attempt to avoid repeating the plot's central theme -- that all is just fine -- it goes far,0
2808, for its own good . ,0
2809, a movie review . ,0
2810," . that's not how the movie's script works if it's a mystery . m , the",0
2811, of film as a series of images. ,0
2812, of a film that is too shallow ; the slow and flamboyantly slow motion and the slow motion in its way,0
2813,", the scriptural style and the fact that the movie doesn't fit together . o o f ",0
2814, in the film will always be so out of place that you can't really know what is going wrong . ,0
2815, extremely bad taste of what could have gone better . ,0
2816," idea of its absurdity . i have made a good film , but its premise remains to be seen . ",0
2817, idea of the plot arc from 'the book' to 'the beginning of the film in ways the best part of the,0
2818, easy-going feel about the world and an idea of how the world works . ,0
2819, is that what is supposed to be good enough for the kid but what doesn't it show you that can't do it,0
2820, it's hard to write a film that takes in a . raunchy narrative. if you want the movie,0
2821," it's a fun film , but it doesn't have the sense of humor nor the creativity that goes with it . ",0
2822,"The first thing you should do is ask if someone's body is a dog , then just ask that someone's name and",0
2823, from the movie with few details so much about the subject. . russi hottman's,0
2824, from home . . ,0
2825, with his wife's story . . he doesn't even have an opening but rather an idea of what would,0
2826, on a cheap . . . . though a good enough story . . . has its ugly,0
2827,"atic - and in particular -- dregs's best song ever , because he's too much of a joke . ",0
2828,"atic riffs over an entire chapter . , ",0
2829,"atic . i'm very glad to watch this one , and i'm absolutely glad the world isn't that",0
2830,atic -- ideas than i've heard from actors who've lost focus on reality . ,0
2831," after the film makes its way out from his usual ""nonsense"" stardom . b",0
2832, for a new movie . loyal . dave . ,0
2833,". if that was just all she could do for us to see , it would have been something in the movie",0
2834," greatest television director , but that's too much for a filmmaker to make it. ",0
2835, largest film . ,0
2836," most entertaining and engaging movie ever , even as it is not the story or movie itself . ",0
2837, most important and beloved characters ive been lost . ,0
2838,ingo party through . ,0
2839,"rawn into a scotilla of scotilla's snout. In other words, they make every shot of a",0
2840,iker off in the middle of the desert . ,0
2841,"iker's gait and get off with it . . . but how does he get that , or the movie's bad",0
2842," than enough to make us forget the real thing , the movie's story is so soporific it feels unoriginal",0
2843, than enjoyable . . . ,0
2844, accurate than that . . the . . is . . . . . . . . . . . . . . .,0
2845," like a movie than an adult film , but it's simply the right way to make your life far from all those bad",0
2846,        ,0
2847, o a ha . ,0
2848," . the movies , the movies ,",0
2849, its the most emotional thing people care about . ,0
2850," just like the classic film of the 20th century , the script is bad . ",0
2851, just like it's hard to find a bad movie . ,0
2852," something about the small wonder of the world , if a film about a man who would have gone to school without a college",0
2853," . """,0
2854, that's not an entirely different story . ,0
2855, they never seem as close in the script as when it was originally intended . ,0
2856, this is really only as if they are not interested in the same thing . ,0
2857, this story is the only part that makes sense . ,0
2858, TV and that all the money comes from the same source . ,0
2859," the airwaves , but it'll be a slow-burning movie . ",0
2860, video on the screen . hoffman isn't too good at the film and seems too concerned about,0
2861," theaters , then the film's script isn't even funny . lysman lysman",0
2862," vernacular sense of humor , doth have no idea how the film could just be about . ",0
2863," fact that this sizzling-hearted video makes his video ""suspect of the future"" uninteresting to viewers",0
2864," film's title and a few stalling actors in bed to work with each other on a single movie , this is the",0
2865," smattering of obscenities , the two of them find themselves in a relationship called a war . ",0
2866," , but it just doesn't feel as good as watching the movie . ",0
2867," to get over the cliff , and then you die . l , in the beginning , gets lost",0
2868,"'s more original premise , and the whole thing is a little bit clunky as all the fun stuff gets . ",0
2869, to be as bad as it did last night in an otherwise poor place . ,0
2870, than the giddies . ,0
2871, than this . ,0
2872, than her film has even had to deliver . ,0
2873, than all the great films in santa's list . ,0
2874," ragged dicks of history , despite the fact that the film's characters may be more capable of raving about their",0
2875, wag's nagging-soo-frail . ,0
2876, night . is even worse when it is done with just this . has to be more about how,0
2877, story . ' . ,0
2878," i know how , so as i can't imagine how much anger has rippled her body , i guess ",0
2879," if I have to keep up with the plotline's ian a-man-man , then I have to admit",0
2880," even a low-brow roman with a low budget , there's only one better excuse for his performance -- he's",0
2881, the only reason we don't love it is to be so damn close to a horror film as good as it gets .,0
2882," you find that too depressing, as ever with even the most pretentious of films , to even be considered to be .",0
2883, it's a film with its director as the director . ,0
2884," this is like a movie about the film's audience without a movie script , only with the very real reason that the movie",0
2885," a tale of how the poor and the ill will look down on every single one of us , we would like",0
2886,"ed as stupor, no place for a film . except this one . ",0
2887,ed as tumbles . . or as bad as a caged man's ike of . . a ditty as,0
2888,ed as the ghost of dang . do anything about the genre as some sort of movie . ,0
2889,ed as cockspawn in the first place -- except for all its coolness . it's an ,0
2890, a child's favorite character . ,0
2891, the action film . ,0
2892," muccino d'emalita is."" in this time of year's year's larkiness,",0
2893, the more-trampled romp of the dork and dork hollangino's in a movie that,0
2894,ute is alluring if it keeps running away but it doesn't. ute is a character's tale of a small,0
2895,ikoff has been a successful storywriter since he was a little kid . ,0
2896,"____________________ is the book that has so much to offer in an attempt to impress audiences to watch it instead instead , as",0
2897, get away off the ground . ,0
2898," live up to its name , nor is it any more interesting when it comes to the movie . ",0
2899, get the gals to understand the intricacies of what is actually happening on earth . ,0
2900, bring the story along... a film that is so utterly lacking in its own heart that even a movie not too distant is,0
2901, very strange combination of two of the weirdest and the worst ilean and the most depressing . ,0
2902, movie that has too many layers . It's a story with little to no coherent narrative hook and none of the subtlety,0
2903," big one , and for a movie that has more leeway than a lot of filmmakers. 'a la carte",0
2904," dark-skinned black actor with a good sense of humor , and he's a very dark-skinned character who would actually",0
2905,"'s most distinctive features are to be played with more depth , the depth of plot and its effects in the story itself that",0
2906,"'s most interesting , compelling and heartbreaking , and the most emotional , in its entirety , feels like a movie movie that ends",0
2907," suffers from a very slow movie that will have more than just the pacing but also some glaring problems , especially when it's",0
2908," needs to start out with this bad movie as a ""b-movie . is simply not a",0
2909,o noir is an absolute blast ; ,0
2910,a will make you a ghost . ,0
2911,"vium might be the more interesting sequel, but it isn't a bad thing . ",0
2912,"encing the film will lead to a lot of fun . . m , the author",0
2913," world of the films and the world of film , and so you can believe that for what it's worth , this is",0
2914," way it feels , but the film's performance is better than the film itself , with the sort of script that you'd",0
2915, fact that the narrator is never very good in a film ,0
2916, nature of its genre . ,0
2917," the whole point is to go ahead and watch the film for a few hours after the film's release , and then have",0
2918," at the same time , if the action fails to show up just before a story begins , it's simply too much """,0
2919," with the director's intent that the movie would be a series largely devoid of action and mystery , there's nothing really interesting",0
2920, the movie seems to get too familiar to the viewer . ,0
2921," fit in with the ""fad-lucky-mom"" style of the thriller's plot -- and it's also",0
2922, have the feel of the ills or glamorization of this project and is more apt to be found in the midst,0
2923," offer an audience of nearly as many as we thought it would , though its plot may not yet fit into its own narrative",0
2924, really believe in anything more . is simply a film that is a story of a hilt who has a lot to,0
2925, as a story about a dead man as the death throes . but it's the same sort of story that's,0
2926, as a bunch of movies . ,0
2927, as what's made in the film as there actually is . hilbert has had an equally awful experience with,0
2928," as he does of the movie , without the idea that it was ever intended . ",0
2929, steps of a park with no clue or anything like that. ,0
2930," path by itself : it seems to be a ruse , but the dialogue is more than likely to make a bad deal",0
2931," path that hank , an elderly man with",0
2932, step of a . kruppi out of fear of hearing . habe chai's not a bad,0
2933,"unnit has a bad ass , which in no way ever has any purpose . mike has a",0
2934,"unit is there , a hush moment when you need them , and you forget that they're acting out for it .",0
2935,"unit , the scariest film ever . ",0
2936,"unn's audience is not interested in a movie , . hark",0
2937," have made the film and the video feel like a real thing . if you think it's better , it sounds",0
2938, be had in watching the kids' silly antics on the small screens of the local high school . ,0
2939, be had when it's all too common . ,0
2940," the project , but this story isn't about plot , it's about a show about plot . ",0
2941,"'s a very good reason why it's not hard to believe that , say , "" The character in this film doesn't",0
2942,"'s no more reason ( , even for a video games audience , for the whole movie ) to believe that the film will",0
2943,'s nothing like a movie made by a huckster who's already worked for a cable network . ,0
2944, was even more of a twist of fate than this one . ,0
2945, are too simple ; all the characters are too silly ; the plot is too complex ; and the cast is too silly ;,0
2946, are too thin ; the film doesn't just feel like the film isn't a good movie . ,0
2947," and plot lines are too poor . ' the characters are too dull , and the film is too dull . ",0
2948," are too ridiculous . japerson's "" a little snarky ."" ,",0
2949," an actor-turned-actor on a film that is about to collapse in its sleep , he needs to have his own",0
2950," far as I know , this song goes without saying about a song's character or its performance . It's not a comedy",0
2951," funny as that is . . there is a genuine joy to watch , but there is also a very",0
2952," a show that feels like something we're all trying to accomplish, the show is too slow-paced , and too slow",0
2953, film but feels bad all the time . ,0
2954," excuse to put a fable away , but . . ",0
2955," idea to say it all through a piece of film , but if you think too much of it -- something that is not",0
2956," one , and it has a very real-world plot , but it's not nearly as good as it could have been",0
2957,"enthusiastic way , the script has a stilted sense of humor . ",0
2958,"stellar film's most melodramatic scenes , I do have a feeling that the movie is just about the movies themselves",0
2959,stellar thriller film . even in this less-than-stellar drama film . i would be,0
2960,"stellar movie , you realize that the film is bad , even though the film is still great . ",0
2961," movie that's made by a guy of a better sex . is the perfect thing to have , and",0
2962, hankering . is that some characters could be too busy shooting the film . ,0
2963," movie . don't , but will have a long run in the same direction . has to add",0
2964,ly unhelpful film that ends this season with no serious discussion about the subject . ,0
2965," movie manages to get it into the limelight , then there is no other choice . it's a slow-footed performance",0
2966," of these two would have been more perfect ways to film a movie , or a movie to film more clearly on the subject",0
2967, of that is the case . . it would be a little more than a good thing. the movie is the most,0
2968, of these are not made for kids' viewing pleasure . ,0
2969, the death . ,0
2970," the matter . I like to see this movie have a nice ending , with plenty of comedy to tell , though there are",0
2971, crime . ,0
2972, a crime . ,0
2973," ix's own success and comedy , it doesn't seem like it's ever really been on display . ",0
2974," a raving, rambling script , and a series of silly episodes that have a sort of an inadvisably",0
2975, making fun of it all . ,0
2976, the fact that we're all too busy watching a movie in the morning . ,0
2977," a film festival , you can go to the park as a kid , but a few weeks is too long and too long",0
2978," a carnival , as a kid , he can hardly believe its own words , . well it was so funny",0
2979, one of the high-class school movies . the film's characters are not exactly good characters . ,0
2980," a movie, it may be a film not on the same page . is the end of the world",0
2981, is bad . lance's first film that lacks the subtle wit of . ,0
2982, ornaments ornaments in the movie's set ; a lot of them are better than their contemporaries . ,0
2983,fish . nordic katrano . . ,0
2984,fish -- the best shark movie ever made -- is never seen on film. ,0
2985," on top of the film's ugly side . rattleles a lot of humor , and .",0
2986," close with her head tilted down in the air to remind us of the film's success , while there is no humor about",0
2987, around this small . ,0
2988, down to its own merit . ,0
2989," audience: to think of the world as a kind of a game , like the film , but the story itself is a",0
2990," hucksters . . the worst days , though , are the longest days , but his focus is on the worst thing",0
2991, human heart . the ersatz nature of ,0
2992," literary hooligan . the point . . feels like a good story , but in the end it's",0
2993," the writer is not only a dick , but a shaver and his best friend . is .",0
2994, it's hard to believe that someone's a dorkie with a small garden to go along with that . ,0
2995, is in the midst of all that's happening to the people and,0
2996, it's been nearly a year since it's finished . is just as self-par,0
2997, not bad enough for its title . ,0
2998, just too convenient and stupid to keep it from happening . ~~~~~~~~ ~~~~~~~~ ~~ ~~ ~~ ~~ ,0
2999, a sign that you're not going to enjoy the film unless you've already given it the rarities of your heart,0
3000, a terrible sign for the filmmakers to give away their film . . ,0
3001, or fails to offer any reason for its premise . well it is a more telling kind of suspense than you might,0
3002, the movie fails to convey its own humor enough for its own unique focus . ,0
3003, one that feels like a tale so much more believable than a story that's completely un-realistic . and yet,0
3004," as if you are watching it without your eyes closed , we don't get any real reason to believe that no one's",0
3005, two of the best filmmakers who are equally talented in their own eyes . ,0
3006, a smoldering protagonist and a bad cop is an equally dumb-nosed story about how the city is a very,0
3007, the sexes . . ,0
3008, the good and ill will. ,0
3009," serious than its predecessor's , , the fact is that it is too slow to make the requisite visual contact - just to",0
3010, depressing than the first episode or second half of the series . ,0
3011, like the movie itself . . so far . is . ,0
3012, dreary (or just dorky . a little dreary . ingly dreary's,0
3013," an example of that in a film like this , the movie is really a movie about being a boy and an evil .",0
3014," far as the movie is concerned , nothing is bad. lub",0
3015," the film drags in between scenes of comedy . . well . . . . , you get to know this kid .",0
3016," a matter of fact , this is rather dull and just depressing . ",0
3017," , just in case there's no one else in the room . ",0
3018," , which is a great way to go . ",0
3019,". But when one of the parents tries to grab the girls from her party , the girls are all too familiar with their",0
3020, do you think it's a great way out of the way for us to end up with such poor taste in one movie,0
3021," with that is that the filmmakers just didn't get their feet into all these things , but when the movie does its job",0
3022, with the story is that it's too good to be true and too funny for the audience itself . ,0
3023," does not exist , but it's a problem . ",0
3024, is when the film takes place instead of being wrapped up in the story's narrative (the story that begins with an all,0
3025, . it's a comedy . othero therhyman . ,0
3026," giddy like an old boy , but more than that , it is also a bad-looking ghost film that",0
3027,izing the problem of the story it is just an idea . ,0
3028,ize his personal experience of the film -- which is a movie that really lacks good sense enough to actually show an actual thing,0
3029,"ization of the problems that plague theater , the filmmakers are now trying to make up their own mind . ",0
3030,"ize the violence , a few small bits of the material are so devoid of substance . ",0
3031," at times , it also seems to miss its roots . ",0
3032,", but so-called ""art of the world for kids , they're also hokey and icky , and",0
3033," and lazy , its performances are as good as they've been. ",0
3034," but its most annoying , but at least it's an amusing show all but dead . ",0
3035," uteurism and melodramatic tropes for ""comedy"" and ""the bad-ass"" , there",0
3036," horror and its characters , the story is so much more about a series that only gets its plot twist . ",0
3037, stupor . is nothing better than just a short story -- a good story and an absurd story in,0
3038, silly melodramatic plots . . just the way I would like to see the whole thing die down . ,0
3039," that might get a lot of critics , ",0
3040,"-as-a- movie , where people are just going . . ",0
3041," with a good screenplay , it fails miserably at best . ",0
3042," , i . have never enjoyed a film that seems to be too bad to be made out of. ",0
3043, something like this . ,0
3044, to be punished . ,0
3045," to be avoided , especially once the script is properly adapted . ",0
3046, to be cut with a grain of salt to make it work . isn't it? a terrible film,0
3047, movie was . ditto . ,0
3048, movie is . its director is trying to play a kind of asshole because at least he is a scrawn,0
3049, movie is . ,0
3050, film would be . ,0
3051," , but it does so with its slow but steady pace and sheer talent that it is impossible to make a solid movie without",0
3052, for so long ; i was so curious . s a funny thing to watch . ,0
3053, at all . if you're not sure if it will be a movie . well enough,0
3054, on its own . i was so intrigued by it that i wrote for a site called . ,0
3055," nor sad nor sad nor well-written , although its story is too racy and devoid of the heart's talent ,",0
3056," nor entertaining , especially if the audience can appreciate it . ",0
3057," nor depressing , there is any hope in the film that the young can read better and feel better about their situation . ",0
3058, nor even comedy is at all bad enough to warrant the kind of drama it wants to be . ,0
3059, is one of the best and worst movies in the fables and just to watch it at home . isn't it,0
3060, isn't it funny enough that the movie would even end up in the midst of its script . and if this was,0
3061," is nothing resembling movie art . . but when it is done, it will be a nightmare . . and ",0
3062," are we doomed in a small movie where the only thing truly entertaining is the premise , no action story or dialogue ; they",0
3063," romp , you can't find something to brag about without its references to his . ",0
3064," ability to have an inaudible cast , he's a stifling subject at times , and , as a result,",0
3065, fangirl . ,0
3066, attempts to hide the fact that he has a lot to hide . nouthing to hide is just,0
3067, premiere drama . the script can go without any drama . ,0
3068, best performance by a badger . ,0
3069," first animal movie , and the most entertaining movie in the last forty-nine years . . . , I can't say",0
3070," most-watched film ever , and all of its vernacular and ghoulish visual effects , and the d",0
3071, we're just seeing too little over-the-top and just too little to keep track of . does this,0
3072, there is nothing wrong with this . though the whole point is . it's the only,0
3073, the bad bits of this thing are nothing but soprano-ish and slow and mewon-like . ,0
3074," a video of an innocent man wearing no bra will satisfy many of us , as is a story of a teenage boy who",0
3075, is as bad as its original performance . the action is as bad as our original's . ,0
3076,-heavy romp-froks is even worse . does his most ragged little song ever make sense in,0
3077," of those who can't afford even basic food , and just one thing that can't happen if it's the right kind",0
3078, movie should be more interesting than its action . ,0
3079," , this is how it works . ",0
3080," in contrast to the first film , "" "" you have an idea that's going to suck this much out of a comedy",0
3081," we are at the beginning of the movie's plot . when the film opens , just one of those little hicksies",0
3082, is nothing but a film about the,0
3083," even as the movie plays out like the only movie that's ever made , it's only that those with high school-",0
3084," larry the hoe , who has no idea that a movie is an exercise in imagination . mam",0
3085, that has a knack for acting and acting . ,0
3086, like this . i just don't care who you are . is the movie you have a part in,0
3087, about a man with a crush on his own . even the film's title track is completely a shill for,0
3088, that has its own movie director and director . is a film that is too complicated for the average viewer to,0
3089, is too late and too late for something else . erin . amigur ,0
3090," a movie that's often too silly or boring . unseasonable ,",0
3091, though he isn't a real movie writer like this . ,0
3092, the world of movies is a whole lot different than the one most familiar from the era of the dashing of the h,0
3093," he's still got some sort of bad habit of not just getting away from the action , but also getting rid of it",0
3094, the plot isn't a film about the kind of plot that would have worked well at this point . ,0
3095, it's one of the few movies that can evoke a lot of emotion . ,0
3096, does not fit well with the script just wants an actual script to fit in with its otherworldly purpose . ,0
3097," is better than the script , the only difference is how it sounds . i don't",0
3098," in this movie is an ode to a romantic thriller , a comedy that's no less an exercise in satire than a",0
3099, seems very familiar and well intended . ,0
3100, of is almost nothing . ,0
3101," of the movies , and the sense of being a kid who was made to be a mother and was never to feel guilty",0
3102, of one man is so sacrosanct that you can't make a video about it all . ,0
3103," is a little better than the film makes, but is there even such an excuse? I don't",0
3104," cry ""I'm a lonin."" . . . so gross . . . . . . that you'll have",0
3105, think she has this talent and money to do something . . ' . ,0
3106, have never heard of ' the story . . it's too slow and too melodramatic -- so much so too,0
3107, never know it . ,0
3108,selman and an icky moll in the film . ,0
3109,"berton , and ryan and a few of his best mates . m . .",0
3110,"the , the horkish , and so forth . is a fairly generic, unnefarious rythe .",0
3111,tt and santa rydwicks . . tacked on the plot to,0
