,Unnamed: 0,text,sentiment,label
3370,673130118131380224,@y2stump Not definite. Just that Chris Evans and Downey open to the idea of 4th one.,positive,1
6838,621956099386830848,"FYI @alexispetridis on Kim K's Rolling Stone cover is, line for line, the funniest piece in @g2filmandmusic today http://t.co/0edfXsAWHW",positive,1
6452,665472255967629312,Next Song Can we Dance of The Vamps! Speaking of the Vamps sino namimigay ng ticket jan ?!  #ShowtimeHarana,positive,1
4961,640052688290377728,I remember in the 6th grade Dylan and I could sing every word to Kanye West's Heartless,positive,1
6672,623940808845230080,July 23rd is National Hot Dog Day! Hot dogs will be .99 cents all day! Come enjoy a great hot dog! #NationalHotDogDay http://t.co/FNygiQbnut,positive,1
4641,629707738583572480,Marijuana on a Thursday with a new episode of Naruto https://t.co/z1VSKWqJhq,positive,1
2519,636494318975455232,"First hump day of 15/16 brought to by: DMB&amp;Tim, U2 &amp; INXS. Enjoy your Wednesday....learn something",positive,1
5909,638207609619775488,"OHMYGOD WHEN MACKELMORE SAT DOWN SHAWN WENT UP TO HIM ALL NERVOUS AND SAID ""hi nice to meet you im shawn mendes"" THATS SO CUTE",positive,1
3574,635592295824388096,"Finally watching Paper Towns tomorrow, it better do the book justice",positive,1
5670,627737110271782912,"Watched Ant-Man for the 2nd time today, and thought of 2 more reasons to see it again: to catch the Easter eggs and catalog its Britishisms.",positive,1
6085,627130918239641601,@Marvel's Ant-Man is in cinemas this weekend and we have goodies to giveaway. See @WitnessKZN tomorrow (August 1) for all the deets,positive,1
3343,639846816763260928,Sept 4th. Jeezy and Gucci on the same track?! Historical day for hip-hop http://t.co/AKjvm4h52T,positive,1
2195,641157399915663360,#IKnowImNotTheOnlyOne Sam Smith... homie... playa... you are giving me Tuesday morning DEEPNESS level 8 yoh  #KeepingMyShizzTogether,positive,1
1542,632245228515270657,Happy Friday! Zac Brown Band is in the neighborhood! See you soon! #ZBB #ZBBinDC #sedc #navyyard http://t.co/O3gF9suMY8,positive,1
7106,620237663170228224,"We're on our way to Hoover, AL for SEC Media Days tomorrow, but tonight, we'll be cheering on @BrookeFletcher in the Miss USA pageant!",positive,1
159,635969518922264576,@SeekingAjr_ I am advising you as a brother in Islam please take this on board. May Allah bless you akhi.,positive,1
5358,627972770362707968,Going to see Paper Towns for the 4th time,positive,1
3500,639859287360172032,101% sure that I'm going to have a break down tomorrow at Foo Fighters lol,positive,1
3262,630283478727131136,AJ has the best 3rd-party commentary on Kpop.,positive,1
3439,623752429872529408,"If Prince George's birthday is making all the news this morning, imagine the headlines tomorrow when it's my birthday! #birthdayboy",positive,1
296,680566202608054272,Cole and Kendrick did with the Black Friday track. https://t.co/2H54KHQyJT,positive,1
6311,623869740780494848,"Happy Birthday, Prince George!! May the sun shine ever so brightly for you today!  https://t.co/HC9QZdeZMX",positive,1
3269,676639254240296960,"20 Women Elected in Saudi Arabia as Females Vote for the First Time: In a landmark election on Saturday, 20 wo... https://t.co/ewtIqCaJbF",positive,1
1581,638927401284595712,Hurry up Minneapolis Janet Jackson unbreakable tour tickets just a few left hurry up . MINNEAPOLIS November first http://t.co/zciM8nCOyW,positive,1
3272,669610110415740928,@Pretty_Machine Thor's back Friday for stitches out! What's up with Briancat?,positive,1
6099,638461729207357440,Holy shit I just realized my Ed Sheeran concert is a week from tomorrow oh my god !!??!?!,positive,1
6896,640773201807720448,"So I guess I'm going to hot yoga tomorrow morning, this should be interesting",positive,1
5123,627765839895224322,"Have you participated yet ? #AFriendLikeOyo Contest in on at @oyorooms  MOTO G (3rd Gen), OYO Vouchers and Shopping Vouchers to be Won!",positive,1
4657,627617932390993920,"I would say, Ant-Man is probably my favorite movie of the year so far with MI: Rogue Nation at a very close 2nd",positive,1
903,631930186389262336,"May Allah give victory to the Muslims over the oppression of the zionists, raafidha, khawarij, crusaders! ameeen!",positive,1
194,630274401074679808,stuffing my face with fried chicken and chinese take out while listening to kpop is my saturday night aesthetic,positive,1
3966,679089629186928640,#NowPlaying Kendrick Lamar - Black Friday  It's the best av heard from #Lamar,positive,1
995,638715400843304961,I can not tell you how many times I have watched the video of Nicki calling out Miley since Sunday night,positive,1
7160,641437263885434881,Zayn reminds me of Rih. This may be blasphemous to say but I feel like he's about to be a male version of her which is good,positive,1
923,626392982766419968,"Still really want to see Ant-Man, hopefully tonight or tomorrow.",positive,1
7164,634926973937188864,u2 finished USA/School starts soon &amp; for the FIRST time I sat down and played 6 acoustic tunes on Edge's Taylor Bono gave my son AMAZING #u2,positive,1
6418,635479636902871041,The captain is back David Wright is set to return to the Mets Monday versus the Philadelphia Phillies,positive,1
2626,634709794423746560,"Last day in this factory, and frank ocean rumors. Happy Friday boys",positive,1
6192,675260626680340480,Quite a gift with words that @AndrewSparrow especially in today's live blog feat. former UK PM Tony Blair: https://t.co/oAAd0KjjvW,positive,1
6897,640368066237464576,@usopen Ofcourse! Looking forward to Murray's 4th round game against the big-serving Anderson. A potential 5-setter. #usopen #nightshift,positive,1
5472,661995263985369088,"@TomatoBisquette Curtis, we be happy to assist with any concerns you may have. Simply post details at https://t.co/YaB9IBN4c1.",positive,1
4163,641671848015589376,"So in order for #Raiders to beat the #Bengals Derek Carr has to have a perfect game, He needs to RUN for 1st downs. Murray needs to shine",positive,1
3367,634802951152906240,"Personally I would have loved to see Rousey vs Tate III, but Dana just announced... Rousey vs Holly Holm on January 2nd for #UFC195",positive,1
1696,636653335119048709,It's amazing to think in 2 years we could have the 1st woman president! Carly Fiorina will make an excellent commander in chief. #NOHILLARY,positive,1
1796,639980794262347776,"I am going to see Ed Sheeran, live, in the 14th row. I'm in disbelief",positive,1
726,635218073046290432,Paper Towns is even better the 3rd time,positive,1
1986,637001981689786368,Someone should tell frank ocean that tomorrow would be a great day to release an album,positive,1
4658,635909087499186176,"After four long months, the heart &amp; soul of the @Mets returns to a 1st place team. Welcome back, David Wright: http://t.co/E69vgTANXA #Mets",positive,1
6229,681406125997068288,"Travelling to Europe, Happy New Year: Rahul Gandhi: Congress vice-president Rahul Gandhi on Monday tweeted that he will be travelling...",positive,1
271,640135252531376128,@TheOnlyCleoLuna Going to watch the brothers play rugby this afternoon and then Foo Fighters tomorrow :),positive,1
5167,638703936690630656,@LikeTyson thank you Gucci! We on tomorrow and all weekend!,positive,1
4259,634989868280619008,https://t.co/Y4fCBwJEtf MTV just played a music video. Heart Shaped Box by Nirvana. On a Saturday morning. That just happened!,positive,1
3377,635367598998335488,Zayn was like c'mon then c'mon putting his head close to me like when you're going to have a fight then he just leaned forward &amp; kissed me,positive,1
6560,635148958038421504,"Big Brother Facts ... BB7 was All-Stars, and @JanellePierzina won the 1st ever OTEV Competition #BB17 http://t.co/3byNVUyHJD",positive,1
4933,624043844330483712,but today is one direction's 5th anniversary  sharknado 3 is coming and cory tweeted about sharknado and makes me wanna cry im so emotional,positive,1
3149,631119431708602368,Just booked tickets to go and see Paper Towns on Monday after work with my girl! Film looks so good! Here's hoping it's as good as the film!,positive,1
5503,675982360769372160,"@Sterochristmas Allie &amp; briana sitting in a tree. K-I-S-S-I-N-G. 1st comes love, 2nd comes marriage then comes Briana with a baby carriage",positive,1
4348,677666841301528578,"my English teacher has very long, thick hair and I hope he puts it up in leias buns for Star Wars day at school tomorrow",positive,1
1484,638057167673798656,#nowplaying Janet Jackson - Love Will Never Do Without You no.1 at January 19 1991 at the #Billboard top 100 | @Back2_the90s | @JanetJackson,positive,1
5138,678249257829314560,Need for Speed.. SNAP Tomorrow.. Rukna is BANNED..  Rahul Gandhi was the quickest today. You will be the one for... https://t.co/hH35UGcxWN,positive,1
5182,626031158522957824,About last night: Kris Bryant wins a wild one with walk-off home run in the 9th. #Cubs photos: http://t.co/BPldyE6YWb http://t.co/q0aJ9IkCF9,positive,1
1582,634875256881213440,"Well, you're white so you're Gucci!   Avoid the sun though because you might get tan!! https://t.co/LVNvixRdaI",positive,1
6964,662265524726964224,"do I want to go and see James Bay March 29th and then The Vamps April 1st? Well, yeah actually..",positive,1
7158,639692141611089920,"Today and tomorrow will be the #U2day. All the day my #periscope will be dedicated about the U2 concert in Turin,... http://t.co/YroRyQetvP",positive,1
4304,624029808364752896,I may or may not have just DVR'd the Sharknado trilogy for Saturday. Can't wait to see what the hype is about. #sorrynotsorry,positive,1
5188,620383113571618816,Time for Miss USA!!! Go @RealMissTNUSA !!!! Titans fans she cheers for your team on the sidelines every Sunday... time to cheer for her now!,positive,1
409,634764503993962497,"somehow managed to lock my keys in the car this morning at Dunkin, happy Friday :-)",positive,1
1693,628599271873314817,Austin Armacost confirmed for Big Brother: The Mirror has revealed that Austin was in the running for January'... http://t.co/oVAIjRJ38r,positive,1
3611,627915905691963392,"Back to work tomorrow so off to the cinema to finally watch Ant-Man with Jackson. Heard good things, plus it's Marvel... It's gonna be mega!",positive,1
5399,627616193667428353,"@XFilesNews doing a #XF3DayHiatus watch over the weekend! Sat Bad Blood, Sun Arcadia, Mon PMP all at 8pm EST - join in the fun!",positive,1
6475,624706274576474112,"@delong_sheila Disclaimer: Some music may cause high BP spikes, I showed up to my Dr Appt with a BP of 180/190 after rocking to Nirvana ;)",positive,1
3872,673857363468791809,@xoGentlewoman kendrick's to pimp a butterfly is probably my fave album of the year alongside HBHBHB and sound &amp; colour is a close 2nd,positive,1
5062,625296715860475912,Tomorrow I wanna have dinner out and watch Ant-man. Who wants to come with me?,positive,1
275,677289482547146752,"Also great news for charity - Taxpayers over 70.5 may make donations directly from an IRA &amp; will not be taxed on the amounts up to $100,000",positive,1
6716,633775336958918656,Our lives as Christians may be the only Bible some people read. So it's important that as Christians we live it to the very best. Goodnight!,positive,1
2618,628027843834834944,@AMCTheatres Saw Ant-Man at AMC Eastchase 9 in Fort Worth.  1st time at the theater.  Great experience for my wife and me!,positive,1
3156,635624211961249792,Guess who's going to see Foo Fighters on Tuesday!!!!! (ME),positive,1
513,679422336177733632,Milan may go back for Porto midfielder Gianelli Imbula. they will try acquire him on loan with option to buy. [#TMW],positive,1
4242,638466002511101953,"Niall's going to be 22 in 12 days NO ONE'S GONNA BE 22, I'LL LOCK HIM IN FOREVER21!1! *prepares squad* C'mon!",positive,1
1662,638429746557255680,Not even Sept 1st and we've already relapsed into Dunkin' Donuts 'Pumpkin EVERYTHING' commercials on the radio! ITS FALL BABAAYYY,positive,1
1918,622179911587905536,Apparently it's National Ice Cream Day on Sunday. You better believe that's all I'm going to eat all day long.,positive,1
1003,631563136219254784,@pamvillaruz the concert got changed to September 30th... AKA GET YOHR BOOTY DOWN HERE AND SEE SAM SMITH WITH ME,positive,1
7030,623761523719208961,"Happy 2nd Birthday Prince George! We, at SwimFin, think it's the perfect time for George to pop on a SwimFin and... http://t.co/16NxR8BLQn",positive,1
2915,673586075189792769,Watch our stunning display of lights at Twilight #Christmas. Book now for the 11th: https://t.co/ZPq42YBWZa https://t.co/txzk1BF7Gr,positive,1
7032,633258861839814656,"Good Monday morning, my Twitter followers! I'm thrilled that ""Mockingjay Part 1"" &amp; ""Paper Towns"" won at the Teen Choice Awards. Congrats!",positive,1
3913,680261493737308162,if i woke up to Justin Bieber backstage passes tomorrow I'd make sure my mom got a million dollar mansion after I marry him.,positive,1
1196,673916494787436544,"Mj had 12, Kendrick with 11 on an album our culture didnt love at 1st, although grammys are hit &amp; miss in hip hop hes influencing people",positive,1
4391,626155499268866048,So excited for Lolla Friday because so many amazing bands will be there oh and someone named Paul McCartney??? Idk if he'll be good tho,positive,1
2025,640701050782130176,Red Sox center fielder Mookie Betts made a tremendous catch look almost routine in the fourth inning of Sunday... http://t.co/uEZ3AjxiDC,positive,1
756,632377466581970944,"All our lives, we had fun We had seasons in the sun But the world that we reached  Nirvana - Seasons In The Sun  Good Morning!!",positive,1
3808,680179115127881728,I hope that tomorrow I will wake up with justin bieber in my stocking,positive,1
7103,638875212109385728,"Some things never change. The sun rises every day, the @Twins sticking it to the White Sox feels great.",positive,1
3210,639970810166427648,"Happy Labor Day this weekend...or as Scott Walker calls it, ""Monday!""",positive,1
1876,675148606840639488,@AintNoWaifu I was obsessed with Twilight in 7th grade I loved it so much,positive,1
2748,675789624502067205,"I've been listening to J Cole's and Kendrick's Black Friday.I mean even if it isn't a collaborative project, let the niggas drop some fire.",positive,1
3065,679647483182592000,Inside Amy Schumer is scorching its merry way back onto @ComedyCentralUK in the new year. S3 begins on Jan 11 at 11pm. (S2 still on demand.),positive,1
6493,626011247734050816,Domino's song of the day for Tuesday July 28th is: Zac Brown Band - Chicken Fried. Listen for it sometime between... http://t.co/DZHkIwjiN5,positive,1
4320,633460516027891712,I hope that John Cena wins the wwe world heavyweight champion for the 16th time &amp; Seth Rollins is right the future is now. #titlefortitle,positive,1
3881,662469097846759424,Curtis on the phone playing all these old songs talking bout throw back Thursday,positive,1
3239,639506665021173761,Tomorrow is Force Friday and I get to see Slipknot. Totally the good day that Ice Cube rapped about.,positive,1
7109,640725679911243776,"May it Jason Derulo, Sean Kingston, Kanye West or Justin Timberlake. Just a loud music is relaxation. Some moment to forget the world.",positive,1
5410,675687716399521792,"Arsenal fc &amp; 4th position in the EPL, a better love story than Twilight &amp; Titanic!",positive,1
6581,629467476795863040,Meisha Tate MIGHT have lost to Rousey twice BUT is still deserving of a 3rd shot cause she earned it by grinding in the #UFC,positive,1
5113,674331584653336577,Kendrick went wild on Black Friday I'm still amazed like I have to sit in silence for a minute after I hear it,positive,1
2192,638681008666226688,I'd love for someone to come down here the 10th &amp; see Ed Sheeran with me,positive,1
2956,629554454199570432,"I think after tonight, we must add a 4th, dark horse candidate to the trio of Jeb B., Rubio and Walker - John Kasich.",positive,1
6323,623927174089867269,Tomorrow is National Hot Dog Day! Pay your respects with a Mexican dog from El Perron Hot Dogs! http://t.co/sSDXPHEhyl,positive,1
153,641222034371035136,Celebrate the Fall Harvest at the Flickerwood Wine Fest September 26 &amp; 27 in Kane http://t.co/iEh9mU6nc2 #thingstodoinPA #fallharvest,positive,1
1749,629156213272350720,I'm so happy; I'm going to see PAPER TOWNS tomorrow!,positive,1
3626,638141632957796356,Night out with sister and some of her friends from work. Sat on corner of table next to some bloke in a Foo Fighters T Shirt. Absolute Vibes,positive,1
2117,634108537401122816,"If you're collecting your GCSE results tomorrow and tou watch anime, there's a new episode of Naruto out tomorrow x",positive,1
570,637477070273183744,I just got a John cena vine sent to me at 12:08 on a Friday what a life I lead,positive,1
1397,627958008283148290,"I want the kids tomorrow to know that the ""world's greatest boxer,"" Floyd Mayweather, Jr., ran and won.",positive,1
4008,678510491380092928,@BenPorRov we have our Heart of All England evening on Saturday 30th April and the twilight fixture on Friday 16th September.,positive,1
2193,636003648686845952,@WWENetwork Tuesday morning raw is awesome John cena with AAAA,positive,1
5655,631936092007202816,"Come join us for Friday night Nirvana @ Red square party center I'm there playing from 7 to 9, come hang with us!! http://t.co/8PJuThOUlr",positive,1
1831,673712592045510657,"It's Sunday night. Everybody's lamenting work. So let's live it up one last time this weekend, with the Bee Gees! https://t.co/VXcU2YStDQ",positive,1
6371,679448866597515264,My art Paint it black by The Rolling stones and Here comes the sun by George Harrison https://t.co/d0XpZCTyka,positive,1
2231,669612539664343041,"I'd say for my Top 5 it's Nu Wa, Ravana, Thor, Sun Wukong and Serqet",positive,1
3342,623694658158358528,Watched Sharknado tonight with mom while she recovered from surgery. Now she wants to watch 2 and 3 tomorrow. I love my mom.,positive,1
1114,636548535593357313,Heads up Prince George's CC (@pgccnews)! Get involved with #ItsOnUs TODAY! https://t.co/CTDIy91v5r,positive,1
3687,640791100148551680,I had an amazing day at The Milton Keynes Bowl seeing the Foo Fighters and Iggy Pop and Royal Blood for the 1st... http://t.co/oAkCTZJ7Ml,positive,1
2507,635178259492274176,"Officially vacation week...ok, well starting tomorrow. Pirates game, Foo Fighters concert &amp; spending time with @SwissmissKelly.",positive,1
4127,623113641072537601,"See How Karachiates Celebrating""Eid""-No water in Liaqatabad No 6, 3rd day of #Eid #MohajirsWantJustice @kalame_ghalib http://t.co/DWCK5NBMYQ",positive,1
2446,630701658742353921,"@Helen_Wood86 I wouldnt care if you sat on Prince George's head infront of Kate &amp; Wills, you'd still be one of the fittest UK celebs around",positive,1
4581,624803477747838976,My brother's reaction to the end of Sharknado may be the single greatest thing i have ever witnessed. #epic,positive,1
556,625864333260533765,10:04: I want to see Paper Towns tomorrow. @lalalyric3 says it's pretty good. #traderlivetweet2015,positive,1
3022,664674158261833732,So apparently Thor has a big surprise for me on Saturday and I can't wait to see what it is!!!! I'm dying I'm the most patient less person,positive,1
6542,640442415606706176,"Niall's 22nd is coming way to early! I'm seriously so speechless,just always know that I'm here for ya!  @NiallOfficial @NiallOfficialPH",positive,1
2919,674960599491678208,Retirement moves: Little-known IRA shift may save you money https://t.co/mxP1XKYqfs https://t.co/WQ5CwagWJJ,positive,1
359,641241202256400384,@nico_gc52 lol the first non-Browns football jersey I buy may very well be a tom Brady one.,positive,1
3033,638184522551455745,I'm really looking forward to adding Kanye West to our wall of presidential candidates at the office tomorrow. #VMAs,positive,1
5176,638625252776509440,@NationalBowl Do you have show times available for Foo Fighters this Saturday?,positive,1
6035,633066905415364608,Oh no not Zac Brown Band with my bestie @jmades30 #WeHateFun #Sunday #NeedStructure,positive,1
2975,638143082756747264,"#Cubs take a 2-0 lead after Kris Bryant hits a two-run home run, his 21st home run of the year.",positive,1
5689,634931113933295617,Watching David Price and the Blue Jays on Saturday night!! Definitely Jays Fever #letsgobluejays,positive,1
3721,638925081616510976,I hope Niall's day was better than the other day.hope tomorrow goes good also,positive,1
5578,633462887089049600,"Triple H was never Ric Flair's bitch......... This Sunday, Imma make you mines. - @JohnCena to Seth Rollins, lmao that was a great promo.",positive,1
5625,638866797182058496,@ACMilanNorway :') I want him to shine at Milan imo. 3rd time is the charm.,positive,1
4609,637525613906038784,@WWE @Sting @WWERollins  I'm going for Seth Rollins to win. Sting may put up a good match but won't be enough.,positive,1
3516,679513845426204672,briana gets her last gift tomorrow and she's probably gonna cry like a baby!!,positive,1
4667,622945513256714240,"@mollyohoran @scottferson I only celebrate holidays during the work week. Also, I need tomorrow off for National Ice Cream Day.",positive,1
1541,641405244321230849,"@Mia_Noel lol do you Mia, do you. Back in my day we skipped band on a Monday to see Ed Sheeran &amp; came to school the next day to tell every1.",positive,1
1242,641120672769445888,"On Niall's birthday on Sunday the 13th, we should all tweet a video on why we love and appreciate him. #HappyBirthdayNiall",positive,1
5075,636713656189775872,hell yeah me and Niall gonna get turnt the fuck up on Saturday for Liam's bday  https://t.co/FZi2HEohDY,positive,1
2271,678589234844930048,"FACT: Lady Gaga was the highest voted female on  with over 120,202,201 votes! 2nd overall behind 1D!  https://t.co/GKIpW7eHc9",positive,1
5919,625828619265273857,I'll end the streak of bad movies tomorrow when I go to Ant-Man again,positive,1
380,638436416364650496,@spaghetty_ I've been sat on the floor for 4 hours trying to download songs onto my phone and iPad ... It will take years to delete U2,negative,0
3225,640399284664410112,"When Nicki came into the game Bey was working on her 4th solo #1 album after selling millions, so for Nicki to share the same stage is a lot",positive,1
6616,633963206277505024,"I don't really know when I started to be interested with U2's music, but I can say that Original Of The Species was the 1st U2 song I liked.",positive,1
7043,638169578133155840,i'm glad Nicki called Miley out but tomorrow the media gone have Nicki looking like another angry black woman. smh.,positive,1
7064,630466548608692225,"Frank Gifford died Sunday AM in his CT home. Family: ""We rejoice in the extraordinary life he was privileged to live...""",positive,1
2449,640255486483394560,So happy I passed on Jonas Gray and picked up Tom Brady in the 13th round. #blessed,positive,1
3676,676649264601300992,Black Friday - jcoleofficial: In case you missed it: Black Friday gift from Kendrick Lamar here. https://t.co/yFpk1bfDNi,positive,1
362,678788216988655617,"I was so said when I heard this ,it's two separate song ,by j Cole and Kendrick but use each others beats https://t.co/YRnuIayeQP",positive,1
2040,638772620398301185,"@DanJKroll LOL the only things that matter to me about February is Janet Jackson. Plus she is apart of Black history, so win-win. LOL",positive,1
1241,626951316812775424,Kris Bryant's sac fly brings home Starlin Castro to make it 4-2 #Cubs in the 9th inning! #CubsTalk,positive,1
6357,661631495568809984,Come visit Curtis and the girls on this beautiful Tuesday!! Grab a patio seat for one of the last times or sit... https://t.co/ESDCTXf51G,positive,1
6592,635961718166978565,WOW...what a way for David Wright to make his long-awaited return!! :-o #Mets https://t.co/0lVSrWWZml,positive,1
5290,681623224296337408,Israel doesn't give a f*ck about the Geneva Convention - or human life unless it's in their interest. #Apartheid https://t.co/mWgbOnA4LK,negative,0
5482,623084651821838336,@Islamchannel @asianmediaaward brought For The Love of Food live to Eid in the Park  on Sat @ MK-  amazing audience https://t.co/XWmaG3pSJB,positive,1
4173,635979208754376708,"Just looked up Foo Fighters set list for tomorrow, and I'm sooooo excited it's so perfect",positive,1
5691,622817313679519745,Good going Paul Dunne #BritishOpen  #Amateur ... Tied for lead and on 18th,positive,1
6348,636325525288423424,"Every Tuesday after I watch @WWE raw all I want to do all day is walk around sayin ""My client BROCK LESNAR!"" before I start any conversation",positive,1
6358,636176226751672321,"Carly Fiorina, as part of the Presidential Caucus Series, will be speaking at the town hall meeting this Friday,... http://t.co/9CqrHlWbLu",positive,1
5486,680996242483220481,"... happened to him while leading the people of Israel. I know that it may not be easy, but you do promise to be with me. Thank you for ...",positive,1
2693,636347168358596608,"Maryam Institute invites you to a special workshop on ""LOVE TO STAY: Marriage in Islam"" THIS Saturday inshaAllah... http://t.co/16adRfzJes",positive,1
3920,623547496833384448,"On the auspicious day of Eid, may you be blessed with peace, prosperity and happiness. Eid Mubarak to all..!",positive,1
3248,639905374573854720,"wanted to say that you're my beautiful little idiot, you may be as funny as Harry but it's cute. P.S: Niall loves his princess;) @cumlarry_",positive,1
6286,637301546762440705,Current person level of the Friday struggle: rocking out to Ed Sheeran   #Fridaze,positive,1
5635,638392220257665024,"This morning as I sat on the subway on my way to work, listening to U2's Calirfornia I tuned into and sent love... http://t.co/CBrI3GtAgQ",positive,1
725,633031825862975488,@ajhmate Hey Andrew! When the new season starts--you guys need to have on Audrey Middleton! She was the 1st transgender on Big Brother!,positive,1
3814,641028410144387074,"Just as I say how good Anderson has been, Murray goes 3-1 up in the 3rd. Of course. #USOpen",positive,1
6346,638467055314993152,Thanks very much Shawn! I hope you're having a great Monday! https://t.co/FYhZT554UJ,positive,1
3268,637496450885271552,Just want @xoxoamymarie to do ET by Katy Perry for one freestyle Friday #OnlyADream,positive,1
671,679194357820432384,"So Drake's ""If You're Reading..."" is the 3rd best album of the year, behind Kendrick and Adele (haha). They might as well hand me the Grammy",positive,1
5960,672151213912236036,Kendrick Lamar killed it with Black Friday.,positive,1
3476,630879991820107776,Anyone want to come to Kenny Chesney and Jason Aldean at MetLife on Saturday I have an extra ticket and by extra i mean a plus one wink wink,positive,1
4232,627638882629087232,@death_spells oh!! Maybe pride tomorrow? Or metro?? I rlly wanna go to that Asian place with Kpop stuff...,positive,1
2619,675675594961633281,"@sxmmo don't know the order, but top 3 albums are from Kendrick, The Weeknd &amp; Bieber (Taylor Swift 4th)",positive,1
2317,636218598504075264,"@JimboSlice_32 I'd like to sign David Price in the offseason, maybe add a 4th or 5th starter, and a lefty OF bat.",positive,1
2765,638498848613236736,"According to gamestop,  Deadpool is coming to ps4 and X1. I know some may not like the idea but I think it'll be better with better visuals",positive,1
53,671498281029996544,"Chris Evans, reborn Top Gear get May 8 UK debut: The Clarkson, Hammond, and May-less new version of the BBC's ... https://t.co/QckbmI4hG2",positive,1
6235,634791863174721536,Its the 1st video without zayn and its still perf #DragMeDownMusicVideo,positive,1
3313,674443562059198464,"Tomorrow I shall do some Dark Souls, Bloodborne and Miku! and probably stuff in between! &lt;3 See you then!",positive,1
1523,680068906095120384,I told mom that when we go to Florida Saturday its gonna be 9 hours of Justin Bieber and Adele...she's just gonna have to deal with it,positive,1
5725,626312003993358336,"@EveLovelock1 Hi Eve, I hope you enjoyed Ant-Man! Saverday Tuesday is all day &amp; prices can be found here in future: https://t.co/FsOnBVYJyz",positive,1
6691,624238294147006466,It's July 23rd--National Hot Dog Day! Celebrate with a hotdog--plain or garnished! #NationalHotDogDay http://t.co/Owjsi4czcY,positive,1
7119,635632864558628865,"@SenorLARIATO I guess the world will end tomorrow, one of the signs of the apocalypse is John Cena losing...God he sucks so bad",negative,0
4211,662398419839918081,@WXPNDanReed people forget how good the Bee Gees were before Saturday Night Fever,positive,1
3826,677420884328607744,"This is literally the 3rd ticket I've bought to Milan, I really just can't lol",positive,1
747,635864421877743616,#dailymail Carly Fiorina poll jump from 11th to 7th might fall short of CNN's 'top ten': Fiorina's rise in the... http://t.co/aGiaUrxYGy,positive,1
4739,635279628878409728,Ice cube can produce some good movies. We just need another Friday,positive,1
5510,640942370415099907,Happy Labor Day @ChadMMurray and @sarahroemer. Hope you enjoy baby Murray's 1st Labor day. Much Love to yall and baby Murray,positive,1
5250,638092639028539393,I'm going to bed knowing that there is a possibility that I may wake up to videos and pictures of Zayn performing at the VMA's,positive,1
4390,629822713666928640,Nothing like spending your Friday night on the side of the road. #overheating @ Dunkin' Donuts https://t.co/Fn34lZLW9o,positive,1
6505,624262919673524224,"July 23rd is National Hot Dog Day, celebrate this day by biting into a delicious hotdog! #... http://t.co/lE5AQLlCKz http://t.co/vB7iyMQ5yA",positive,1
4935,623362474499248128,Holy shit National hot dog day is Thursday. If you know me well enough you'll know how important this is to me rn,positive,1
5485,634711870570500096,with Zayn gone I can now definitively say that Louis is my favorite member of 1D. Harry a distant 2nd.,positive,1
6647,640332173942386688,"*sappy moment*  Can't wait to see videos tomorrow from tonight's gig,and see Niall the boys helping him jklasdfg k night #OTRAMontreal",positive,1
4575,634291802024083456,Congrats to Ryan Braun on setting the franchise mark for career home runs.  Congrats also to K-Rod for his 30th save of the season.,positive,1
2896,621677530337157120,Wonder how it feels like to be Paul McCartney. Like on throw back Thursday does he look back and marvel at the time he was a Beatle?,positive,1
2489,624679551528898560,@NicolaMDavidson then you're set for a Sharknado. Tomorrow SyFy channel is showing all 3 back to back. I may need to stock up.,positive,1
3353,637561946456231936,im really about to see Travis Garland and Janet Jackson in the same week in October .. sometimes my life is blissful .,positive,1
3086,672882321503223808,"Vintage TFI Friday @Channel4 Great silliness + Lionel Ritchie, Maltesers, Chris Evans at his best #love it",positive,1
3630,624144585153998848,"#OTD 23 July: (only) in the USA, National Hot Dog Day.",positive,1
452,640976590327926784,"There are so many Foo Fighters songs I'd love to see live, but I think February Stars is the one I'd like to see the most",positive,1
3729,630097627594522624,David Price is the 1st #BlueJays SP this season to record 8+ Ks in consecutive starts.,positive,1
5449,636039309036941312,"Jon Stewart on Monday Night Raw is LIT. 10/10, would hit American sweetheart JOHN CENA with metal chair again tonight.",positive,1
3783,680821641446727680,So I got my 1st professional beard trim done at @finleysformen in Plano. Let me tell you there is nothing like it. Curtis is awesome!,positive,1
6430,625699761337700354,"The Top 5 Marvel Cinematic Universe Films of Phase 1 and Phase 2:  With the release of Ant-Man, Phase 2 of Mar... http://t.co/RxOpUUCupa",positive,1
6279,622117503125336064,"Sunday is National Ice Cream Day, here's a sweet treat you can make at home http://t.co/IIbvqxGFMe http://t.co/vw7jzMQbCn",positive,1
3178,634670190614024192,The boys have this Christmas concert in San Jose in Dec. that I might go to...I feel like Zayn will be back in the band by then,positive,1
4179,624065412917932033,"Replaying WWE July 13.  If i was J&amp;J securities, i would never try to mess with Brock Lesnar. He's cool. Omg",positive,1
4220,641346864181219328,Some RI cycling. Some Red Sox baseball. Some @timjohnsoncx storytime on the bike. What's not to love?! https://t.co/mOg77r0cJV,positive,1
6289,628713207054516224,"Wow, Gov @BobbyJindal John Kasich made it. FOX Announces 10 Candidates for Thursday's Prime-Time Debate http://t.co/DMWZ8Cpcvi via @nbcnews",positive,1
6856,641047672728588288,"[http://t.co/2iAIexuu4u]  Mets' David Wright on stretch run: 'I'm going to enjoy this'  (Mon, 7 Sep 2015  http://t.co/OJKu0a2Qfq",positive,1
2557,680661234073624576,@brandondarby no you do not need to! Wait may be just Morocco &amp; Israel with me.. my social and linguistic skills are superb ;),positive,1
6851,660420010242908162,@Noahsyndergaard  great game &amp; way to make a statement on the 1st pitch.  Very Bob Gibson of u. Beware of Thor the hammer will come! #LGM,positive,1
2694,621747884053147648,I bought myself a ticket for Zac Brown Band in Philly August 15. Super excited!! I'm next to the pit right up front.,positive,1
6332,636796510341079040,Coffee and catch up today with @cazza2505 and then fusion fest tomorrow to see Ed Sheeran. So excited @fusionfest.,positive,1
5877,624320532620554240,"@dustinpari  Are you a hot dog fan, Dustin?  Tomorrow is National Hot Dog Day...  #HotDiggetyDog",positive,1
3956,641660106678013953,Join us tomorrow for National Hot Dog Day at Seasons! During the lunch &amp; dinner hours. http://t.co/WKLxAEYq28 http://t.co/mlcVIcIpOS,positive,1
2789,669789014019411968,Pool Party Stories: Dana White treats both teams to some fun in the sun https://t.co/g3XhRfnYjg,positive,1
545,675977229252341760,#MTVSTARS Lady Gaga  There's a little black spot on the sun today That's my soul up there It's the same old thing as yesterday,positive,1
3094,625712675851476992,Hey it's Monday! Which means Monday Night RAW tonight! Which means The Undertaker &amp; Brock Lesnar!!,positive,1
6652,622824529413312512,1500:1 Vegas odds on Paul Dunne actually making it to the final rnd.. No matter what happens be proud!! Go get it Mon bud!! #AmateurChampion,positive,1
771,638930752852242436,Happy birthday @KianLawley yay 1 more year before you can drink lol happy 20th birthday to gay is my little brothers birthday he is 4 love u,positive,1
239,637101063909322752,tomorrow is my day off. I'm going to be chillin in my underwear watching Naruto all day,positive,1
5638,633127513783300096,"Since Friday, I've been walking around reciting the lyrics to No Vaseline by Ice Cube. It's like I'm a kid again! Wait...",positive,1
6134,638840448723718144,"In a reversal, Carly Fiorina now likely to make main stage at the next Republican debate: Carly Fiorina may ha... http://t.co/9Yanrp1Ts5",positive,1
4338,636095672819683328,"Time for bed! Hope it rains tomorrow.... And wake up to a Harry, Niall, Liam, Louis and Zayn follow #MTVHottest One Direction",positive,1
6047,681516535228280832,"@DGutman_ I would agree. Given that Milan are 6th, it's fair to say they'd be a top 3 side.-MS",positive,1
1543,623904035117092865,"Join the Suns top dog, Southpaw, for National Hot Dog Day tomorrow at @aljaxbeach from 11 am - Noon. Learn more I http://t.co/7gXQzWljR1",positive,1
3746,641284012288274433,"@vegavnc you are exceptionally ill equipped to recognise parodies of RSS propaganda that said ""all Muslims may not b terrorists..."" :)",negative,0
1062,636464542747201536,@Independent That may explain the problem we're having with Muslims fundamentalists.,negative,0
2892,636551572386881536,Brock Lesnar vs Bo Dallas at the MSG show in October has been announced. It's like an early birthday present.,positive,1
981,639800860822794240,Ed Sheeran may be the only person alive who can preform like he does- how does that man have so much talent,positive,1
6091,638033226179702785,"So George Osborne is to visit Faslane/Trident tomorrow, I hope many of you turn out to give him a warm welcome!",positive,1
3978,639872638366679040,Just sinking in that I go to see the Foo Fighters on Sunday. I'm actually going to see Dave Grohl perform. Insane.,positive,1
6797,638758312385708032,Victoria: Do you want to see Janet Jackson Saturday?!  Thanks to our friends from Revolution Auto Group we have 2... http://t.co/dTffWViUjm,positive,1
6723,674139569969868800,"Kendrick's remix of J. Cole's 2014 FHD hit goes #1 for the 2nd straight week  Top Tracks: https://t.co/8VqdVxttx3 https://t.co/D19UcMo0Gl""",positive,1
226,681476260313169920,@URcrazytweeple mar jaa jakar tere maa baap ka jeevan sudhar jayega hahaha fuck off with mandana to iran u dont deserve to leave in india,negative,0
541,630869087258832897,"Djibouti Swamp (8-9, 5th, @throwitdeepdm11 ) beats Miggy Smalls (1st, 12-5, @KCopher_3 ) 223-200 MVP - David Price with 60 points",positive,1
841,677461831288528896,Seasons Greetings! .. it's is here Christmas... we mean... Star Wars Day! May the Force be with you! https://t.co/AcvhQmOtAQ,positive,1
6054,638342762400755712,Singing Frank Ocean at the top of my lungs while walking down 3rd st. Good morning.,positive,1
1306,628359180701835265,"Seeing this dude 4 the 1st time, this Seth Rollins is a self assured SOB #WWERAW",negative,0
953,630569152936329216,whatcha want from Dunkin tomorrow sweetheart? @kayciiiii__,positive,1
4330,636611856073924608,All I wanna do is see the Foo Fighters Saturday at Wrigley....,positive,1
6406,675890017487724544,We want Gaga in 1st #VideoMTV2015 Fifth Harmony #MTVStars Lady Gaga,positive,1
1329,623706487051939840,"asdfghjkl; why are you so cute?! happy 2nd birthday, prince george! http://t.co/GnrZVFuOK2",positive,1
6246,621673625440096257,National Ice Cream Day is on Sunday. What better way to celebrate than to check out these ice cream treats you... http://t.co/p12qqiImmm,positive,1
2254,640534114790154240,"i wake up to my dad blaring ""dirt road anthem"" by jason aldean through the house, happy sunday :-)",positive,1
4985,632989484162883587,Ok so I am super excited about my Naruto cards coming tomorrow!,positive,1
6952,638942087463989248,"Although sincerely happy for all my fellow U2 fans who met the boys yesterday &amp; who will see them on Fri. &amp; Sat.,I'm just a wee bit jealous",positive,1
6203,676991166701809664,"I ate my placenta like Kim Kardashian, and you should too: AS TOLD TO NICOLE LYN PESCE Tuesday, December 15, 2... https://t.co/McPWqpxiT5",positive,1
2916,639541828786782208,"Everybody gets happy around Zayn. People get happy, puppies get happy, the sun gets brighter, the nature gets more beautiful",positive,1
5754,632971809802047488,"@NGfootyactivist kindly Retweet my last tweet about Super Eagles coach, Sunday Oliseh. Thanks.",positive,1
4224,641128196352544769,"Just like Peyton or Montana or Rogers or Andrew luck, Tom Brady may not have 4 SBs but no matter where he was drafted Brady was gonna win",positive,1
536,640386997987639296,Here's a screenshot of Tommy's 1st conversation with Big Brother inside the confession room! #PBBTommy @esguerratommy http://t.co/LZyp2JHHo0,positive,1
3531,633509050399850496,That was a nice nod seeing Ice Cube writing the screenplay for FRIDAY. Another movie directed by F. Gary Gray.,positive,1
1475,639816926114545664,Anyone want to go to Jason Aldean concert with me tomorrow night? I can get two tickets for 30 a piece!!!!!!!!,positive,1
5461,623365166768488448,"#SummerSlam Brock Lesnar against the Dead Man, C'mon Undertaker, #Unbelieveable #Electrifying",positive,1
1486,627980469221593088,This time next Sunday I'll be at the Zac Brown Band concert at Fenway. Can't wait for it,positive,1
7118,639990519762808832,I want to thank God and Ice Cube for Friday.,positive,1
574,638487864120991744,"I believe in Islam like I believe in the sun rising. Not because I can see it, but because by it, I see everything. Alhamdulillah",positive,1
3714,636866509533540353,"Tomorrow you're gonna hear Harry's becoming the next James Arthur, Niall will be into irish dance training, Louis will be a judge on XF --",positive,1
3702,628011213105025024,#NewYear #love #fun Chicago Cubs rookie third baseman Kris Bryant left Sunday's game against the Milwaukee Bre...  http://t.co/lP8zPaC1zd,positive,1
6993,622944664409260032,What's the crazier win.....Paul dunne winning tomorrow or tom Watson in 09?  I can't lean either way. Good for the kid.,positive,1
2543,632470025455013888,BROCK LESNAR VS THE UNDERTAKER  supporting lesnar butttttt. May the best man win #summerslam,positive,1
7053,634801024977530880,Tonight- Jason Aldean. Tomorrow- Party all day. I can dig it.,positive,1
5977,669093700732063744,RDJ &amp; Chris Evans will be on Kimmel tonight! ABC is a Disney owned company &amp; they love to drop trailers on a Tuesday! #Marvel #CivilWar,positive,1
2158,669401571139170304,@JuugmanCape Hi May name is Briana nice to meet you sir! Im new and town just wanna meet some people,positive,1
1793,640960167379628033,Looks like I'm going to another White Sox game Wednesday night! @whitesox,positive,1
5948,638290602635972608,Dunkin accidently giving me a large is the best thing to ever happen to me on a Monday,positive,1
6861,641441993143517184,The only bad thing about the #Mets streak is that David Wright may injure himself from celebrating so hard so often,negative,0
5671,625139533508546560,"Bout to see Ant-Man, hope it's good!!! I'll report back tomorrow!",positive,1
3524,620449927492059137,Congratulations to Miss USA 1st runner up @RealMissTXUSA. You've made #McAllen and the #RGV very proud! #MissUSA,positive,1
2388,669495673784545280,"Our Thor is ready to meet you at the #HaloAndPartners event, today through Friday. 98-124 Brewery Road London N7 9PG",positive,1
6746,661230935992606720,gotta say @seannmileymoore did WOW me saturday with david bowie very theatrical he let the song speak for itself i am now a fan of his :D,positive,1
6265,621039806047350784,I may not be Miss USA but I am still Miss Minnesota USA! I am looking forward to the appearances I have coming up!! #bemorethanpretty,positive,1
4436,623277558985916416,"Taylor is going to dominate when the nominations for the VMAs are released tomorrow, Blank Space and Bad Blood were very well made videos.",positive,1
2944,671522612829401088,Wednesday I will make sure to be fully awake for Dark Souls and will likely got for a couple of hours instead of my normal 2,positive,1
935,636393990749720577,Brock Lesnar and Paul Heyman... May be the only 2 reasons why I still watch WWE,positive,1
6056,641210440903716869,Listening to Kanye West on this tuesday morning was the best idea. And I dont even like Kanye.,positive,1
246,622830303850180608,"Tough 3rd round for Dustin Johnson, but he's five shots back. Another 65 tomorrow and he's right back in the thick of it #TheOpen",positive,1
6284,637383571116703744,"Paul Rudd stars as ANT-MAN, showing tonight, tomorrow and Sunday. Rated PG-13. Showtimes are at 7:15 each night.... http://t.co/pyfw5j7Su9",positive,1
5339,622136916130050048,"On Sunday, when it's HOT &amp; also National Ice Cream Day, we'll have homemade ice cream! Try an ice cream sandwich,... http://t.co/GEar20suHd",positive,1
3380,622814667434512384,Would be amazing to see Paul Dunne go out and win the famous Claret Jug tomorrow !!!,positive,1
5502,624189096181800960,July 4 is the true National Hot Dog Day but that won't stop me from celebrating today.,positive,1
308,638980568932192256,the only time I haven't put on foundation is when I met Shawn for the 3rd time it was great,positive,1
5090,630737472968896512,"@klgandhoda Prayers for all of you today. May God carry each one of you during this sad time ""Footprints in the Sand"",  RIP Frank Gifford",positive,1
4632,623770815138504704,Wishing the lovely Prince George a wonderful 2nd birthday! http://t.co/jReTSEIkib,positive,1
2673,636930384450580481,It's that kind of a night that you need to listen to U2 while thinking of everything that you need to accomplish tomorrow.,positive,1
5237,638123189990768640,Alhamdulillah anew brother in Islam. May Allah continue to guide you on this path and make this journey easy for you https://t.co/dEHiHQf6GL,positive,1
3790,622802856668631040,Happy National Ice Cream Day!! My kind of day!!! Happy Sunday!! http://t.co/D4o4lj1Qlg,positive,1
1827,641426212330545152,"@ClarkHoward To add to your budget smartphone list, may I introduce to you, the new MOTO G (3rd gen) which is Unlocked and starts at $180!!",positive,1
2650,641668771766267905,Thinking I'm absolutely hilarious sat here playing the John Cena theme tune on a recorder,positive,1
157,638205850184626176,"Kanye West may be a good rapper, but Eminem is the rap god",positive,1
2092,639184953843019779,Who needs Robinson Cano we got Drew as he hits his 17th a 3 run shot 11-1 Yankees over the Red Sox.,positive,1
1715,622532027284332544,"In addition to Bad Blood, my brain is also shuffling the Wonder Woman theme and California Gurls. Still better than November Rain.",positive,1
7085,623820976824918017,Today is our Little Miss Emporium Fair's 2nd birthday - she was born 2 hours before Prince George! Needless to say there will be cake.,positive,1
2501,640039906677551104,ok let me just say the 4th clip where Harry is putting his hat on Niall.... AH HE LOOKS SO GOOD https://t.co/yEcVTZ7D4k,positive,1
6123,622818172173946880,Isn't it remarkable how well Paul Dunne is handling this lead #TheOpen2015 some leaderboard for tomorrow http://t.co/h4LSp6nODm,positive,1
6389,638926637225000960,Janet Jackson cream you know it unbreakable Janet Jackson Minneapolis live November first target center Minneapolis http://t.co/LZpkEkN8hK,positive,1
2402,630465883983314944,"RIP Frank Gifford. Growing up in the '80, watching him on Monday Night Football. He was an NFL institution.",positive,1
6976,638311324490010624,"No doubt, George Osborne dreams Daniel Craig will play him in the biopic. All (dyed) Lego hair + macho black jackets. http://t.co/cUhDgR8tD0",positive,1
3002,679376626451279872,"@NintendoAmerica First Triforce Heroes, then Twilight Princess HD, and then TLOZ Wii U for the 30th anniversary!",positive,1
3322,623663659412094976,Looking forward to Sharknado 3 tomorrow. Tara cant act her way out of a paper bag and her face can no longer show ANY emotion. I LOVE it!,positive,1
2343,622408271643541504,We are partnering up with lyft this Sunday for National Ice Cream Day. Check out there Facebook page for details. http://t.co/WWNzmBDIm4,positive,1
1052,634350590299013121,Please join us tomorrow for a meet and greet with Gov. Scott Walker at the Derry VFW at 11-45.,positive,1
2879,620640768265428992,"I may never read ""Watchman"" after this review. What would be the point? https://t.co/C6G1DUO5RY",negative,0
739,637765570285449217,"Kyle Seager hits hit 20th HR of the season! It's a 2-run bomb. Mariners lead the White Sox, 2-0 in the 1st.",positive,1
2856,627412172461621248,@RajivMakhni Moto G (3rd Gen) have all the super power that i really want in a smartphone !! #MyMotoG,positive,1
4833,638949868954759169,Honestly who is trying to go to Kanye West '808's and Heartbreak' at the Hollywood bowl Sept 26??? Looking for accompaniment.,positive,1
2947,640135683655364609,Kanye West sent Taylor Swift flowers. That must be his 1st political move.. Taylor can really help him with her squad. :'D #KanTay2020,positive,1
6168,639581681561698304,"Janet Jackson's #Unbreakable Drops Oct 2nd - Single ""No Sleeep"" Regain #1 spot on the Charts! http://t.co/MwWeofncMY http://t.co/X4FvRuBXVe",positive,1
4012,622775769010470912,It's sweet tooth Sunday! National Ice Cream Day is July 19th! Top your favorite dessert with a scoop! #Indulge http://t.co/3EJ1olc8Cc,positive,1
2447,677262686003052545,Xmas come early! I'm getting to watch @helium_raven watch Twilight for the 1st time. Her face is hilarious https://t.co/XUqCjUKrS5,positive,1
4306,672908017424314368,@antanddec Your talking Kylie im a celeb iv just watched her on TFI Friday chris Evans channel 4 she's amazing a legandx,positive,1
2404,632227023423827968,"@JasonSobelESPN  #espnnow Tell Dustin Johnson that every day is Thursday until Monday morning, please.",positive,1
1389,632983733667147776,"And just like that, an opening hole quad from Dustin Johnson.  Best Thursday/Friday major golfer ever.",positive,1
6747,677727738619404289,"I now declare today Star Wars Day, may the box office records be ever in your favor",positive,1
4835,629757992355934208,"@justinrivera86 @ARizzo44 Let's see, there's ""Good vibrations,"" Trap Queen, ""Bad Blood,"" .... can't remember what he uses for 4th at-bat.",positive,1
4167,630367596391596032,Sunday menu @ http://t.co/SYltFtD4wJ includes Prime Rib &amp; Grilled Pork Chops. Breakfast all day. Carly Fiorina at 1 p.m. Come see us!,positive,1
3167,638182878178750468,"Kanye taught everyone to be fearless, SO BE FEARLESS. 2020 I'll be 20 if Election Day lands on the 4th. My vote? Kanye West. @kanyewest",positive,1
1611,670869213771264000,"Remembering 14 years death of George Harrison,one of the best guitarist ever ( 25 February 1943 - 29 November 2001)",positive,1
5589,681592656632393728,Happy birthday to @TheRealStanLee from Israel! May you live to 120 with good health and great wisdom!,positive,1
3125,673542816455368704,"Got the feeling that if Ocarina of Time is the 1st Star Wars trilogy, then Wind Waker is the prequels and this new one is Twilight Princess",positive,1
6518,628440656768335872,Want to start reading Paper Towns tomorrow. My sister told me the movie was awesome!,positive,1
1036,639075507020148736,OMG!!!!!!!!! boy this fight would have been so emotional and epic Naruto vs jiraiya in the 3rd Great Ninja War http://t.co/CREF0uWa8G,positive,1
1123,640552878277398528,Starting Sunday w/ yoga is a great start to day. Need that class @ontheyogamat. #namaste,positive,1
1667,623208785318932480,Sulaimania mosque in the early morning is having a bright visitor at its dome as a gift on the 3rd day of Eid for us. http://t.co/5d3auhxrlp,positive,1
5213,624329247344037888,"tomorrow is my otra date and national hot dog day, can't decide which I'm more excited for",positive,1
560,629839130449584128,"Tomorrow, David Price takes the mound. That is nice.",positive,1
135,638905636995112960,I'm so nervous for next Tuesday I'm so excited to see who's going to brought on the stage with shawn,positive,1
5546,673917098691792897,Someone said that they might snub Kendrick on all 11 nominations or he may get just 1. If that happens then it's clearly rigged.,negative,0
5240,623797546461360128,"You have to admit, he's pretty adorable! Happy Birthday, Prince George :-) https://t.co/atgLaeERr2",positive,1
5694,677691621169868801,"My mom just said, and I'm not kidding: Tomorrow is Star Wars day, are you ready to see all the treakies at the theater?",positive,1
803,637829029958152192,I CAN'T WAIT to see Nicki at the VMA'S tomorrow,positive,1
263,639679524506959872,"I Believe in Islam like I Believe in The Sun Rising. Not Because I Can See it, But Because By it, I See Everything. http://t.co/NtnKBNWfTX",positive,1
4981,629165865934696448,Not bashing on Calibraska because I liked it but true because so many girls are not here for the music.  https://t.co/DX98dDpOmA,positive,1
3902,623913914498048000,@towergrovedogs Tomorrow is National Hot Dog Day! 7/23 they're giving you 1/2 off the entire Hot Dog menu! Plus new Waffle Dog on-a-stick!,positive,1
33,639974626341335040,I wish I could see Shawn on the 8th,positive,1
4847,629682224305016832,thinking about the number of people who may have discovered The Cure through Ant-Man makes me SO HAPPY,positive,1
6455,624067647529947136,"Jake and I will be in Sharknado 4. We may die in the first scene, but we'll be in it. #HollywoodDreams",positive,1
6604,663729109042929664,Never been more proud of my non gaming girlfriend than when she beat the Asylum Demon on Dark Souls on her 2nd attempt!,positive,1
6862,641596455384444929,@akacrankster @StaycMaria Murray I think today you gotta take an L and come back stronger tomorrow,positive,1
2834,636118820030148608,"Islam teaches us to spread love and peace. We meet a stranger and you say ""May the peace,  mercy and blessings of Allah be with you"".",positive,1
5287,629563570879987712,"look, im probably the most powerful and devastating thug that can quote the entirety of U2's October album",positive,1
6812,636664363974324224,It better be Wednesday today. Got my Slurpee and all I want to do is relax watching Big Brother.,positive,1
4545,630270736800727040,#NewsTraders are major reason for tarnishing the image of islam and Muslims today in the world... May Allah curse upon them...,negative,0
4175,679813007300538369,SLTrib's @TrevorPhibbs published this years 1st Class 5A State Ranking - Sons of Thor keep up the excellent work! https://t.co/KeJjF0Phym,positive,1
1288,671599925717835776,I'm supposed to be doing a talk in my teachers office tomorrow about Moon Landing and I think I'll talk about David Bowie songs instead,positive,1
6446,636388518034546689,As long as I get Dunkin tomorrow morning I should be good for the school day,positive,1
6116,632986127666966528,For those of you watching Paper Towns tomorrow... It is awesome and DO NOT (I repeat DO NOT) bring young children,positive,1
5357,677090526043250689,"STAR WARS DAY here on Sat. Hoping 2c lots of Wookies, droids &amp; ewoks but even those from the dark side R welcome! https://t.co/eriaXKzZfX",positive,1
4744,637975316024152064,We are having a Sunday Worship event today at 11:00am in the Matthews Suite! Come enjoy the Lord with us and connect with other Christians!,positive,1
6122,641295630963372032,May Allah guide us all to the straight and balanced path and put the love of Islam into our hearts. https://t.co/J0P5zJRD78,positive,1
6301,676571840748257280,"Lady Gaga, Diane Warren, Kirby Dick, &amp; Amy Ziering sat down with The New York Times. Watch the full video here: https://t.co/YmHu1ioucf",positive,1
1081,630160177505800192,My shift was cancelled for tomorrow. Time watch Naruto and Cowboy Bebop all day. #Mylife,positive,1
3641,640325549391372288,"You could win tickets to see Janet Jackson at Bankerslife Fieldhouse Nov 9.  txt "" MISSJANET""  to 24609 for you... http://t.co/j3SQpNh5w8",positive,1
6940,675093636355391488,Cate Blanchett leads the winners at the 5th annual AACTA Awards | Daily Mail Online https://t.co/r4M1JzM0BB,positive,1
5698,676920400304058368,"I may not be old enough to get blown up fighting a war for Saudi Arabia but no worries, I can salute the Blue Angels at the football stadium",positive,1
4628,639704962734387200,2 Foo Fighters tickets going cheap for this sat at Milton Keynes Bowl #foofighters #tickets #cheap #forsale,positive,1
3593,630803735464312832,"With the passing of Frank Gifford, let's remember what a positive leader he was - &amp; appreciate every day! The sun... http://t.co/oAm9QNNud9",positive,1
93,639763474286051328,I'm honored you thinks so Shawn. Blessings to all for a brilliant day! https://t.co/3RVMOhfMvo,positive,1
2528,638553212342112256,Talking about Janet Jackson...I can't wait to see her in February!  #UnbreakableWorldTour,positive,1
6330,676273031308820480,Its the right time to vote harder and harder for gaga because tomorrow will be too late  #MTVStars Lady Gaga,positive,1
4239,634554033408114689,"FYF Festival: Hey frank, you excited to perform this Friday?   Frank Ocean: new phone, who dis",positive,1
5224,624422525330681856,told my mom I'd go to practice tomorrow but I think I might walk to dunkin once she leaves,positive,1
5550,637838937399107585,"Niall is probably going to see 5sos tomorrow in NJ, love my luck :))",positive,1
6137,622822930498650113,"What a round by Paul Dunne, good luck tomorrow and I hope you win the Open.",positive,1
461,638255629539364864,@madfl3a  my first day of work after 2 months  of holidays starts tomorrow. I'm ok as long as i can see u2,positive,1
1841,676259362474696704,Are you gonna be voting tomorrow?  Every answer should be a yes!! #MTVStars Lady Gaga,positive,1
2078,638478950767837184,"prince george, this sweet magic is coming to you so soon... don't forget sept 1st is the last day to save $500 on... http://t.co/dlvBC6EsUp",positive,1
5273,636625761613557761,"Hyped to watch Straight Outta Compton on Friday, do you think they'll cover Ice Cube's family movie phase",positive,1
186,641010486096588801,1 set up and has already broken Murray in the 2nd. This is beautiful from Kevin,positive,1
6991,623310954248286208,"This was #classic. ""You may have sold your soul to the devil but your ass belongs to Brock Lesnar"" #RAW  , but the undertaker ain't no joke",positive,1
3997,632772361196933120,I just remembered I saw Sam smith on Friday and I want to cry bc I miss him :((,positive,1
2695,631500046731644928,@laughfan Of course you're still in race for the JBL speakers and Moto G 3rd Gen! Keep tweeting #SabKuchFixKaregaMrRight!,positive,1
1958,641429522223468548,so sorry I haven't been on today I've been busy but tomorrow in going to a Ed Sheeran concert ahh!!,positive,1
3311,625534500320186368,"#TodaysJoke Prince George's 2nd Birthday, official photos have been released.   The Suns show the Queen pointing to balloons on the walls!",positive,1
5286,672683051248451584,Well kid's it's Friday. So rejoice. Another week is done. The Hell with trump I'm voting for Amy Schumer.. White house bound   @amyschumer,positive,1
5755,641058396595089409,In 72hrs Tom Brady will be leading the NFL with 12TDs at the end of the 1st quarter.,positive,1
710,636922712842223616,"No but I need to be in a happy place by September 25th, if not I'll be crying the entire Ed Sheeran concert.. #foreveralone",positive,1
5554,639013558454472704,@SinaleeLoL I'm sure you'd like it it's like an action packed anime they just remastered the 4th game on PS4 and she's playable c:,positive,1
1106,631237820414341121,Literally so excited I'm going to a Sam Smith concert in October,positive,1
773,639291219215011840,"Although, I'm looking at his filmography right now and literally the only other film of his I've really liked is ""Friday"" with Ice Cube.",positive,1
1348,640251330649550848,Being on the phone to @joeholsgrove live from the Foo Fighters gig is livening my Saturday night right up!,positive,1
6376,635151597279035392,First time I've been called off in a while and couldn't ask for a better day to have off. Plus Jason Aldean is tomorrow!,positive,1
5538,630553558891544576,"Frank Gifford, Al Michaels and Dan Dierdorf are pretty much the sound of every sleepy late-night fall Monday of my childhood.",positive,1
5806,636377186698661888,"After five long years, there's finally going to be a new Iron Maiden album releasing next Friday. NEXT FRIDAY.",positive,1
6401,639520052635639808,"Marco Carola played Paul Funkee - Mazafaka303 @ SMC Social Music City, Milan (2nd track) Thank you, mazafaka!  Buy... http://t.co/DUpKkN1kQv",positive,1
898,633459358131732480,As long as Seth Rollins leaves with his title Sunday night then I'll be happy #RAW #TitleForTitle,positive,1
875,641395578207866880,@jaimemiciah drop them off at King Kog on your way to CX practice tomorrow! Shawn is the best!,positive,1
1194,641149175787294720,There is an emoji app with Kanye West emoji's called Yemoji i may or may not have downloaded it,positive,1
1995,639946118357364737,This week has me so exhausted &amp; I'm going to a Janet Jackson concert tomorrow w/ the fam. Oh mah geeeeeee,positive,1
278,632095713258799104,@marvelguy Love Winter Soldier. Incredibly close 3rd cause of its ramifications on the MCU. But I had too much fun with Ant-Man.,positive,1
5294,631459094948388864,Frank Ocean and the sun is perfect!,positive,1
3877,623026750218317824,*****3rd daY******====*====I wish y0u a very haPpy Eid fr0m the c0re of my heart...  Eid-ul-fitar mubArak,positive,1
5890,641344851896696833,"Kane finding form at the right time, ready to score twice against Sunderland on Sunday...",positive,1
4717,638363132918796288,Happy Motivatonal Monday!!!  Reasons why you should join the challenge with Shawn &amp; LaTonya... 1. We are educated... http://t.co/m07II6nM0I,positive,1
495,640251128702070784,8th strikeout of the afternoon for David Price's 100th career win! http://t.co/pv3R2VUsQ2,positive,1
6778,620470107156824064,I madr noprogress my lfe is going downhill actually Kpop ruined the world everything will dje the sun will explodeand Bush will confirm 9/11,negative,0
5267,635242625646374912,The fact that Foo Fighters rickrolled the Westboro Baptist Church today just makes me love them even more. BRING ON SEPTEMBER 5TH.,positive,1
6648,624408985785999360,"Calibraska is going to shoot to the top of the charts tomorrow morning, you just wait. Jack and Jack have come so far and I'm beyond proud.",positive,1
6394,629113833005686785,"I have this thing now where I watch Sunday and Wed eps of Big Brother the day after they air then Thurs live, so much easier tbh.",positive,1
1082,676809895304409088,Is this is the beginning of real change? Saudi Arabia 1st woman councillor elected!   https://t.co/7SzKpsVKeQ  #empowerwomen #womenissues,positive,1
2852,672078487188934658,back to Black Friday.... do u guys even hear what Kendrick Lamar is saying?!? how he says it? good gawd.,positive,1
1604,679745825677783040,I just want it to be tomorrow so I can open my Justin Bieber CD I know is waiting for me under the tree,positive,1
2531,629579935905095680,John Kasich is crushing it tonight. He'll see a huge bump tomorrow. - undecided Republican in Cleveland Ohio http://t.co/ukWhUdiV08,positive,1
3450,624055103499079682,"@Mightymorph G'nite Morph and God Save The Queen &amp; Princess Charlotte,, &amp; wish Prince George a happy birthday 4me when you see him tomorrow",positive,1
1430,679931797472321536,I remember when we were in like 7th or 8th grade and Taylor called me legit crying bc she loved Justin Bieber so much lmao,positive,1
1337,627944172335398912,Ant-Man at AMC Cinema Suites on a Sunday afternoon is a great choice. Good film. Have to see it again cause missed @HayleyAtwell's scene,positive,1
3224,626832697302757376,Last day for ANT-MAN!  MISSION IMPOSSIBLE ROGUE NATION opens FRI!  I am so impressed with this movie!  Don't miss it! http://t.co/9oBvQ08q1w,positive,1
2331,632246924503085056,"@icecube Gonna see it with my shorty today and my homie tomorrow. ""Ice CUbe write the rhymes that I say""- Easy E.",positive,1
1626,641269519227428865,All I ask for my birthday is for Tom Brady to show out Thursday night and get the W! Ready for some football!!!,positive,1
2668,622183126605807616,National Ice Cream Day will hit the country this Sunday; several local #icecream spots plan on making it a #sweet one http://t.co/s0SA6dxQeS,positive,1
2782,632530936865914880,"On 15 Aug 2009, U2's 1st UK gig on their current tour broke the attendance record for a Wembley Stadium concert with over 88,000 spectators!",positive,1
2808,640248869956255744,"Like yoga? This Monday is a Free Day of Yoga in Austin! Of course, if you stay at The Fairview in the Live Oak... http://t.co/5oZLJlHPNK",positive,1
6417,641032408704397313,"Really great match this now. Anderson is going for broke on every Murray 2nd serve, and Murray is winning most rally points now. #USOpen2015",positive,1
1751,641007024797564929,"Just got a large iced coffee from Dunkin, which is my 6th cup of coffee (so far) today. Do you think that's bad?",positive,1
4642,677008244427137024,"Smooth Breakfast easing you into a very mild Wednesday on the West Mids with Pixie Lott, Kelly Clarkson and Bee Gees in the next 10 mins",positive,1
2824,629388715345874944,@YeahItzJay Maybe Gaiden characters? 7th Hokage Naruto would be suuuuper lit. And Boruto comes out tmrw so maybe thats it,positive,1
1745,639851214763507712,You know you're gonna have a good ass Friday when gucci and jeezy release a song together,positive,1
4691,622224678015369216,Make your own Sundae on Sunday with us at Pretend City! Enjoy National Ice Cream Day on us! http://t.co/vO3Vi8yHpi,positive,1
21,668835590293602304,Thor will be with his new owners tomorrow.,positive,1
160,632766792876851200,Brock Lesnar will be facing the Undertaker on august 23 make sure not to miss all you WWE fans out there.It could be the best match ever!!,positive,1
45,634774398432583680,my #OTRAToronto seats were in the section where ZAYN sat for most of WWA . if i had been there last yr i wouldnt be alive to tweet this,positive,1
2379,632863554928926720,"I really like the way Josh Hamilton is swinging  the bat. More bat speed. Even though he K'd in the 3rd, he made some violent swings",positive,1
2597,623172724198875136,A little old man at Dunkin donuts told me I was beautiful. With the Monday I've had...i needed that.,positive,1
3050,635321077837729792,@kaponofor3 Rousey and Stephanie may beat her to it but I know what you mean. She's a special talent.,positive,1
56,635507488922710018,BEST NEWS I HEARD ALL DAY!!! My boy from the @Mets David Wright returns tomorrow! WOOOOOO!,positive,1
4051,637337697128972288,"Next Friday, we're screening the Ice Cube classic FRIDAY. Tix just $3 http://t.co/JJ2B8zxSoz #damnnnnnn",positive,1
5886,626914759867109377,update: boss texted me to ask if I read the Rolling Stone article about GCJr's upcoming album #wow gonna cry when he retires in December,positive,1
6521,637579649829208064,"@ALT983 may I request Katy Perry ""dark horse,"" that song really gets the dust off the speakers.",positive,1
1801,636818512749686784,There's a Paul McCartney show in Toronto on Oct 17 and I want to go so bad,positive,1
4325,681704246631268352,"@BritSlo hi Brit, I will still be in Israel next Sunday. Thanks though. I will be following the game on Gamecast. Go Jets!",positive,1
5809,641437776076869632,"@NiallOfficial Hi, Niall!  Tomorrow is @TheLightinItaly's 15th &amp; she absolutely loves u. If you could pls tweet her, it would make her day!",positive,1
4202,623474886401503232,"Finally pre-ordered the new Iron Maiden album (Book of Souls), can't wait for September 4th, that CD is going to be blasting around my house",positive,1
700,640614749219131392,"Happy Sunday @MRBlackSA my weekend was awesome , play for me ""Sam Smith - Stay with me""",positive,1
6878,667771085543358464,this one will be the best yet! #MTVStars The Vamps https://t.co/L86dKgvEU9,positive,1
1936,681645204206555136,I've given it some thought over the holidays and think Justin Bieber may be cool now.,positive,1
5836,640300330710908929,"Love you PAPI! Way to go. 30! awesome!! Big fan""@cbsboston: Ortiz belts 30th home run in Red Sox' win over Phillies. http://t.co/tyc00NZzt2""",positive,1
2629,632005298216013824,"Part of me hopes undertakers gonna win but compared to Brock lesnar, I just don't know what's gonna happen. https://t.co/16KzQ9KcsO",positive,1
3668,626240492850671616,"29 March 1987 - Wrestlemania III-93,173 watch Hulk Hogan beat Andre the Giant. http://t.co/Pqhlm5sEsU",positive,1
1710,632076970994614274,"I want Dunkin so bad, I don't think I can wait until tomorrow.",positive,1
3737,681135907823431681,"it's 9:30 am on sunday, so obviously it's time for david bowie.",positive,1
6485,634296834823966720,They should always be included in our prayers. May Allah give them the strength and power to vanquish Boko Haram. http://t.co/oFgeOUIamf,positive,1
4884,680089970523123712,can I just wake up tomorrow and find Justin Bieber under my tree,positive,1
4275,638755762257436672,"Carly Fiorina is in 3rd place in Iowa, but she still likely won't be in the top 10 debate in two weeks. Here's why. http://t.co/YdingIYG95",positive,1
1574,638390823353106432,Kanye West September 25th... Disclosure September 29th.... guess I aint going to Vegas for Life Is Beautiful.,positive,1
2308,640543264555163648,Vote for Zayn under the Most Inspirational UK Asian category by tweeting:   #AUKTop20 @AsiansUK @zaynmalik  Voting ends on September 15th!,positive,1
3388,641416749901062144,goodnight I know it's super early and I'm missing Shawn's performance but I have a huge test tomorrow and I need sleep ok Shawn loves you,positive,1
493,678175114941349888,"May 04th today may not be, but Star Wars Day it is! :D",positive,1
1935,630104431200108544,@smackalalala Currently 6-0 Top of the 9th. They got lucky trading for David Price.  That's one ace of a pitcher to have in the lineup.,positive,1
6957,624406410164609024,"@Warchamp7 i could stop by dunkin tomorrow, want anything",positive,1
5214,680935872284463104,Is it July 13th yet? I need to see Justin Bieber with his shirt off in person,positive,1
5771,636050079262969856,STING RETURNS to MONDAY NIGHT RAW and challenges Seth Rollins for the WWE WORLD HEAVYWEIGHT CHAMPIONSHIP!!! IT'S... http://t.co/q20aPA3WAS,positive,1
786,625927450636255232,Going to see Paper Towns tonight or tomorrow night!! Woohoo I can't wait!!! Thanks for writing the book @johngreen,positive,1
5504,627651365452382212,Good article on the ins and outs of Josh Hamilton's contract.#RSM337 http://t.co/QbmSwr4gJG,positive,1
428,638184468625289217,"Oh blessed be, Shawn is still hotter than the sun. Bless Rider Strong... my first non-cartoon TV crush. Have mercy *Fans face*",positive,1
7023,630201735760363520,"David Price, Justin Smoak send Jays by Yanks for 7th win in row http://t.co/bmtuHxZ8OR always a Great day when tha Yankees lose.... #$Ball",positive,1
718,640297262527180800,"Don't forget tomorrow ( Sunday ) is the Lords Day, Christians attend Church on the Lords Day! If you don't have a... http://t.co/DZGa1Ouvq6",positive,1
2349,640620461173415938,@SherryYard it was a pleasure to meet U at James Beard American restaurant in Milan last thursday with Anthony!,positive,1
5042,632618631172620288,"Janet Jackson will be in the Queen City on Friday, September 18th at the PNC Music Pavilion! Are you ready?",positive,1
6782,636360117890457600,just really pumped to get Dunkin tomorrow tbh,positive,1
1103,641582894859841536,Tom Brady leads my team into the long season in hopes of winning the golden rhino head tomorrow night!,positive,1
3113,635720618370068480,Apparently Simply Kpop comes on my TV. And i watched it Sat. &amp; saw Got7's latest song &amp; it was rly cute!,positive,1
6381,680993003100487680,This is the year that all the earth may know that there is a God in Israel!,positive,1
6530,636198268926492673,"For everyone who enjoyed Rain with us, see Paul McCartney live in Detroit! https://t.co/wP9t8vh6ou",positive,1
7009,632104750511620096,Happy independence to all the people of Pakistan. May Allah keep Pakistan in his protection and Muslims too. http://t.co/qbbPiOTA6e,positive,1
2963,640498928971055104,"Is John Cena made of steel or what? Injured on friday, wrestle the next day.  #Respect #WWE",positive,1
6385,674888793418301440,"Our Top Picks for This Weekend (It's HUGE)   FRI | Twilight Carols &amp; Christmas Market with Peter Combe, Stepney... https://t.co/J29IW9Xr2F",positive,1
1371,633756491917361152,Trying to sell my Jason Aldean ticket for this Saturday. Anyone want to go????,positive,1
1319,639505869101793280,"Donald Trump says he has nothing but nice things to say about Kanye West, but adds he may ""have to run against him in a few years.""",positive,1
3684,633196921784549380,Lol @ when Frank Ocean decides to lowkey drop his album on Spotify and say it was released June 30th  Shits fire tho,positive,1
3119,677872310271934464,Happy Star Wars Day from your friends at The Mongcast! May the force be with you.  https://t.co/X7c3fdHXYg,positive,1
1599,637167847786065920,I may be forever confused by how the world works in it but I do so love the fights in the Naruto series.,positive,1
670,638053904194883584,@Rikoshi @heavyrocksboar I may as well be Naruto with how much I like ramen.,positive,1
535,665221232384700416,@taxbod For when your working day eventually ends .... David Bowie 'Speed of Life' (off 'Low'). https://t.co/yvf7gotiUU #Happy-Friday,positive,1
3384,639815518418038785,"Hear Janet Jackson's Soulful New Song, 'Unbreakable' - Fresh off unveiling the track list and cover for her 11th L... http://t.co/fCZsA2uNDJ",positive,1
1743,663185153930334208,"#MyYouthIn5Words David Bowie, Queen, Doctor Who... (Classic DW with Tom Baker 4th Doctor)...",positive,1
1310,636153385201176576,@JohnCena Did what Jon deserves...perfect AA John Cena will surly be 16th Time World Champion n USChampion Cena the Legend #Respect,positive,1
429,640690820228759552,"I feel like tomorrow on Live with Kelly and Michael, they're gonna show the video of Shawn singing I Don't Even Know Your Name, I'm excited!",positive,1
3853,629462921714774016,I have to admit John Kasich may be the most competent person on the stage...,positive,1
2645,622908901508263936,"The library will be celebrating National Ice Cream Day tomorrow, July 20th! Stop by between 10am- 11am and make... http://t.co/SDDqylh8Nj",positive,1
4189,624016516397137920,Most important news of the day National Hot Dog Day is tomorrow. yesssssss,positive,1
3960,634764101521133570,"Bad Blood drops next Friday!  Hyped!  #theghostisneartour is in Gettysburg tonight, so come hang!  @victoryrecords http://t.co/khYnQb0yeW",positive,1
6033,640118299234291712,"Last shift in the pub tonight, going to see Foo Fighters on Tuesday and then it's back to Stirling on Wednesday. Canny wait!",positive,1
4900,627571145039028224,"@FB_BMB I went to see Mission Impossible Rouge Nation today, I really enjoyed it. Have u seen it? I might go see Ant-Man tomorrow?",positive,1
5204,630077410113921024,"I love ""Bad Blood"" and I love the music video, but it is just Taylor acting a damn fool. Like c'mon.",positive,1
676,625625643951255553,"I was at Eid in the Park, an event hosted by The Ark from Glasgow on Sunday. Fantastic Day, thanks to all involved! http://t.co/RxeeMh2dZv",positive,1
839,679605284290084864,All my FSSs are already wishing me happy holidays (even the ones from Israel!)... I sure am glad I won't have to work all alone tomorrow.,positive,1
2084,638172045952569344,"@e_jaculation but we mustn't forget that on the 7th day, God gave us a Nicki -- Miley take down of epic proportions. Rejoice my child.",positive,1
3909,679653954033180672,"Hey, I'm coming to see you on the 29th of april in Milan!! Can't wait! @counterfeitrock @Jamiebower https://t.co/U4taOJtSAX",positive,1
6656,671398994065661952,Top Gear returns on 8th May! Yes it's Chris Evans and there will be 16 episodes. Clarkson's Amazon effort will be great as well.,positive,1
4139,623518308378107905,National Hot Dog day means free wieners on Thursday - The News Journal - The News Journal http://t.co/1HxnZncS1p,positive,1
1558,635836090176241664,"@JohnCena @WWERollins JOHN CENA, you're my HERO, no matter what! You will get that 16th title, no matter what! Rollins is a JOKE!",positive,1
3529,639698652659851264,Epic weekend on the horizon Foo Fighters tomorrow and hopefully Wales finally finishing the job Sunday,positive,1
6379,635654804719669249,Does anybody in Pittsburgh want a ticket to see the Foo Fighters on Tuesday at 7? It pains me to miss the show but...,negative,0
125,630783683205578752,Still in awe that I'm going to see Sam Smith tomorrow... Counting down the hours,positive,1
5387,638492938935365632,"@Jazmin_Azar1 RT: ""@Niaz_kilam22 @ZaynBritishLad_ Happy 22nd Birthday Zayn! I love you and I hope you have a..."" http://t.co/9GVWJBFE62",positive,1
3817,640395471865966592,If the weeknd doesn't clear up the rumors about him disliking black women tomorrow I might have to pull a kayne on him then pull a Nicki,negative,0
3525,623973818902581248,I have watched every Sharknado and have made plans to watch the 3rd one. Let's goooo,positive,1
2046,677667394165342208,Star Wars day is tomorrow!!! Super jealous of everyone who has already seen it/ is seeing it tonight BUT work decided this for me,positive,1
4580,638092768275894272,"@dustinpari @icecube I just saw this awesome man, Ice Cube, in concert Friday night! A-Maz-Ing!!",positive,1
735,640155776003272704,I am just thankful it's not raining tomorrow for Foo Fighters.,positive,1
5577,627189108499218432,i am going to listen to Calibraska on repeat on my flight tomorrow,positive,1
5434,620637305422770176,"Support Local Business! This Sunday is National Ice Cream Day, why not escape the heat and celebrate with our... http://t.co/Ocqde6NHVW",positive,1
4300,630852967520948225,I'm going to be in Toronto om Wednesday and I would totally be ok with meeting any Big Brother contestant or @ian8inchlynch,positive,1
4068,636832107776618496,"Getting super hype for the tension filled #UntilDawn, PS4's adventure survival horror thriller which is out tomorrow. http://t.co/KxoNueBKQB",positive,1
6657,623975617638305792,Tomorrow's National Hot Dog Day and Friday is National Tequila Day so the real question is will me and Natalie make it to Saturday?,positive,1
17,626347530142396417,Many blessings lately: &amp;nbsp;&amp;nbsp;&amp;nbsp;&amp;nbsp;&amp;nbsp;Got out to the theater last Saturday to see Ant-Man . Not only http://t.co/W89o80a6Tf,positive,1
1952,678699105544224770,Everyone should have Kendrick's album 1st or 2nd he killed that shit,positive,1
6040,639086814037303298,@David_Gergen  Please add Carly Fiorina to the primary debate Sept 16th. Please start interviewing her on CNN she deserves more time on CNN,positive,1
2568,624057536170356736,"I don't care if April is dead or alive, I just can't wait for Sharknado 4",positive,1
3233,639531863887974400,"Foo Fighters, Iggy Pop and Royal Blood on Sunday. Now that's what you call a good gig (hopefully (in fact almost definitely) )",positive,1
2502,630890310067949569,Happy Birthday to My BIG Brother @xTrueGr8ness26x. Can't wait to spend some time with you tomorrow!,positive,1
4182,623054410260856832,Calling all progressives: help us reform the welfare state - George Osborne: http://t.co/Zkv2FCYAgf,positive,1
3032,641250685560950784,"Renamed ""Battle of the Barges"" Bos waterfront fireworks saturday, ""Tom Brady is FREE."" Nice show! http://t.co/VDl0Bm1Fxb",positive,1
1807,671848363139055616,Did you know that 'Amy Schumer' was Trending Topic on Monday 30 for 4 hours in United States? https://t.co/hEkuLcyKBj #trndnl,positive,1
6544,639264577272725505,Shawn comes to Vegas the 18th or 19th &amp; I will go to the airport to meet him,positive,1
2385,627215151037579264,Great article in Rolling Stone on Rod Picott. Check it out!  I'll be interviewing Rod on the August 9th episode... http://t.co/7kJlzuCCWF,positive,1
5181,625730736272728064,The most exciting part of Paper Towns was the instrumental version of Fourth of July by Fall Out Boy that played in the middle of the movie,positive,1
6827,622031496145170432,This Sunday is National Ice Cream Day! We will be offering free gelato on the patio all Day! Flavors include... http://t.co/WRFYqaNwH0,positive,1
5079,625685345368154112,Going to go see Ant-Man on Monday morning. I have the best life.,positive,1
5338,679600316342480896,"Early Christmas Present, Mage Titans Italia tickets 25% off until the 25th! &gt; &gt; https://t.co/15gkd7BLc9 See you in Milan! @MageTitansIT",positive,1
5889,639246416842498049,Just got told I look like Sam smith for the 22nd time,positive,1
7031,636287849457827840,@Brianna_Lovee17 @OhBleep is throwing a free show on sunday labor day weekend featuring some of the top locals at Nirvana in San Antonio!,positive,1
2394,628246899762434048,"@nataweezy lol not you, silly. I'm having Eid at my house this Saturday and I wish you could come!",positive,1
6771,638143097122213888,Kris Bryant that ball just said ouch! That was a laser! 21st bomb!,positive,1
1567,638613814947266560,@BBC6Breakfast playing Papa was a Rolling Stone. Fitting as we packing up the office for our big move tomorrow. Whereever we lay our hats...,positive,1
3554,639839096240779264,THE NFL NEEDS A NEW CEO. Some bookie apparently wanted to shut down the Patriots &amp; made up some B.S. on Tom Brady https://t.co/70PUoxnfeg,negative,0
1030,635634094014074881,see everyone at Dunkin tomorrow we're all gonna need it xoxo,positive,1
4725,625841627827798016,Just saw the trailer for 12 rounds with Dean Ambrose. Yeah that September 11th is going to be good.,positive,1
6532,637049107622793220,If the rumours are true and Hulk Hogan goes into CBB tomorrow I might actually watch it.,positive,1
3556,622761518065713152,Just little old me in the paper today! Here's the Scoop: Sunday is National Ice Cream Day http://t.co/1ka8S45mPK via @usatodaycollege,positive,1
5853,630908828377223168,@Diablothein We do have the new Moto E however - it is similar / better spec'd than the Moto G (1st Gen),positive,1
5695,638073450494496768,"I found out i was gay in the 4th grade...well i didnt think of it as ""gay"" cause i was so young..it was jus like ...""damn"" ... Lololololol",positive,1
3265,629833140283002880,We are 5 minutes in on Sharknado 3 #OhHellNo and already I think this may be the most impactful movie since Schindler's List,positive,1
397,636378666524651521,"I loved the scene in #StraightOuttaCompton where Ice Cube was working on his screenplay for Friday. That was so inspiring, man.",positive,1
469,626337359647260672,Dang! Watch Paper Towns for the 3rd time,positive,1
7006,630892680659210241,Best way to start Monday Night Rollins is with Seth Rollins himself #TheBest,positive,1
1365,635865038788665344,George Osborne parties with aristocrats and downs champagne on his 21st birthday http://t.co/HdcDdR5rFD  George was born a Tosser looks one,positive,1
3052,641297569587425281,Got your tickets for Jason Aldean concert Friday well don't for get to book your limo for it!!! We got great... http://t.co/nNTandt1IS,positive,1
4555,626520310012055552,Gonna watch Paper Towns tomorrow with my friend :D finishing the book right now! #PaperTowns @johngreen @natandalex @Caradelevingne,positive,1
4840,629374433338200064,"@mirithejedi I finally saw Ant-Man on Tuesday I really enjoyed it, the movie was so good &amp; entertaining &amp; I enjoyed the Spider-Man reference",positive,1
5622,675067906326192129,"you can meet the mandem you can meet the fam,1st class shopping trip to milan #manlikegatsby @Beth_garnish @LeannneCoyne",positive,1
5439,677924298867257344,Fun Friday Mashup ---&gt; Nelly's Hot In Here mashed with Bee Gees' Stayin Alive: https://t.co/XEgfZoOz1Z,positive,1
1447,631276597534957568,#DixieYouthWorldSeries: Konner Eaton had an amazing diving grab in center field to get the out for #Virginia (Prince George) in the 4th.,positive,1
5601,638225644787122176,I hope Kanye West is the lead on the 3rd season of true detective. Because this script is writing itself. #MTVVMAs,positive,1
3240,630861825379332096,Getting hype about the PGA Championship on Thursday! As much as I want Tiger to win I'm throwing my duckets on Dustin Johnson.,positive,1
6852,680819757998817281,I write a letter FOR you  At THE meet on 30 APRIL 2016 Milan :) @JackJackJohnson @jackgilinsky     @JackAndJackReal,positive,1
886,639273011040882691,when you have PCD from One Direction and then realize you're seeing Ed Sheeran next Tuesday http://t.co/JIS9Yo7teo,positive,1
4534,678318489157935104,im so happy that danielle may be with louis bc then briana and her stupid family can stop acting like they entitlement and just hav the,positive,1
1658,631249234377900032,Somebody please come with me to see Sam Smith tomorrow!!,positive,1
1165,638869515481313280,This is like the day before my Ed Sheeran concert dude no wait a few days  https://t.co/iSZI5bSl5w,positive,1
999,623744384593362944,Thursday is my favorite holiday of the year... NATIONAL HOT DOG DAY!!!!!!!,positive,1
4022,640197772797440000,"Just realised I'll be going to see Foo Fighters this time on Tuesday, I'm so excited!",positive,1
4904,640657253381599232,@98PXYRochester i would do anything for meet&amp;greets for Ed Sheeran's Toronto show on september 20th. any way you can help?,positive,1
4692,631822350732824577,"The 10th hole seems to be a good birdie hole. Dustin Johnson birdies the 10th, his 1st hole to move to -1 #PGAChamp",positive,1
5930,681188085661593600,The verse of Kendrick Lamar on Black Friday.. Listen to that shit with a notebook,negative,0
1038,641018133243916289,"Of the 2 Milton Keynes setlists the Foo Fighters played this past weekend, the Saturday was definitely the better one. Glad I was there",positive,1
6107,677895513086259202,actually today was very usefull ! i love friday !rest day in irAN,positive,1
2942,630714875019403264,he had a good life and a wonderful wife.. may Frank Gifford RIP https://t.co/B0T5KfD3ir,positive,1
2115,638164805015113728,Nicki is the most talked about tonight and will be tomorrow. No doubt!,positive,1
5015,622833896116219904,The Latest: Ireland's Paul Dunne turns British Open into amateur hour with stunning 3rd round - 7 ...: Ireland...  http://t.co/UuNat7KBZW,positive,1
974,623858822524833792,Many happy solar returns to Prince George of Cambridge as he turns 2 today! https://t.co/fvFB5QcAvg,positive,1
1724,624348550349123584,Eid al-Adha is few months away in September Christianity can also jump in Celebrate due to Same Verse from the Bible,positive,1
2012,661233070134198272,"a full season of Harvey, deGrom, Thor, Matz and Wheeler coming back in June?? sign me up. Lets get Heyward, some bullpen call it a day",positive,1
6817,662255800811954176,@JennMatthews57 Feel so much better knowing Thor will be in the house Sunday. https://t.co/RGsHzCbMgz,positive,1
5430,639671969970003968,"Camila may be on Niall's Instagram, but I'm on Harry's Instagram in his Baltimore picture. Kind of just gonna say I'm the winner here. :/",positive,1
2099,676754399302152192,Happy Tuesday. Our countdown to Christmas continues today with our 2013 release of David Bowie and Bing Crosby's... https://t.co/8cSN1rKVfu,positive,1
3102,640910925986332672,@DPSass @Jared_Carrabis @MattyinMaine @NFL Tom Brady is the defending champ and best qb in the league honey. He should've been picked 1st.,positive,1
2625,637826551044665344,"See tonight, @Merikko gets to enjoy the hell outta some Splatfest on WiiU, TOMORROW I get to yell at bullshit deaths in Dark Souls 2 on PS4!",positive,1
4428,638823290950152192,@CNN Politics Hope you decide to have Carly Fiorina on the debate September 16th. A lot of people would like that.,positive,1
5676,626214291012755456,@EvangelineLilly So I'm a bit late but I watched Ant-man. It was amazing and great job! Can't wait for the 2nd one!,positive,1
5061,623245892053807104,"KPOP may not be my friend, but at least he knows how to make my day a little brighter and my mood a little better.",positive,1
6864,623775251302883328,"A very happy Eid greetings to all of you, May your lives be blessed, ameen",positive,1
4197,681722757818658816,May this new year bring much goodness to Rahul Gandhi that he starts thinking about development of India! https://t.co/YYZ0hz0toO,positive,1
520,638979177908203520,"@JessyJMBS RT: ""#R5FamilyLovesYouRocky We love you Rocky!! &amp;lt;3 @rockyR5 see you in Milan next 20 September..."" http://t.co/gVJ0LenHK5",positive,1
1692,629466594586984448,Was thrilled when a group of kayakers came done the Thomson on my way home from Prince George on Tuesday #Nikon #d810 http://t.co/t4Cy2opID8,positive,1
3980,635233164701642752,"OK #fooFighters just may be my heros today! http://t.co/7LwIobYkPK Foo Fighters ""Rick Roll"" Westboro Baptist ""Church"" (quotes are mine)",positive,1
178,662400077500162048,"So, tomorrow will be time for streams. Dark Souls in the afternoon, very likely Fallout in the evening. Gotta finish that pesky game. x)",positive,1
2799,640036407205953536,Are you ready for this Sunday night when WWE champ John Cena defends his title in the WWE Super Slammmm,positive,1
3954,639964081928040448,next monday is going to a year since my wwa show and niall's bday I am so emo,positive,1
5897,681521578815787008,Top science and technology award of the Islamic world to be awarded in Iran on Friday https://t.co/67vrEGfPY1 https://t.co/WzxHfjD99n,positive,1
4777,623025660747886592,Eid holidays are about to complete and usual routine to begin from Wednesday! had great time meeting w/ relatives &amp; friends. stay blessed.,positive,1
618,639068396600950784,Friday is going to be John Cena Appreciation day. Show your love for the great one by wearing jean shorts. Rt to spread awareness,positive,1
3383,640259718460645376,"@DrMichaelLBrown thank you. I just finished ""Can You be Gay and a Christian"" and it was a blessing. I used it for my adult Sunday School.",positive,1
2151,637494464538394624,Foo Fighters - My Hero dedicated to the Crusaders last drive............. That's what Friday Night's all about dog!!! http://t.co/yeVqIQRB7Y,positive,1
233,638142470505664513,Islam is more than a religion. #GoodMorning  May Allah Bless Us all with imaan aameen  keep remember Allah . http://t.co/5W2L6qWGjO,positive,1
4901,636017112201302016,Attention 2017 girls! Sleep over at my house this Saturday!!! We will be watching the Katy Perry concert movie 43 times :),positive,1
4317,641310161534099459,That's us signing off. Tweeting resumes from 7am tomorrow. Safe travels and enjoy Foo Fighters if you are going to Murrayfield tonight.,positive,1
2654,676774904004534272,I really just found out that Kim Kardashian and Kanye had their 2nd baby like 10 days ago. Where the hell have I been? LMAO,positive,1
3558,675418663579701248,TFI Friday and Chris Evans need to fuck off back to the 90s,negative,0
971,641338442077466624,"Saw the PlayStation 20th Anniversary PS4 controller up close today. Oh, man, do I want this (as a huge fan of the original PlayStation).",positive,1
434,627870978568253440,"Thinking about Zac Brown Band and @The_Handle_Bar ? Well ""Keep me on mind"" for a ZBB ride 5pm Thursday at Fenway!",positive,1
1323,639152090384830464,"no sleep the week of TTK. 24 hour stream of TTK Launch with @GjallarhornRL on PS4, and then Kings Fall Raid on Friday Night. Yasssssss",positive,1
5629,664923333822148613,As long as it's not Chris Evans standing in!!!! https://t.co/zrl6NL3uWT,positive,1
3889,623851910953631744,"@ED92live National Hot Dog Day is tomorrow, according to that calendar you found. http://t.co/xt0HQVJNTs",positive,1
3679,637234794078728192,@StuRobson and it has some cracking 3rd party downloadable games too. PS4 is more of a long-term console with OKish games at the mo imo,positive,1
581,639261243136540672,Going to the Foo Fighters on the 25th!! Now just gotta see when RHCP comes out here,positive,1
6488,673137504422334465,"I'm on the 5th episode of this season of Arrow, Curtis is a new favourite character, Curtis and Felicity are the only ones I really like",positive,1
5658,676650985859641344,"@fineassnjh Go rest, see you tomorrow. #MTVStars Lady Gaga",positive,1
617,634996422631362560,@hues_of_life Next Saturday do you want to go see Paper Towns and go for noms to celebrate? :D,positive,1
4607,674271492327149568,"@DylanHayes2107 come to day for night with us on December 20th. Death Grips, Flying Lotus, Kendrick Lamar.",positive,1
1804,674505457625645056,@staceyyy_ James Bay is on Radio 2 with Chris Evans either this Friday or next (I think next),positive,1
7076,626640095454478336,Nirvana and whiskey it's a Wednesday night get wit me,positive,1
2260,623987109578297348,Also tomorrow: Mayor Tory to celebrate National Hot Dog day. I'm told he will not be pulling a Kobayashi + doing any hotdog eating contests,positive,1
1516,681559105014751232,Twilight - Sauble Beach has just become my 13th picture to record 300 views. https://t.co/B174FydMAo,positive,1
92,620733114361487360,"#bbcdp Great to see EU Solidarity from George Osborne whose 1st Worry was about the effect of GREEK Crisis on UK Economy, not Poor GREEK Ppl",positive,1
2219,667221785671245824,I have a lot of plans for my day tomorrow. And by that I mean I'm going to accidentally play Dark Souls for 5 hours. &amp; still whine about it.,positive,1
4845,621773633397129216,National Ice Cream Day is this Sunday!   We will have free random give-aways all day!  #welovebensons #nationalicecreamday,positive,1
1973,622780437648289793,"Today is National Ice Cream Day, healthy and refreshing!! Come and enjoy this day with us!! Have a great Sunday! http://t.co/Hr8W5jTc9K",positive,1
2682,625450141554765824,You know you go to Dunkin' Donuts too much when the worker there says See you tomorrow #99centIcedCoffee,positive,1
2831,639956055427035136,@baileybeaudry molson amphitheatre!! Seeing Zac Brown Band!! and he and his crew just came and sat in front of us ahah,positive,1
3965,632982709464363008,"Dustin Johnson looks like he really wants to be on the Not Top 10 tomorrow. Any press is good press, good looks",positive,1
4430,629408186555047936,This literally may be one of the best week's in a long time on a Big Brother season. #BB17,positive,1
6319,641398904404230144,One and only time I am rooting for the Red Sox is tonight and tomorrow,positive,1
3103,634191377320968192,Extra ZAC Brown Band ticket for Friday is anyone is interested !!!! (You get to sit with me and my sisters),positive,1
5856,620556114665566208,"Go Set a Watchman, the only other novel by Harper Lee set to be a hit as it's released in stores tomorrow! #goodreads http://t.co/9gyyCsLh5N",positive,1
524,680611760144019456,Holy crap I literally just now realized that it is Friday and I didn't upload the new Dark Souls video.  Great.  Great!  GREAT!,positive,1
2980,640489709827919872,"ICYMI: #BlueJays David Price earned his 100th career victory on Saturday against the #Orioles (7.0 IP, 3 H, 1 ER, 4 BB, 8 K)",positive,1
4219,676631249188839424,"Kendrick is reinventing the rap industry, he may be not winning as much as other rappers, but shit that music is fucking worth it. TPAB",positive,1
6707,633912013140439040,August 24 I will go to New York for the Summer Slam !!! Do not wait when Undertaker Funeral career Brock Lesnar. http://t.co/NzeP7lhs9z,positive,1
6705,635886498789896194,i'll just be over here begging my dad to take me to see paul mccartney at nationwide in october...,positive,1
3999,638779003181121536,"I can't remember the last time I was as excited for a new album as I am for Iron Maiden's ""The Book of Souls"". Friday, get here already.",positive,1
5185,634621600155877377,"You would think being the first Music Video without Zayn, it may not do so well, but in reality it's freaking awesome #DragMeDownMusicVideo",positive,1
5396,636053495544606720,@NY_Mets_News David Wright is the 2nd best player on the #Mets now,positive,1
5424,660483821662507008,@WillingBlam Today's my 21st birthday and it would be awesome if I could get a birthday reply from Thor!,positive,1
3568,641655007239106560,"#yoga and bier this Saturday @kcbierco with Annamarie at 11:00!  Donation Yoga, bring $ for Bier.  All proceeds go to @yogagivesback!...",positive,1
23,641023328296288257,"Thursday will mark Tom Brady's 14th consecutive opening day start, the largest active streak in the NFL! http://t.co/DcyQ7M9NKL",positive,1
2190,631846744637181952,Dustin johnson always starts well 1st round leader 20/1 !! Must had a fat one b4 he started !!,positive,1
2864,639334490905513984,@cris_doe &amp; 'Houdini' by the Melvin's. 2nd best grunge band under Nirvana. Honey Bucket and  Night Goat will make u want to punt a baby lmao,positive,1
5412,633993246709010432,"sat in my room, listening to the room and frank ocean.... how moist am i",positive,1
714,640468509743521792,"George Osborne portrayed the night tube to aid low waged workers but only on Friday &amp; Saturday, lying again George? https://t.co/zN4oLnKYa4",positive,1
4315,634587350467637248,@icecube finished watching it for the 2nd time! I got nothing but respect for you Ice Cube!,positive,1
6886,680098715546349568,"As jealous as I am, I can't wait to see my sisters reaction when she opens the justin bieber tickets she's getting tomorrow",positive,1
7111,627608153316831232,"Honestly, I'm liking Kendrick's ""Bad Blood"" verses a lot more now. May be able to elevate the song to being really good to me.",positive,1
707,627187764958752769,ICYMI: The new YA coming of age story PAPER TOWNS may be a tad cliche but it finishes strong and boasts a good cast http://t.co/ZO6toJTvou,positive,1
5103,637837440766492672,the scenes that involve Ice Cube and Johan Hill in 22nd Jump street are the best. Like literally gets me in tears every time,positive,1
3866,631834653855481856,"@smoothfuego1 I understand, you enjoy Ant-Man and assure you it will start on time when you return tomorrow",positive,1
966,641066223007059969,Who's seeing Ed Sheeran tomorrow night? This guy. @edsheeran you should buy me a beer cuz I can't afford one.,positive,1
3321,679612671776395265,"As the world marks International Human Rights Day on Thursday, Iran is continuing its execution spree&amp;#160;with the announcement that a",negative,0
1930,633805578318573568,David Wright goes down swinging on fourth AB. Had a couple nice looks. Just couldn't connect. He's at third to start the 8th. #Mets,positive,1
4568,633345798109990912,"Carly Fiorina may very well be the smartest woman in the world. Next to Angela Merkel, that is. https://t.co/Y520oqEh2j",positive,1
1888,641602205359980548,We have added a second night of Yoga which will start this Thursday at 7:30pm! Hope to see you there! #YMCA http://t.co/4aVrT2UIxn,positive,1
3541,674538321138159617,"Cate Blanchett isn't a tall poppy, she's a redwood. Long may she continue to grow. #AACTAs",positive,1
1334,622857316363317248,Yes it does feel like 106 in the sun. And it happens to be National Ice Cream Day. https://t.co/8yNIsijYTx,positive,1
180,639432391577182208,You're going to miss me singing a Frank Ocean this Friday if you do something other than this: https://t.co/1ZavuTaC8H,positive,1
1750,624162479640289280,Apparently it's National Hot Dog Day today! May have to get some for dinner.,positive,1
6944,665948605358972928,"TCNJ saw off St. Lawrence yesterday in their 1st Round match 4-1, with two goals from Scognamiglio and a goal each from Curtis and Cummings",positive,1
4864,638666306015789056,@rinashah I have been using Moto G 2nd Gen for over a month now and it's an absolute delight. Stock Android. Good design. Best.,positive,1
986,628973293895335936,If you liked Ant-Man you may enjoy Law and the Multiverse's discussion of the whole robbery/burglary distinction.  http://t.co/3H0fDKB9Ui,positive,1
358,633760001471967232,That was absolutely the most amazing episode of Monday Night #RAW #MINNEAPOLIS ALL HAIL BROCK LESNAR!!!  #BrockHomecoming,positive,1
1928,627296698436612098,"Seeing Ant-man for the 2nd time (@ AMC North Point Mall 12 - @amctheatres for Ant-Man in Alpharetta, GA) https://t.co/Cq4u1kX4GM",positive,1
4974,640990648301056000,Murray has decided to only hit Aces. Already 4 and it's just his 2nd game !!,positive,1
3887,633540631529439232,I'm just ready for this weekend. Tattoo Friday. Off Saturday. Jason Aldean Sunday. Only things to look forward to.,positive,1
1333,620027768131203072,Tomorrow 51beautiful women from all over the USA come together to compete for one crown and one title of Miss USA... http://t.co/b8lFE7naZS,positive,1
5693,637757681185484800,Eid is a day to wish and make merry together. May your life be full of such great days! Wish you all splendors of this beautiful E,positive,1
5950,625040915191754753,"PRINCE GEORGE TURNS TWO! ""We are mildly amused,' the young Prince was quoted as saying upon 1st cake-nibble. DN https://t.co/xb44YK15ih",positive,1
3017,639486523558072323,"Tonight, September 3rd, Stop by for your chance to win:  2- Tickets to see JASON ALDEAN, September 10th, on the... http://t.co/hOKhyIEvoZ",positive,1
2432,664729687323709440,My favourite Beatles song has to be Here comes the sun by the Brilliant George Harrison. The number one Beatle in my opinion. #Beatles,positive,1
6261,631271642723958784,im just excited to cry to some frank ocean on the way to school tomorrow w @michaelpence97,positive,1
4808,622894976909901824,Great day of sun and blue skies!Great day of Sport! Paul Dunne story of the day! Aussies weren't half bad either!,positive,1
1533,633816232433721344,I'm going to be so ready to go over to Christians tomorrow after school,positive,1
6787,641086464483168256,The only time it is okay to discriminate towards Christians is with handing out presents on 25th December.  #refugeescrisis #auspol,positive,1
6600,639296190475931653,@1075theriver is there a contest for Ed Sheeran? Im flying to Nashville to see him for the 11th time &amp; would love to finally meet him,positive,1
3443,679547578438975496,"S. Korea welcomes chance to diversify oil supply with US, Iran crude: SEOUL Dec 23 South Korea is eager to inc... https://t.co/ooqjBE3G31",positive,1
3295,640970869297311744,"mom: ""So you got U2 on Wednesday night... what time does college start on Thursday?"" me: ""8:30"" mom: [walks out of room laughing maniacally]",positive,1
1499,641567636615249920,Tom Brady gone get it tomorrow hopefully he ready,positive,1
1814,632238225692753920,It was a nice experience sharing some insights on Peace n notably the Boko Haram story with young men and women last Wednesday in Cameroon.,positive,1
4809,624018696760074240,Come in and celebrate National Hot Dog Day Thursday July 23rd. 50 cents each. Limit 4. Line forms to the right. # hot dog.,positive,1
2921,635971390403809280,David wright 1st game back and he goes deep,positive,1
5516,627152967913738241,Go through the best flip covers and back covers available for Moto G 3rd Gen  http://t.co/YYLDdP3TJP #Motorola #Smartphones #MotoG3rdGen,positive,1
661,626833307481833472,5th day in! I have lost the 1 kg I gained during Eid (that I had lost during Ramadan) 9 more to go! I have... http://t.co/fJ9nr39lXE,positive,1
2763,638337562185109504,Happy Monday! Kanye West is running for President of the United States of America... http://t.co/bPlO6ekKVJ,positive,1
4649,623821243561734144,"#KCA #VoteJKT48ID CaroleMc87: Happy 2nd Birthday to Prince George, the wee dote  http://t.co/aipVKxmb6T",positive,1
5342,628411941187375105,tomorrow will be the day I get up and go to dunkin in the morning I feel it,positive,1
6317,673987106948186112,@Godforshort_ @HIFTBABG C'mon man don't get me wrong Cole had a great album but Kendrick gonna take it home,positive,1
1472,625240801925173248,Your soul may belong to the devil but your ass belongs to my client Brock Lesnar Undertaker my fav but that line was classic @HeymanHustle,positive,1
2736,631111739061501952,"In a debate dominated by Trump's over-the-top personality, the real winner may have been Carly Fiorina. And she... http://t.co/1AmvLyhjVI",positive,1
2103,636362190249857025,"@World_Wide_Wob close second to the David Wright video for your best work of the week, but hey it's only Tuesday",positive,1
4141,676677187391627264,@OfficeOfYG Like calling Rahul Gandhi 'Yuvraj';may not be to @dennistarapore's liking;but I think it makes a point about elitism;OK by me.,positive,1
1199,675121152554098688,Oscar-winner Cate Blanchett may soon be joining the Marvel universe.  YES YES I DONT CARE WHAT SHE WILL PLAY YES YES,positive,1
2408,639996739739496448,"6 months ago my mom didn't know who Ed Sheeran was.  But she has backstage passes to his show in Dallas tomorrow, so there's that.",positive,1
5509,639920896950431744,"@taylornation13 I love Taylor Swift I'm going to her concert on September 13, I love all of her songs especially  Bad Blood she is my idol!",positive,1
5902,625586775101014016,"Ant-man tops North American box office: Marvel action flick ""Ant-Man"" stayed atop the US box office Sunday, ... http://t.co/M5wQtM9aEl",positive,1
5408,640183767362093056,"If Milan win the derby next Sunday absolute banger at my house, I PROMISE",positive,1
3680,623845149739753473,"@KensingtonRoyal happy 2nd birthday to Prince George, hope he has a fabby day xx",positive,1
2383,671518947225694209,Kendrick Lamar has surprised us with an extraordinary freestyle on black friday. he got this inspiration from the legendary J.COLE,positive,1
7027,636952374742003712,When you're leaving Saturday but your cousin offers you an extra Foo Fighters ticket...,positive,1
4172,624222818377445376,@ritchey_ritch Not misinformation.. whoever planned National Hot Dog Day should just know that the 4th of July is actual NHDD,positive,1
4124,623975414206173184,Do you know what tomorrow is??? It's NATIONAL HOT DOG DAY!! What JCI dog are you coming to enjoy with us tomorrow?? http://t.co/QYLbjLHHcx,positive,1
3807,640361417401569280,i just saw a man on 14th st with a Janet Jackson tattoo,positive,1
6075,674153358807068672,Pub trivia and the $100 bar tab who am I question comes along. Oi. I get it after the 2nd clue. The answer was Kendrick Lamar #winning,positive,1
5788,623241698525642754,"Come out and celebrate Eid with your fellow UMCP Alumni, Insh'Allah this Wednesday at Busboys and Poets, in Hyattsville, from 5-8pm!",positive,1
6154,672052944347492353,Knowing Me Knowing Yule! Alan Partridge to co-host TFI Friday Christmas special with Chris Evans on Channel 4. Can't wait to see that! A-Ha!,positive,1
7071,627512841369620480,i was internally screaming when i heard the intro to Fourth Of July in Paper Towns,positive,1
2094,622831020958552064,"July 19th is National Ice Cream Day! We want to know what your favorite Ice Cream place in Chester County is, post below!",positive,1
5242,638722531080409088,"We may believe whatever we want about gay marriage. But God calls us to love, not to condemn.",positive,1
4764,624584853393047552,#Sport - Floyd Mayweather puts in more hard work and dedication ahead of September fight before posing with a... http://t.co/y47rJEUzFi,positive,1
1829,679387622347841536,"@BrianaBanksxoxo Good evening Briana, I wish you a good Tuesday and an excellent Christmas Eve :-)",positive,1
3793,636376930087006212,Ice Cube managed to make all three Friday movies different but all still hilarious,positive,1
2997,676222720758026241,In honor of the release of Star Wars: The Force Awakes this Thursday December 17th is Star Wars Day at NWPHS.... https://t.co/pV3Y634ZXX,positive,1
3429,636503375086026753,"LONDON, Aug 24 (Reuters) - British finance minister George Osborne will take the government's campaign for reform of the European Union to",positive,1
3946,637008957039620097,@Marisha_Ray As long as tomorrow is National Hot Dog day and Saturday is National BBq Day,positive,1
4551,633718788203126785,"John Kasich, a powder-blue Republican, perfect for the Sunday talk shows. https://t.co/MKQ2QBm3Ta",positive,1
5772,636880660699852801,Blue Jays win 5th straight behind birthday boy David Price: When the Toronto Blue Jays traded for David Price ... http://t.co/DYlozt39yu,positive,1
1433,663921925719240704,and the 17th is Star Wars Day :D,positive,1
3931,668106067339948032,Coming December 11th &amp; December 12th LIVE on PARTY103! We celebrate the Epic 100th Episode of Curtis &amp; Craigs... https://t.co/qTvY21ABKj,positive,1
322,640459282778062848,"Yoga, removing the obstacles that may obstruct our light shining through #letyourlightshine #share http://t.co/B2IQgIw4cB",positive,1
2814,674455596041564160,"Actually may fit-1.Leonardo paints1493 Milan""Old Caterina""2Overpaints it1503""Lisa"" 3Overpaints with""Young Caterina"" https://t.co/dnTQR42prk",positive,1
1713,672982999953252352,I get to see Amy Schumer live tomorrow. I'm literally the luckiest girl on planet earth,positive,1
2072,639132640717733888,Janet jackson is back (and she brought some extra saggy pampers pants with her) http://t.co/NOYEU48Aiz,positive,1
1229,622126711367434241,"National Ice Cream Day is Sunday - yes, there's a day for everything. Start your weekend off with a healthy... http://t.co/lJWiBr4Doc",positive,1
1981,633430765942915072,Randy Orton opening the show tonight like he should be on Sunday. #SummerSlam #Raw -BW,positive,1
6584,637022240001916928,@ItsReallyRach I'm going to the White Sox game on Labor Day. 110pm start. Free tshirt Monday!!!,positive,1
2677,639900836093669376,Meek Mill really dated Nicki &amp; thought.. I'MON TOP OF THE WORLD. Thats what Love does to you man,positive,1
346,640534142862667776,"@GarethBale11, Hii Bale how r u bro on 12 Sep match is their, so all the best for the match and I hope my favorite real madrid team will win",positive,1
5038,631846565859229696,see that dustin johnson is a co-leader right now. will take him serious if he is in top 3 on the final 9 sunday #pgachampionship,positive,1
5189,631915276653596676,#Jays David Price on the bump tomorrow with his #WinningAttitude  David throws the ball and dares you to hit it and that's how he wins!,positive,1
5433,638325090514522112,"At the VMAs, Kanye West Enlivens A Show Built Around Old Narratives TIME-8 hours ago https://t.co/Y32KCPaNTx",positive,1
4327,629769585122787328,"David Price will take the mound Friday night, his first road start as a Blue Jay. Yes, life is very good in Toronto. #BlueJays.",positive,1
1351,634751242225471488,My hope is that John Cena fighting Seth Rollins this Sunday is a result of the whole Unexpected Cena meme that's been happening lately.,positive,1
5264,634181169257562112,"Holy crap!  watched @JohnCena 's promo when signing the contract to face Seth Rollins. WOW! ""This Sunday, I'm gonna make you mine"" (bitch)",positive,1
1839,638890652051353601,It's almost 10pm and school is tomorrow so I should probs go to bed but I'm just going to listen to Kanye West all night,positive,1
6965,628404880043048961,I just have a very strong connections with Paper Towns. Probably my 2nd favorite book of all time.,positive,1
1362,636524945997230080,"August 26 is National Hot Dog Day - don't worry about what's in them, just enjoy!",positive,1
3506,622306992401588224,Hip Hop with some KPop flavour today! Beginner Hip Hop w/Vincent every Wednesday and Friday from 6pm to 7:30pm!... http://t.co/4e65Z4L9Nr,positive,1
7165,639160375724785664,"Bagged some tickets for The Libertines @ the 02 Acad this Sunday , then I've the Scotland v Germany game Monday then Foo Fighters Tuesday!",positive,1
1742,635722486949265408,The song 'Sunday Bloody Sunday' by U2 has a whole new level of real for me. After visiting the city and memorial sites #history,positive,1
832,663966623078871042,Saturday Night Fever - John Travolta - Bee Gees Me at the Mall... https://t.co/irxFAXQ5ns,positive,1
1084,638540862394265604,@bluebella18 I was literally thinking we should do the same for Fri/Sat nights. We spent the night in Brissie for Foo Fighters,positive,1
4113,640683286910496768,See you on Saturday @edsheeran !!   5 days 23 hours 1 minutes 6 seconds until     ED SHEERAN IN ATL  #countdown http://t.co/AXcTOwXLP5,positive,1
5718,640650153356054528,"@smhcashew RT: ""@popstarmagazine @ShowOfTheSummer #SOTSWithPopstar I love all the artists but Shawn may be my ..."" http://t.co/VUBHIbGixQ",positive,1
3461,635875848994877440,Happy Monday! Here's Jon Stewart taking it to John Cena to brighten your day lol #WWESummerSlam https://t.co/WTQhwgMyST,positive,1
5918,629478101672689664,Tomorrow is my last day at dunkin after 3 years.. Bittersweet,positive,1
652,668208865033457668,The reason TFI isn't as good now is cos the 1st time around Chris Evans was on the verge of a breakdown and it was incredible watching him,positive,1
6956,636916094708658176,She's currently preparing for the return of Celebrity Big Brother on Thursday but Emma Willis was looking relaxed in Edinburgh on,positive,1
1933,641085730891169794,Nothing like eating pizza watching John Cena wrastle with the roomie on a Monday night @liz_Jones26,positive,1
5035,680872109871132672,"@lebedeva170377 May #beauty &amp; #love rest within your soul. Have a wonderful day, Ira! https://t.co/CWvEIxbfAF",positive,1
2367,675100987342876673,"For those that wanna see Inside Amy Schumer's Golden Globes , it may happen! #cantwait https://t.co/3P2aTZQXYe",positive,1
353,681616963886514176,"I love Israel and I will always support you, come what may. https://t.co/hGyUOOyhqG",positive,1
43,641355499368116225,"It's 10pm. I'm sat in my chair watching #RoyalRumble, spaMing @MoistStrawberry with Brock lesnar gifs. Great night. http://t.co/FGAayXrnyD",positive,1
2648,641122389342863360,Wondering About Carly Fiorina on the 2nd Amendment? Wonder No More. http://t.co/NKWgaA7lZ5 Trump has supported gun control. #Carly4President,positive,1
7019,672342023115038722,Happy Thor's day Twitter friends ! #thursday #lol #cats #funny #humour https://t.co/gAb6drTleP,positive,1
1942,639756137345060864,@Keris Their faces in the 2nd one are super cute. And I love that Liam is all collared shirt and Niall busts out the shorts...,positive,1
2038,623522362172936192,"Allahu Akbar! ""@ManUtd: Happy Eid! May every year find you in good health. #EidMubarak http://t.co/UlMCikHP31""",positive,1
2001,670720671144525824,"We just sold our 1st copy of the limited edition Rise of David Bowie. Now there are only 1,971 copies left: https://t.co/TQGjW0UIZX",positive,1
485,632065592015458304,my manga phase started in 3rd grade with Naruto and honestly I don't think it's ended https://t.co/OCLnvn888N,positive,1
1921,640554833796329472,"Elwira will be singing Bad Blood, may the God's be with her #IdolsSA",positive,1
5481,674398187105333249,@dcgassert Curtis you've looked all the way back to June I think you found em all.,positive,1
248,674080913119125505,Another one in February too?!?! Ohhh plz be with Kendrick!!!!,positive,1
1652,637237943510376449,seth rollins is going to be in daytona on sunday and i need to be there.,positive,1
4047,623443068373463041,IK is going to Pew tomorrow 2 meet families of Shuhada of Army Public School.He should have been there with them on Eid nd after Eid,positive,1
4807,641146242442006528,may or may not have just signed up to do morning yoga at the sleeping beauty castle hehe,positive,1
96,633794214585847808,David Wright leading off the bottom of the 5th. Two walks so far tonight. Let's see more! #Mets,positive,1
141,632636515127050240,why pack for moving to college tomorrow when you can watch three different trailers for Ant-man instead,positive,1
2370,677717725230342150,Festivus is back this year with a new look. It is now Festivus Twilight and will be on the 15 January from 4pm to... https://t.co/7HEM8Awfuv,positive,1
6718,630468116884127744,"@mkgoblue @KySandy / Monday night football was must see TV back with Frank Gifford, Dandy Don &amp; Howard Cosell. They had the magic mixture.",positive,1
811,640446562326433792,"@CuquinhaSmile RT: ""@dallasexuals ""tomorrow never dies"" (5SOS) but also in love with ""aftertaste"" from Shawn"" http://t.co/o4tsrX9Ks1",positive,1
7011,665380072363159552,"@SamaelGore that's alright. Keep fighting the good fight &amp; as with Charlie Hebdo, long may the real France endure. A great people.",positive,1
1999,640604264243535872,The first time I ever watched Shawn on tv was on Michael and Kelly and now he's gonna be on the show tomorrow I'm emotional,positive,1
4801,622824820162441216,In Rory's absence Paul Dunne is representing Ireland well in The Open!!  1st amateur since Bobby Jones to lead going into the final round.,positive,1
1119,666841993448787968,"#LiesToImpressPeople I was in the 2nd to last row in the stadium concert &amp; David Bowie talked directly to me. Actually, he did. Impressed?",positive,1
4704,675558316098117632,"Jesus. Edgar is talking like he's trying to impress his dad (in this case, Dana White) after his 6th straight A+ exam. Give him the shot.",positive,1
6434,639462640528556032,En route back to Turin after a perfect day out in Milan. Looking forward to a chilled day tomorrow and the #U2 gig tomorrow night. #U2ieTour,positive,1
6986,636528377201975297,You look at some people and you see the meaning of Islam. May Allah make us one of them!,positive,1
1900,679004743595765761,"@Ollisbear Time for the sun to set at 4pm, and bask in twilight until 9am the next day! :D",positive,1
5226,640677207455600640,"A new: Big Brother, I am Cait and Bachelor in Paradise and another day off tomorrow!!! Yippee!!!!!!!",positive,1
6668,640548517753266176,my parent's said i can go to milan on the 26th so I'M MEETING LENA IN LIKE 3 WEEKS I'M SO HAPPY,positive,1
445,677058222432362496,"Good morning!! Today's my 6th day of work in a row and I should be super tired, but no! Because it's Star Wars day!! Less than 16 hours!!",positive,1
5212,638893380861300737,"Congrats to Jan Bradley, one of our Jason Aldean ticket winners - enjoy the show and thanks for being a SKY4 fan! http://t.co/9dKYzhV2PR",positive,1
2322,626901393543155712,Paul McCartney's 70th birthday is tomorrow.  We MUST get it to trend! :),positive,1
1063,623817680747896832,"Happy 2nd birthday to Prince George, the little gift that keeps on giving! #HappyBirthdayPrinceGeorge http://t.co/Mo5hIvTWuK",positive,1
6929,623737301751963648,Happy 2nd birthday to Prince George. Love the cute photo that has been released. http://t.co/X87RU3eFVh,positive,1
208,626593806318604288,News channels should stop telecasting the Yakub's news. It may lead 2 communal disturbance. Rather they can cover Abdul Kalam's last journey,negative,0
4265,631978625164685314,Prince George and Princess Charlotte's cousin Mia may be the coolest royal tot of all http://t.co/Armos9O4jH http://t.co/X8avrV84YP,positive,1
2974,630645357731393536,Carly Fiorina's message to the NRA's Annual Meeting &amp; support for the 2nd Amendment.   http://t.co/pGjYrsyWPQ,positive,1
6784,633451754059776001,"Due to my boyfriend, Ice Cube, not actually being in the movie ""Straight Outta Compton"" I will save my hard-earned cash for ""Last Friday"".",positive,1
602,635940847566090240,May have a slight obsession with David wright #CaptainAmerica,positive,1
4696,638958609288683520,Imm make that Katy Perry snap for my niggas tomorrow,positive,1
3651,638184033495744512,Can't wait to hear people talking some new ish about Kanye West tomorrow,positive,1
5896,619998879447162881,"Watching Miss USA tomorrow JUST to see @TravisGarland perform, I'm obsessed with his voice",positive,1
1861,636398734159515648,just tucked in Niall !! says he wants to go golfing and then train those chicken legs tomorrow. big day ahead of him. http://t.co/Kul4cvike5,positive,1
6121,674433003116961792,I have one on Saturday with this really cute girl named Briana and I'm v nervous cause I still have a massive zit lmfao,positive,1
5797,637276682898960384,I see shawn tomorrow with my best friend ohmvx,positive,1
5131,622539654638751744,Gotta have a Callahan's Hot Dog Thursday for National Hot Dog Day with all the trimmings Fries or Onion Rings and Root Beer.,positive,1
7025,640702716797431808,Is it me or Celine Dion and Caitlyn Jenner look alike?   Yep! This is my kind of Sunday's question. Ok! I'm gone!,positive,1
6565,623841753519493122,"Happy Birthday Prince George, you are so cute https://t.co/ryeurRTJoO",positive,1
1768,622857481086222336,A touch of class from the R&amp;A putting Paul Dunne out in the last two ball tomorrow. What a day ahead for him. Everything crossed. #gogetem,positive,1
4735,641567645335203840,"Best of luck to the 8th Grade CBC RUSH students on the Chapin C Team Football.  Let's go Caleb, Jarrett, and Shawn!  Praying for you guys!",positive,1
6364,679365675157090304,@Nisem0no ooh yea zelda would be pretty fun. i just need to dig the disc out. i will most likely do twilight princess Wednesday.,positive,1
5413,667775514183122945,Glad to hear there may be a bigger more public memorial to those killed by IRA terrorists at the Birmingham pub bombings,positive,1
2570,637761734414102528,"Been a long day. Wrapped up book for good prior to proofing, article on Balotelli's Milan return (out Tues) and a little something special!",positive,1
402,629394968952508416,New video is live! RT! Enjoy the vid guys :)  Moto G 3rd Gen 2015 Review! https://t.co/LetbiL8xkJ via @YouTube,positive,1
970,639131441608003584,Been following Naruto since I was in the 4th grade. I remember rushing to the TV Saturday night to watch it at 9 pm on Toonami.,positive,1
5064,641626453835141120,I dunno if I'm more pumped up for football season or just to watch Tom Brady curb stomp the Steelers tomorrow like he curb stomped Goodell,positive,1
4832,623056448721932288,Job on Eid's 3rd day is fun man,positive,1
3878,637022277469650948,Ed Sheeran may be the best musically talented person of this generation,positive,1
2309,637689843712163840,"@NiallOfficial Niall please follow me, my birthday is on september 25 and a follow from u guys would be the perfect gift",positive,1
3512,638473505399439360,So excited! Will have to buy a PS4 just for this game https://t.co/0NfYuT434f,positive,1
4254,670558328980926464,Those of you who hang on my every word with regards musical recommendations may be interested to know that I like the new David Bowie track.,positive,1
3289,637672312427274240,"1st Giroud, now Kane, lol what a funny day #TOTEVE #Spurs #Everton",positive,1
3483,626112561264525312,Ant-Man is one of the funniest Marvel movies we've watched. Check out our spoiler free review! http://t.co/VPR25xu1LW http://t.co/GSTr1mpWQD,positive,1
5810,626602500330684416,"#Happy birthday Yakub, may God make you human next time..",positive,1
5911,680867332848144384,"open 24/7 = open on the 24th of July #carrefour you r doing it right @ Milan, Italy https://t.co/fbcMkwfBtc",positive,1
6587,638188411329847298,"Walks into work tomorrow morning: ""Kevin how was your weekend?"" Oh it was great, Kanye west made me understand my whole entire existence",positive,1
499,637248229885784064,There are few things as humbling as being present whilst hundreds of Muslims pray at the mosque on a Friday. Have a blessed jumu'ah.,positive,1
5652,628301597148254208,David Price does the #Tigers a favor in his 1st #BlueJays start. Jays W vs #Twins pulls Detroit 1/2 game closer 2 2nd WC. Now 3 gms back.,positive,1
3618,639517166065332224,I made it to Boston! Going to my first Red Sox game tomorrow! #Jacked #Bahston #ClamChowder #BigPapi #FreeBrady,positive,1
3615,638513461996191744,"Although it's not Paul McCartney, just bought So You Think You Can Dance live tix in Nov for mom and I. We'll make it a night out   :)",positive,1
859,630554542766030848,"Frank Gifford, Dan Dierdorf and Al Michaels formed one the greatest Monday Night Football (#MNF) broadcasting teams.",positive,1
6863,632178020288196608,"@zaynmalik Blessed Friday to all of us the Muslims,May Allah forgive us about the mistakes we've done",positive,1
6995,677281899476291584,"Mick Jenkins may be the best rapper alive and this is strong consideration of Kendrick,King Los,Ab-Soul,Big Sean,Vince Staples and others.",positive,1
6354,639500086851059712,Now playing on #UrbanGold : U2 - Sunday Bloody Sunday  http://t.co/q9six47R1S 80's : Nothing but the best!,positive,1
2102,622821832652144640,Delighted for that young man Paul Dunne making the British Isles so proud today.  A bad round tomorrow &amp; you'll be Irish again #TheOpen2015,positive,1
185,633578942251798528,Tomorrow an Asian frien is going to cook for us and the we're going to the cinema to see Paper Towns.,positive,1
825,680404747237494785,but on the bright side IM GOING TO JUSTIN BIEBER IN MARCH,positive,1
6498,622760599680892929,"National Ice Cream Day arrives this Sunday, July 19th, and you can celebrate by diving mouth-first into free ice... http://t.co/GMlLoBSGC3",positive,1
1901,678051953461587969,Tomorrow is the big Dark Souls race between myself and @PewGeminiLive   Starting sometime between 9-10AM EST  Be there!,positive,1
5009,623142545741250560,Good comeback from Paul Dunne. Birdie on 5th and he's back to square today. Solid mental achievement. #TheOpen,positive,1
837,638452556864352256,#ThankYouEdSheeranFor all the great songs you've written and that amazing concert in Milan on January 27,positive,1
4811,625730289352986628,"@tomlennon @iamsteadman @probablydrunk I'm a dumb, the missus booked a sofa at the electric tomorrow for Ant-Man. Fancy it tomorrow?",positive,1
1818,638704305634021376,@sinohi1 Meccan Trade and the Rise of Islam is one of the most important books of the 20th c. on this topic.,positive,1
5215,633076792790618114,Ice Cube son and @DCYOUNGFLY to do an our generation Friday would be the DOPEST thing ever!!!,positive,1
5300,639488977838440448,Thank god brendan let @FinallyMario go back to Milan cuz he is to good to be sat on a bench. #Balotelli #goalmachine http://t.co/nD73jeo6RM,positive,1
3942,676463577910374400,If I can get it done by tomorrow night at the end I will have #MTVStars Lady Gaga,positive,1
627,623574163249217536,"GET YOUR DOG ON!!......This Thursday 7/23 is National Hot Dog Day, celebrate with us for only $7- chile cheese... http://t.co/dTUGp76IXB",positive,1
5530,675411936893394944,"@susannefraser Yes, we celebrate Sant'Ambrogio in Milan :) It's on Dec 7th. And you know? Sant'Ambrogio was from Germany ;) @KochblogRadiode",positive,1
4618,638427063309967360,"Buzzing my tits off for the Foo Fighters on Sunday, the finger will be thrown around",positive,1
2023,639580971986194432,That goes for George Osborne and Theresa May too:) don't think I've forgotten you:):),positive,1
4586,631844522427854848,Guess what everyone it is Thursday of a major so you guessed it Dustin Johnson is killing it -4 through 7 #hewillchokeonSunday,positive,1
3582,679743443866902531,"Okay that's pretty cool of you, Justin Bieber. https://t.co/Rnjgi3LLlO",positive,1
5604,627942572749664257,Paper Towns is out the 17th and were going okay @emmaduffy_99,positive,1
3427,628743845870604288,Last day at Dunkin tomorrow!,positive,1
1390,677583643439706113,Thirsty Thursday! Get on in here and see Curtis! Also tonight 9:00 the VooDoo Daddy's! Should be fun!,positive,1
291,622817600226074624,"@JamieRKinnin Its wide open at the Open Championship, should be a cracker tomorrow, good luck to amateur Paul Dunne who started at 1,500/1",positive,1
4790,624238320747421696,"Tomorrow is my day! National Hot Dog Day! Here's where to get a free hot dog, http://t.co/36AEMNhrEi via @HPLifestyle",positive,1
6433,680095158566842368,"I'm still not over Kendrick's ""Black Friday"" freestyle. Lyrically up there with the ""Control"" verse. I said it.",positive,1
861,634738519911628800,should I force my dad to go to the cinema with me and watch Ant-Man (that would be my 2nd time watching it) (i missed the post-credit scene),positive,1
6067,677113956654280704,"At least 20 women have won seats for the first time in Saudi Arabia's municipal polls, the elections commission said on Monday. ""The",positive,1
5700,636544440060919809,Paul Mccartney is coming to State College in October to perform live at the Bryce Jordan Center!!! OMFG *faints* http://t.co/IAZPL9dgfm,positive,1
816,628372929974132736,Fianlly gaming review of Moto G3 and it is a solid performer! 7 Graphics heavy games with Moto G 3rd generation! https://t.co/93wbYflQ0A,positive,1
957,676395291323588608,"Carmen Consoli at the Teatro degli Arcimboldi in Milan! January 22, not miss out! Book your hotel at the best rate: https://t.co/ys0WAwxUzA",positive,1
5030,679459540455284736,Chris Evans is Neo-Edmonds.  Oh Chris please dazzle us with party tricks your production team googled on your reheated Friday shitfest,positive,1
507,622865057874083841,"Forgetting about the money, I'd just be so happy to see Paul Dunne do it tomorrow. Stuff of fairy tales! Wicklow lad too.. #represent",positive,1
5501,635904550554238976,David Wright comes back to a Mets team in 1st with a 5 game lead snd we're whute hot. I haven't been this excited foe baseball in forever,positive,1
4129,681586673746980864,so who's going with me to see justin bieber on April 7th,positive,1
6101,663960794212634624,If you're truly my friend you'll play David Bowie's Greatest Hits when I'm about to have my 1st kid,positive,1
783,624001733325262848,i am so excited to watch sharknado after work tomorrow no one even gets it,positive,1
3477,622920201298911233,Here's an easy way to make ice cream sandwiches for National Ice Cream Day this Sunday!... (Vine by @tysofast) https://t.co/hB3S4IlLLO,positive,1
3221,641167793782718464,We can't wait to hear the new #Bond song by Sam Smith out on September 25th! #SPECTRE https://t.co/bOiXGbhe8T,positive,1
1508,676989682912206848,It's as if Larry Nance wields Thor's hammer everytime he throws it down like that. Valhalla almighty. https://t.co/eibHja8mpf,positive,1
5283,633462480606380032,John Cena just did more than Seth Rollins ever could to sell that match on Sunday. #SummerSlam #RAW,positive,1
2230,640125626188337152,"So long summer, school is definitely back in... Saturday on the couch with a movie and school work. And confirming Eid travel plans :)",positive,1
3722,626855208086319106,Hi @GraceRandolph how the editing of your new @marvel video coming along? Up tomorrow ? Waiting to watch it. Ant-man opens here tomorrow,positive,1
2256,624315692188172288,@TaraReid I hope to see u in Sharknado 4! April just gave birth to a baby inside a freaking shark! she can survive everything! #AprilLives,positive,1
5531,633194606222516225,Straight outta Compton Was Hard AF!!! They Made Dr.Dre and Cube Perfectly I Like how they Put the Ice Cube writing Friday In it! Awesome,positive,1
3350,641662208787763202,@Casper_227 lol I can't wait.. and I'm going to see Janet Jackson next Thursday,positive,1
3309,628747046460063744,Josh Hamilton hits an RBI Double to give the Rangers a 4-2 lead in the 4th!! #Game106,positive,1
5232,638724006179438592,Im just so happy that Zayn is fully living his thotty dteams on this Tuesday morning. Also my hamgover is mild. #Blessed,positive,1
4905,637069443466678273,@carissaxmendes make my heart sing like Shawn by rting this https://t.co/f94OyeQOA2,positive,1
6948,678414694399541248,I'm at the point of drunkenness where I lay in bed and eat plain tortillas while I watch twilight zone reruns. It's a wild fucking Saturday.,positive,1
3775,624759160312332288,"My boy just peeked over my shoulder and said ""Funk Flex &amp; Hulk Hogan are trending, aren't they the same person?"" That was a good one, c'mon!",positive,1
4347,626566204094812164,"Ant-Man was ok. Loved the action, first hour dull, 2nd hour great, villain was actually a good villain.",positive,1
2011,661306415819169792,"Thanks for an amazing season, Thor!  Have a happy (&amp; HEALTHY) winter, and we'll see you in February!  #LGM  https://t.co/pxY9ijRqqa",positive,1
1027,641035681842774016,@BrainGameTennis If Murray takes 3rd set I think he'll win,positive,1
6810,669390932672819200,@HHyaykaty Like Chris Evans is so hot like dude you're hotter than the sun.,positive,1
4745,641348290131333120,Good lord the food in Italy is so damn good.. Found a random cheap spot in Milan.. Venice tomorrow! http://t.co/PmyWIXQR5K,positive,1
2971,635699966237917184,Seth Rollins has always been the future and being  the guy to finally beat cena just solidified his legacy #1st #TitleforTitle,positive,1
6421,632728669383823360,"When I was in 8th grade, all I wanted to be when I grew up was the lead singer of a Nirvana cover band.",positive,1
6352,641368818208636928,Decided to start going to yoga classes again. Starting tomorrow. Better clean my mat then..,positive,1
1520,674535575542751232,"So next Wednesday, as well as being Star Wars day, will also be the day the last episode of Peep Show airs. What a day it will be.",positive,1
1771,629041591089504256,@JeffWeldon21 Been watching Big Brother since Season 1 &amp; ur the 1st houseguest to follow me. Love that u take time 2 interact with ur fans.,positive,1
3923,623385877117448192,KPOP was life in 7th grade and it's still life.,positive,1
2878,635620135424950272,FACT:This is the 5th straight yr JOHN CENA is in the #WWE Champ match at #SummerSlam! He has also LOST 4 consecutive title matches!#Cenation,positive,1
6808,632106061059657728,Banging on The #RollingStones on a Friday night with @AppleMusic to start the weekend - after-hour Nirvana. https://t.co/PlawFugaKL,positive,1
2863,635557684620750848,Watch NBC Meet the Press: Carly Fiorina - Watch NBC Meet the Press: Carly Fiorina: We Should Not Repeal the 14th A... http://t.co/njY9fPbYCv,positive,1
2088,630420754782384128,"Tomorrow it will be a good day because I go watch Paper Towns for the preview, I can't wait omfg @Caradelevingne @johngreen @natandalex",positive,1
4737,681608747874004992,"Excellent FREE program on Sun., 1/10 at @RiverForestPL -- he's been to Iran (and 110 other countries). #RiverForest https://t.co/gYd62mt2or",positive,1
5562,633958632544174080,"U2, Foals and Chvrches all in the space of three weeks, roll on October/November!",positive,1
3693,623749129940901888,July 22nd isn't just Prince George's birthday.  A very happy birthday to nearly 5 million who will be celebrating their special day,positive,1
988,623615084263124992,NATIONAL HOT DOG DAY is this Thursday! Bleachers Taproom is giving you two hot dogs and a pint for $6 from 1-3pm! DOGS and BASEBALL!,positive,1
3281,669448617221087232,U gotta love the Rahul Gandhi Afternoons. So much fun. Wonder why they don't make him speak on Monday...will help getting over Monday blues,positive,1
1394,664675083617611777,@_mistermet Curtis is going down as the 2nd best Mets FA signing(Beltran #1),positive,1
7159,641416036416360452,"Super Eagles coach, Sunday Oliseh, has expressed satisfaction with the level of play by his players in his first... http://t.co/849naMQofE",positive,1
3622,633562217686896640,@JohnCena you are one of my favorite wrestlers I was dying when you came at seth rollins on monday night raw.,positive,1
2679,635762413753622528,"I don't care what others may say, Seth Rollins is one of the best. Easily the best WWE champion in the last few years. #WWE #SummerSlam",positive,1
2905,665364602742374401,I AM MUSLIM AND I AM WITH PARIS &amp; JAPAN. ARE YOU?  #ParisAttacks #ParisShooting Islamist Friday the 13th #parisinflames #ISIS Charlie Hebdo,positive,1
3892,626392505903411200,Ant-Man is here through the 30th!! #AntMan #Summer http://t.co/PfEUoXh1EI,positive,1
890,623336762807570432,Get the scoop: July 19 is National Ice Cream Day http://t.co/h0KQ8RQ8j3,positive,1
1593,638892911661318144,We beat Red Sox 3-1. Let's win the series tomorrow afternoon. #MLB. #Yankees.,positive,1
4625,635959618057932800,Mets 3B David Wright crushed the ball deep to left on the third pitch of his 1st at-bat,positive,1
1251,635155292288909312,"@_Tjayy Oh, I remember that one. Pretty good. The one that's your 2nd favorite is my fav from the original Naruto.",positive,1
6090,631918706810073088,Tonight we're seeing Lee Bryce and they're already trying to get me to go with them to Zac Brown Band on Saturday,positive,1
1443,675462041562296320,Hey @MTVBananas -I've been an avid challenge fan since Wednesday bc of my internet pal @BarstoolBigCat. Is Briana the worst at everything?,positive,1
1568,632097132741283840,@pensandblues May still be out there (Avengers).  Am looking forward to Ant-Man and heard it si totally awesome!,positive,1
1176,628702317743898624,A special Tuesday night movie with nephew today.  We went to see Ant-Man. It was much better than I had anticipated. A nice old school vibe.,positive,1
6158,678221399924842499,I like the look of those Dark Souls 3 PC specs. My machine may actually run it!,positive,1
2342,666551431307116544,On Friday night I wondered what the Charlie Hebdo response would be. It doesn't disappoint.  https://t.co/oNRvEcvlUx,positive,1
4028,638573034312482817,I just realized I've been watching Naruto since I was in the 5th grade and I'm about to start my 3rd year of college...,positive,1
1429,662349657167777792,Today is Star Wars Day because November 5th is when Guy Fawkes blew up the Death Star,positive,1
1663,622841460958883840,Tomorrow my day will begin with the loud crack of a snare drum... Like a Rolling Stone turns 50 /via @globeandmail http://t.co/vKzzKeDpXG,positive,1
3475,641037941742157824,"Lets go Andy! Murray wins the 3rd set, down 1-2. #usopen #andymurray",positive,1
3616,636285824015839233,"On October 22, music legend Paul McCartney will perform in Buffalo for the first time ever. This has been a year... http://t.co/ELpaSl7C7d",positive,1
2178,670104266330238976,If you are new to investing or even new to having your own IRA you may feel at a loss with how to manage...: I... https://t.co/g8s8cjG3x0,negative,0
4965,665740580278812672,Perfect stripped version is 2nd???? The Vamps beat it???,positive,1
6751,677343056195133440,"Only 2 more days of spirit week left! Tomorrow, in preparation for the new movie, Star Wars day!",positive,1
4852,637377435311427584,Hopefully my newlook PS4 will be here tomorrow with Until Dawn :D,positive,1
1496,638912775805267968,"@kctv5 if you have a soul, a beating heart, common sense, out simply empathy you should not air the chiefs Thursday in favor of big brother",positive,1
168,641026836223275008,David Wright really showed up in the 7th inning of the @Mets win today. Had the go-ahead RBI and a crucial run scored. Easy guy to root for.,positive,1
696,675785644317241345,@jacari_th3g0d You're right Drake is a rookie while Kendrick is an all star doing Michael Jordan numbers while Drake is 15th man of the year,positive,1
5761,681203797629251584,"It's a beautiful Sunday when...YOU PURCHASE YOURE JUSTIN BIEBER TI KETS!!! I'm a beilber at 25, read it and weep. #jbiebs #yougivemepurpose",positive,1
2416,620667314623676416,@SkyNewsTonight George Osborne must be p***ing himself. Talk about unintended consequences. PMQs will be interesting on Wednesday,negative,0
1791,638333580477726721,# just won tickets for Janet Jackson next Tuesday from @999BOBFM,positive,1
3567,641432210860548096,"Dunkin, hearing that we have half a day tomorrow, seeing angel after practice, finishing my hw before 6, &amp; seeing angel again",positive,1
337,628785856963198976,Co-Editors enjoying the last days of summer with Paper Towns and NativeWings!See you tomorrow @ freshmen orientation! http://t.co/XUxy0AFDNb,positive,1
5119,631364522582908928,"On the bright side, I get to watch Big Brother with Trevor tomorrow.",positive,1
4626,632144679413391360,Dustin Johnson has a remarkable record in the opening two rounds of his last 6 majors...  http://t.co/FfI7L2rJj8 http://t.co/RNBlquk4uf,positive,1
5547,624742650592292864,"If you're going to Lolla next Friday and seeing a headliner other than Paul McCartney, I will have no respect in your opinion of music",negative,0
641,624935765114527744,Dunkin &amp; Buffy the vampire slayer with @fernnr5 I think today is going to be a good Saturday.,positive,1
7057,675950697683279873,"https://t.co/GKM1rrbshD Cole and Kendrick 5 years in the making, finally in February. SchoolboyQ in the old navy sweater with the corona hah",positive,1
22,638382784306790400,"after the VMAs last night, Nicki gave me the courage to stand up against my math teacher who wrongfullyy marked me absent last thursday",positive,1
1358,623321538238918656,@nurulatiraaah Happy birthday to you old friend! Have a blast and may Allah bless you. Happy Eid and enjoy your roti kaya hahaha,positive,1
6112,630480966713274368,Had the chance to finally see both the Fantastic Four and Ant-Man. If I may indulge in a pun... Big things do come from small packages.,positive,1
6422,639110936096342017,"Well well, today on Amazon you can preorder physical 3DS Shovel Knight (also PS4) for the original $19.99 price. I may get that after all.",positive,1
3838,641669041703231488,"Picking up my car today, Big Brother is on tonight, season premiere of The League, not bad for a Wednesday",positive,1
2623,631858757883068417,Republican presidential candidate Carly Fiorina ripped Donald Trump's incendiary remarks about Megyn Kelly on Friday night.,positive,1
3581,620811912369041408,Iron maiden's new album book souls  comes out   September 4 can't wait to hear it,positive,1
5132,628714409767124992,Bad Blood by Taylor Swift feat. Kendrick Lamar stays in Top 5 for 11th week on the Billboard Hot 100; peaked at #1,positive,1
2972,634754173301616640,@JohnCena I hope you make history Sunday. Show Seth Rollins what being champion is all about http://t.co/VmJHfeMJ2T,positive,1
4083,631095444844716037,"Have you ever been told you look like Janet Jackson? Win the chance to watch Janet from a VIP Suite, October 29th... http://t.co/Id9xsuBQoC",positive,1
5261,636021643522011136,All Right Red Sox!!!! Beat the White Sox 5-4 Monday!!! http://t.co/3Bkspbt2Te,positive,1
2266,622768294840389634,The third Sunday in July means it's National Ice Cream Day! Enjoy the weather and your favorite scoop or two today! http://t.co/enmPo1Yskv,positive,1
4523,638607727648894976,"Tomorrow's the night! Weekly lesbian discussion group at Gay's the Word, WC1N, 8-9pm, every Wednesday @gaystheword",positive,1
4477,639677997021159424,"#SmartNCAA: It's another 'Yes para sa tres' for the ""Ant-man"" Mark Cruz! Letran still on top, 72-53 with 1:53 remaining in the 4th!",positive,1
2702,667600392621019136,@DavidBowie_Top @news_in_summary Ty 4 the follow! Much Love &amp; Respect 2 a Hero of mine - David Bowie always! Have a fantaztik Friday! :)*,positive,1
5101,623790971629797377,@KensingtonRoyal Happy 2nd Birthday Prince George hope you have a fun day x,positive,1
4166,626266024967454722,"@garysnowpatrol if you have time tomorrow, the @EMPmuseum has some great exhibits. Nirvana, Hendrix, Star Wars costumes...",positive,1
2670,638759179746955264,omg then I sat on my floor in front of the TV and bawled over Shawn when he was performing on that one show,positive,1
2703,667046386622427137,I wanna dress up as David Bowie for decades day tomorrow but alas I have no money and no time for it,positive,1
3060,629918619921571841,Decided to watch Rick and Morty will probably watch Naruto tomorrow such a good movie hits ya right in the feels,positive,1
5574,638374558781739008,Jen crying over her picture on the 8th season of Big Brother is still one of the best moments in television. @hollardbbi can back me up.,positive,1
5570,626954300036526080,Im going to the Kenny Chesney and Jason Aldean Concert this Saturday!! FUCKKK YEAHSSSS,positive,1
6015,680442998270865408,This is the 3rd Christmas I've gotten Justin Bieber tickets hahaha blessed,positive,1
5840,624219442059325440,Sharknado 3 comes out tomorrow and I think I'm going to cry with happiness,positive,1
5495,628801325527080961,"@NattieAndBellas could you please let me know what randy orton does tomorrow, if he stops for fans or doesn't ? That would be great :)",positive,1
2940,637873118988627968,@JackJackJohnson @jackgilinsky I'm literally listening to Calibraska the 22nd time in a row no joke,positive,1
4331,623941848449445888,National Hot Dog day is tomorrow! Celebrate w @cheffinis @DTContainerPark - http://t.co/GLosCh7doC. #food #vegas #yum http://t.co/jwT7MYm2UI,positive,1
5005,630856821863919616,"Howard, Dandy and Frank Gifford talking the NFL in the Great Somewhere tonight--Monday night.",positive,1
6221,676131804408119296,"If you love me, we can marry on the west coast, on a Wednesday, en el verano, en agosto #MTVStars Lady Gaga",positive,1
6216,632056508814098432,I loved going here for Friday prayers Eid was something else here http://t.co/kXGYsUrcl2,positive,1
3243,639974049704222720,"I'm watching the movie Friday, on a Friday and I'm going to see Ice Cube next Friday http://t.co/ockbyJYuui",positive,1
1860,635971281456922626,You can put it in the board!! Hell yes! White Sox lead 1-0 on Abreu's 24th of the season!! http://t.co/2bSpGjZGVW,positive,1
6069,622803362568744960,"Wondering exactly how crowded Ghirardelli's is going to be today, being National Ice Cream Day and all. Over 4th of July w/e it was a zoo.",positive,1
2851,628373800195878913,"Zac Brown Band is about to put on an amazing show, and I'm hyped to see it on the 15th.",positive,1
5630,627505270864769026,Just realized I don't miss you that much.  The sun is out. Nothing is better than today. I have reached nirvana. I think I need to pee.,positive,1
6296,634957888159633408,I've got the shitternet tonight... No stream. Hopefully tomorrow will be gucci. Sorry guys!,positive,1
6939,680605217520529408,@IsraeliPM @LeaSavoy @susansshrimp  May God continue the bless and protect Netanyahu and all of Israel.,positive,1
6115,641029829341540352,I start school tomorrow and I'm only going because I don't want Nicki to be mad at me,positive,1
2301,639323284660727808,hey it's liv just wanted to say I hope everyone has a great day tomorrow and ash has a good day at school aND NIALL POSTED A SELFIE BYE,positive,1
3789,638932065648529409,Carly Fiorina gets promoted to the top table for the Sep 16 CNN Republican nominee debate http://t.co/vl1RXievEm,positive,1
6176,638578318590234624,"@richardnaik @KayinAmoh So honestly, even if the PC version is great, it sounds like PS4 is terrific as well. May just come to preference.",positive,1
672,681411188513726464,"She did makeup for Kim Kardashian, Kylie Jenner, Charlize Theron should we keep going on?  This February 19th &amp;... https://t.co/lQBIYJR04P",positive,1
4591,661539635948949504,Morning everyone!! Starting off our Tuesday we have..  Bee Gees with I Don't Wanna Be The One https://t.co/LEeNDmIG2M,positive,1
3194,635651496479096833,The Twins are practically giving away tickets for the game on September 1st vs the White Sox.  $6 for skyline view seats!,positive,1
3147,623103911285686272,Paul Dunne going for the first amateur since Bobby Jones to win The Open and POD going for his 3rd open! #InPodWeTrust #GetHerDunne,positive,1
921,637655155203289088,"finally, a fantasy and gay novel omg (you can get it for free!!) http://t.co/WSpdv1Tssi",positive,1
1028,641458156220977152,"Sam Smith had twice the reason to celebrate on Tuesday, picking up Best Solo Artist honours at the GQ Men Of The... http://t.co/OViz5YAbqr",positive,1
6438,678855816984854528,My last market for the year! Looking forward to the Richmond Good Food Twilight Market this Wednesday night... https://t.co/Z7IYaUGaNK,positive,1
1895,635225474554294272,Zayn deserves so much to be happy. I'd trade the moon for the sun if that could make him happy,positive,1
1353,660336722933248000,So proud of everyone tonight. It's not the end of the season it's the beginning of a new one. Game next Saturday against Curtis 7 pm Mt. T,positive,1
5855,623807452211990528,"Happy 2nd Birthday Prince George, may your day be filled with fun and puppies! #HappyBirthdayPrinceGeorge http://t.co/LmCSUB2ASK",positive,1
2978,628744118416621568,david price is a blue jay and the blue jays are in a playoff spot in august. im extremely happy with the way things are right now,positive,1
2456,620451697475719173,The Miss USA questions portion may be the funniest thing I have ever seen,positive,1
3104,677506009133424640,"Holy shit holy shit holy shit, it's Star Wars day!! ITS FINALLY HERE!!! May the Force be with you all! #TheForceAwakens",positive,1
3530,622875711347539968,"Paul Dunne (A) did an amazing job in today's Open. Well done @dunners11 and good luck for tomorrow. We know you are Irish - now, @bbcsports",positive,1
297,632280771726843904,"Jordan Spieth and Dustin Johnson in 2nd, it's a good day",positive,1
3097,634941395602542593,my friend is gonna see frank ocean tomorrow and Kanye the day after yall Imma go cry,positive,1
6472,677890888102764544,More than 3 years since @TheDesmondTutu called for the International Criminal Court to try Tony Blair for war crimes https://t.co/fOA7sPiOyq,negative,0
2701,636132641427824640,"When persecution scattered early Christians, they ""went about preaching the word."" May we do likewise! (see Acts8:4) #reclaimthemorning",positive,1
5448,639229948599881728,Mildly hysterical about seeing the Foo Fighters on Saturday - The Pretender https://t.co/qmWkBMLVWC via @YouTube,positive,1
2312,639125355211685888,New Eco zombies DLC comes to the PS4 tomorrow! Can't wait!! http://t.co/BRoYVnklI5,positive,1
3745,640842868664438784,@DDS_Doc_Holiday haha I try it every time the mrs pops out. In fact I'm sat here right now in one of her Gucci thongs and nothing else :),positive,1
3811,634881304597655552,3rd bsmn @KalebCowart 0-for-10 since recall by the Angels. He could get his 1st big-league hit against David Price tonight #Angels #BlueJays,positive,1
6363,637469038650634241,"U2 - concert in the park.. Long week, chillin' with the family. 10th grade flashback. http://t.co/B50CWfX9W8",positive,1
4035,640987765979652096,This is the only time as a Yankees Fan that I want the Red Sox to win so the Yankees can take over 1st place. https://t.co/SnWiesfW1H,positive,1
5280,641616131707535360,"Teresa May, Boris Johnson or George Osborne any of whom wld make great PM, the sooner the better  It wld be nice to have Teresa at the helm.",positive,1
5415,626916158550073344,"it's crazy how I swore up &amp; down that ""Ant-Man"" would stink but I'm excited to see it a 2nd time.",positive,1
5386,636394406933827584,"White Sox Highlight: Trayce Thompson with 3 H and 3 RBI, including go-ahead 2-run double in 7th, in 5-4 win over Red Sox",positive,1
6525,641444306230886404,"@1DInsideReport Thanks for another great show, Miss you tomorrow as I am going to Ed Sheeran!  Will catch up on your tl when I get home!",positive,1
1732,676059662437982208,"Milan must win this game. Doesn't matter how. They must win it. Otherwise, it's back to the Pippo days - being 8th in the league.",positive,1
6634,640790790252437504,@TheGungeMaid Yeah I didn't get on here over the weekend so missed all of that! But seeing the Foo Fighters Saturday was awesome!,positive,1
5663,630507260045881345,On Tuesday Im going to see Paper Towns with my friend and Im actually so excited,positive,1
4441,624228812260159488,"Celebrate National Hot Dog Day: Thursday is National Hot Dog Day, with some businesses offering deals in Hampt... http://t.co/2VXC7pOz40",positive,1
351,630714870930014208,Getting emotional about naruto at 8:18 am on a Monday,positive,1
983,633445929085964289,"Ice Cube one of the gods of nigga movies. He wrote Friday, Players Club, and All About the Benjamins, not to mention his acting credits",positive,1
5401,631916778592059392,#BlueJays going for the franchise 12 straight wins tomorrow. David Price pitching against the #Yankees. That'll be an unbelievable game.,positive,1
2688,636719670851190784,@VirginRadioTO  Could you please send me to Ed Sheeran September 20th at the ACC? He has inspired me and gotten me through tough times!,positive,1
5,626214364761034752,"I liked a @YouTube video http://t.co/hu9sMTPnOZ Jeff Hardy Returns To Raw To Confront Seth Rollins and the Authority: Raw, July 27,",positive,1
4235,637476503702245376,"it is, we may note, the goodness and loving-kindness of God our Savior that is the true model for Christians in our daily lives",positive,1
3019,636197252323672064,"James, you're on Big Brother. A lot of things will happen to you for the first time. #PBB737TheConfrontation https://t.co/4sfyMQMh9z",positive,1
4439,662247919769153536,"@winchestermaine Oh so you're a fan of The Vamps, how nice! Well, I'm a fan of 5SOS and I'll also buy a ticket on sat.",positive,1
3682,636344361249316864,Ryan Braun owns right field. 23rd home run of the year. #Brewers,positive,1
4779,626983244357988353,"Had no plans of seeing Paper Towns, but love @Caradelevingne. May look into it.",positive,1
4922,630811751928475648,"@ShaneRyanHere did you see Carly Fiorina is in 5th in Iowa, 2 pts out of second? Maybe the non Top 10 still had a shot?",positive,1
6855,640722020926365696,Tom Brady is gonna come back w/a vengeance like Bruce Willis in the 3rd Die Hard,positive,1
2000,624779858984476673,Sharknado may be the worst movie ever created,negative,0
3204,626533602226876416,"Get paid on Friday and all I can think about wanting to do is go to the cinema to watch Ant-Man, too many good looking films coming out",positive,1
1148,641325863972261888,Tuesday is a great day at Love Life Hot Yoga with great classes to choose from! Breathe. Move. Sweat. at 5:30 (90... http://t.co/v7cW6UiQny,positive,1
2667,627419099770056704,"Its a Saturday what better way to spend the evening than to see an advanced showing of Paper Towns, 3 weeks... http://t.co/p0IeUPseA6",positive,1
2647,622760306582888448,"In case you need any ideas for National Ice Cream Day on Monday, we're just gonna put this picture riiiiiiight here. http://t.co/J7tsLUQs2c",positive,1
5229,638900168079732736,"@ItsDeltaElite oh thanks I appreciate it, they say the PS3 &amp; PS4 will have the night map on 8 September",positive,1
2795,638004792724340736,The New York Times @nytimes: Why John Kasich may be the strongest Republican candida... http://t.co/wBjDueuZM0 #NewYorkTimes,positive,1
5774,640874998786297856,Gotta love the Tom Brady  network lol C'Mon man stop riding this guy @MikeAndMike #cheater,positive,1
4324,637138176826437632,"@ScReWstoN2883 This is What ""Floyd Mayweather"" AKA ""Money May"" Made When he BEAT MANNY PAQUIO.!!! LOL.... $207 MILLION..",positive,1
3888,663359059475722240,@queenforharry I know for sure that Briana's baby is NOT Louis' ! He may have had sex with her but she did also with someone else sooo..m,negative,0
3646,640924495012827136,Okay all I want is to meet Shawn at the airport because I have a game tomorrow and got vip but won't be there early,positive,1
4393,638565377820102656,@ThunderS7ruck moderate NAT and freezing issue. I'm used to the sweats!! I may buy a PS4 before release based on playability,positive,1
2777,622824698343260160,"Paul Dunne: ""The ball does what you tell it to do."" We all know he's one to watch now! Brilliant #TheOpen https://t.co/E6JX9jIkmw",positive,1
3981,641491424173801472,Sunday night can't come soon enough I'm excited already I hope our new players understand the importance of the milan derby @Inter_en #FCIM,positive,1
2746,640031056813383680,But it's a three day weekend and we see Ed Sheeran tomorrow (!!!!!) so things miiiight be looking up.,positive,1
5190,640271306542424064,"Cherington may have been awful at free agent decisions, but he really did stack this Red Sox team with amazing youth.",positive,1
7137,637529202783309824,@hayleyfromhome thanks lovey. We are going to see foo fighters next Sunday so that's getting me through!!,positive,1
5713,641134819565522944,@foo fighters going to be a great day at Murrayfield please say happy 21st birthday to Kane that would top off his day,positive,1
4876,639954535734247424,"Caitlyn Jenner may not be ""down"" with gay marriage, but she should really understand that people are gonna see that as hypocritical.",negative,0
1316,632609747686981632,"Marvel kicks off the presentation! Alan Horn starts by praising Ant-Man's #1 opening, which he says is Marvel's 12th consecutive #1 opener.",positive,1
3009,637499190239625216,its a Muslim youth. . don't  forget the  power of Muslims. . we proud  our  country. ..... https://t.co/C83zUSE5yI,positive,1
5029,637552019700629504,"@DavidVonderhaar loving the beta Vahn, even playing it on PC with a  PS4 controller without aim assist, can't wait for November 6",positive,1
4854,638725956463628288,"The fam at @WishATL hit you with a really dope look at the upcoming ""Gucci"" Foamposite Pro...available this Friday! http://t.co/EfMxLg7L3o",positive,1
3136,676697261825503232,@TIME may Allah bless Saudi Arabia and all Muslims in the whole word. And yes we will stop terrorism,positive,1
4820,676396391288193024,Now sat in Milan. Italian efficiency at it best. Who even knows where I'll be sent next on my quest for... https://t.co/4DNYaOJw3E,positive,1
2227,627026886137376768,"Seeing Ant-Man on monday, finally. 9pm showing, so i'll be useless the next day. And I don't care.",positive,1
5992,679198784488886272,George Harrison - Here comes the Sun   https://t.co/UkknayNOmH  Happy Winter Solstice for all those in the Northern Hemisphere obvs!,positive,1
374,621160379041869825,"Ryan Braun making the ever so smart ""Stretch To A Triple When Down 4 Runs in the 9th""",positive,1
2450,668021535991533568,@LittleMix @HamezLyons @CambridgEcon101 touche! Back in my day TFI Friday and Chris Evans was relevant.....how times have changed,positive,1
3285,679986617768112129,"P/ MINUTE? ""@Kops_M: So Kim Kardashian was banking $1million per minute from her emojis on Monday! Say what u want, that is the business!!!""",positive,1
1342,635876305347682306,"#TheSecret says visualizations come true, so tomorrow night @taylorswift13 is bringing me on stage for Bad Blood, you guys.",positive,1
5767,640455056035196928,Selling 2 upper box tickets for the Sam Smith show this November. Hit me up if anyone's interested.,positive,1
6943,641045776940953601,Might be watching Monday Night Raw just to hear John Cena's entrance song...,positive,1
3360,639186190349004800,@NickiHunter happy humpday Nicki enjoy your Wednesday. Super love and miss you. Xoxo sweetpea,positive,1
1849,637717751105212417,Ice cube son and Dc Young Fly should make a Friday I wanna see the outcome,positive,1
6614,632078988186357760,Thank you very much Dustin Johnson. 1st round leader never in doubt!,positive,1
3303,641024855345885185,"Tomorrow is going to be my tenth time seeing Shawn perform, I'm so lucky to be able to even once, this is so insane",positive,1
1680,666897806297182208,"Cate Blanchett: Love scene with Rooney Mara in Carol is 'very erotic, tender and beautiful'  17 November 2015 By:... https://t.co/lqhIuWVee6",positive,1
3770,635625561549877249,Seth Rollins def. John Cena to become #WWELinear Champion for the 4th time! Rollins ends Cena's 16th reign as champ! http://t.co/JEPgIWMYaa,positive,1
1025,635329389689856000,"@kateburning Well Moose is in luck, because tomorrow at WWE Summer Slam, Undertaker faces off with Brock Lesnar and omg I can't wait.",positive,1
2579,635067660875771904,"Zac Brown Band last night, Billboard music festival today and tomorrow and running a 5k tomorrow morning I'm going to be dead on Monday",positive,1
240,622501369828769792,@dobsonMEN Re-read TKAM on the train to Truro (long time since I read it). Will start Watchman tomorrow. No spoilers pls! :),positive,1
5720,632971579367030784,I think Paper Towns is out tomorrow and I really wanna see it :(,positive,1
4273,637084646606417920,Massimo is showing me every John Cena memes under the sun,positive,1
2697,665067358679990272,"Harry during Louis &amp; Briana's Wedding  If tomorrow you won't be mine, won't you give it to me one last time oh, baby let me love you goodbye",positive,1
5292,626249145804652545,"@Caradelevingne You're cool as always, Cara #CJD &lt;3  Gonna watch Paper Towns this coming Saturday. Love you to the moon and back! :)",positive,1
792,628498587849203712,"I liked a @YouTube video http://t.co/ICR1moTcbh (5th Edition D&amp;D) From the Astral Season 1, Episode 3: Bad Blood Runs Deep",positive,1
5847,668528915342749697,Cate Blanchett is excellent in the movie 'Carol'. Great @nytimes piece in sunday styles.  She pulls it off perfectly.,positive,1
5074,629724615690981380,Fans of both Foo Fighters and Nirvana likely had that Exacta in the 4th at #Saratoga: #2 Watershed to #5 Come As You Are,positive,1
5134,623881388564070400,Happy 2nd birthday to Prince George. I can't believe that it's 2 years since I was glued to the TV awaiting the announcement!,positive,1
990,636758682340974596,I feel like there will be another Friday and Ice cube will have his son play in it with him,positive,1
7161,626569022037856257,"Hulk Hogan sex tape reportedly includes racist tirade: WWE has parted ways with one of their best-known stars.  On Friday, Hulk Hogan...",positive,1
6844,630568884458754048,Frank Gifford was a great football player. I remember he used to be one of the commentators on Monday Night Football too. #RIPFrankGifford,positive,1
6020,636567243900346368,Who's ready for the Foo Fighters tomorrow night?! Britton Tavern is your pre-concert and post-concert party... http://t.co/RSVaCSkTRG,positive,1
5058,671386913727758336,just another reason to love Amy Schumer and here's a piece on the calendar.. https://t.co/hGZ4uQ7JaF https://t.co/sHh8rkAfLo,positive,1
4213,632675793743777797,I wish it was Sunday so I can watch Big Brother.,positive,1
4517,638496139948503040,Every day I thank god that Nicki recycled I Love You n put it on Pink Friday as Your Love,positive,1
2961,640783041007255552,**SEPTEMBER 12TH** I'm on stage live with some huge artists in the city of Long Beach: Ice Cube Ashanti T Pain... http://t.co/EkXf6OKzq3,positive,1
2952,635468485842350080,And on my 18th birthday we got matching tattoos Used to steal your parents' liquor and climb to the roof #MTVHottest Katy Perry,positive,1
6645,635265786295242752,"first thing I'm doing when I land tomorrow is stopping at dunkin, it's been a whole week",positive,1
1537,635653955444436992,"Mets are on a ROLLLL!!! And the captain, David Wright comes back tomorrow! Exciting time to be a @Mets fan!",positive,1
2785,637817927920668672,You'll never truly know how many Lil Kim lyrics you know until you hit a up a gay bar on a Saturday night.,positive,1
1426,635987794507235328,@Iyield2no1  I may put off the PS4 till the Star Wars one. Paul McCartney is coming to town!,positive,1
2101,661888388274851841,it may or may not be louis' baby that briana is carrying but i just wanna say that larry is real okay,positive,1
5537,622880058386984960,Dustin Johnson has the #OpenChampionship field right where he wants them heading into tomorrow's final round: In front of him.,positive,1
5262,640906646718443520,WWE Announcer: HE'S SLITHERING IN... RANDY ORTON IS IN A PLACE WE'VE NEVER SEEN HIM BEFORE! *Randy Orton floating in the 13th dimension*,positive,1
5070,634965943895109632,i dont care bout 20/20 tour's dvd at this point coz HBO's gonna broadcast U2's show in november and that's all i want,positive,1
2119,626421206451912704,"He's a handsome devil, isn't he? Catch him in Ant-Man, screening for the last time tomorrow! https://t.co/VZDZUhAMD0 http://t.co/ByJl2bZQev",positive,1
3579,623235188726763520,"Don't worry if you missed National Ice Cream Day, its ice cream day at our hotel every Sunday w/ our Sweet Summer... http://t.co/bVr4dj3bAR",positive,1
2790,633813845119758337,I have been watching Naruto for DAYS. Help me. Save me from the 4th Great Ninja War.,positive,1
3926,673914963556179968,Kendrick and Cole drop songs for us on Black Friday!  We talk through it on Show 53!  Peep! https://t.co/ftpscl7Ihr https://t.co/t6pAVZUFq6,positive,1
4362,629678291343929344,Any of my Denver peeps need tickets to the Kenny Chesney &amp; Jason Aldean concert tomorrow? I have two 100 level... http://t.co/5dtcb4t3b0,positive,1
4896,629317806048309248,"We have four Premium Seats for the Zac Brown Band, for this Friday Night  8/7/15 at Fenway Park. These are... http://t.co/8hMqk7DVm8",positive,1
6548,680257214368616448,mistletoe by justin bieber is my jam all year round i don't care if it's july imma have that song blasting by the pool,positive,1
4024,633531878788628484,"yesterday ericka n I went to the hotel where sam smith was staying n sat in the lobby for a good 2 hrs n saw 2 guys that seemed ""important""",positive,1
1115,677516804629991424,In honor of Star Wars Day!  Who else is going to the movies this fine Thursday? https://t.co/7ebmgUvrtv,positive,1
4023,676719208890310656,"One screening of @CarolMovie tonight at 8pm, &amp; last screening tomorrow to see the incredible Cate Blanchett. https://t.co/Tmu5zpgqWE",positive,1
2727,680547750010695680,Signing off for Shabbat Shalom. May the Jewish state of Israel continue to be a loving &amp; peaceful place for all. https://t.co/fq00P8H14z,positive,1
2062,673915647743553536,"Hey Manila, it's Before You Exit, and we're inviting you, you, you to come see us at the Mall of Asia with our buddies The Vamps on Jan 30",positive,1
5372,637381773106749440,"OK, y'all...  Tomorrow I'm going to have Louisa, Becky, Shawn, Jenn and Navah over for the game, wine and flip cup!  #billsvsteelers",positive,1
2137,641437243681312768,Gujarat government may even claim that the Quran says killing Muslims is rewarding. #facepalm,negative,0
5307,637371180794703873,"Friday night at last! Hi, it's Chris Best with Late Night Love. Relax with some great love songs. This hour, Sam Smith, Ronan, Gabrielle.",positive,1
76,634846439831531520,Friday afternoon trip to the mega liquor store is about as close to nirvana as a 30-something guy can get,positive,1
2639,641370633746685952,Leo's 1st Foo Fighters concert. 6hr round trip to see his Hero @DaveGhrol_1 #foofighters. Thank you for the memories http://t.co/nQuGjP2g8b,positive,1
3366,640503318297444352,"do you remember when Niall sang ""Beautiful Girls"" in his 21st birthday, good times can he just sing that again like can he just do it please",positive,1
164,673227456560656384,Movie idea: Blade VS Twilight Besides fire and their gay sparkles in the sun we don't know any weakness. Can't starve them either,negative,0
5732,635231550376841218,@Carra_Bombshell he's competing against Brock Lesnar in Brooklyn New York tomorrow!,positive,1
601,630842271232040961,OK tomorrow I gotta watch the rest of I remember you and NARUTO THE LAST I CANT WAIT OH MY GOD THE WEABOO SIDE IS SHOWING ITS SELF,positive,1
1282,638836258798604289,"I may be playing #MGSV on a PS3, but I'm 4 hours in and still having a blast. One day I will revisit it on PS4 and truly admire the visuals.",positive,1
4132,632550254420717569,"Nothing like starting your Saturday morning blasting U2's Where the Streets Have No Name, driving as the sun comes up!",positive,1
1441,630738450786881536,Monday morning gym tunes for the beautiul soul. Zac Brown Band - All Alright (Official Video): http://t.co/pzBvZUuJSB,positive,1
2560,634637060230500352,"Starting Friday on a great note. Just saw ""Montage of Heck."" I love the fact that ""Nirvana "" was my generation. #Nirvana",positive,1
857,627468191040548864,Hulk Hogan picked the wrong time to be an ass the 1st class of WWE wrestlers are dying off like flies around a zapper #RIPRoddyPiper,negative,0
6313,640364092922839040,in my college class on Thursday this guy who looked like Josh Hamilton sat next to me I was literally about to cry,positive,1
5611,675635786637676544,Kendrick Lamar better be giving some shit away tomorrow at the Compton Christmas parade at least a Tams gift card,negative,0
3193,625392421082304513,"Tomorrow on @OnPointRadio, Ohio Gov John Kasich, one of the 16 Republicans running for president. On Point airs weekdays, 10am-noon on WYSO.",positive,1
4361,637300967004852224,everything i do in life set to the instrumental of last friday night by katy perry,positive,1
1053,639069017672564736,"Good morning. Happy Wednesday. Zac Brown Band fans, Where you at? #MakeItPossible ;)",positive,1
2549,620302439456092160,Go Set a Watchman comes out Tuesday and I'm really excited for it,positive,1
5320,638360406008791040,"Chuck Norris was born on may 6th 1945, the nazis surrendered may 7th 1945. Coincidence? I don't think so!",positive,1
3015,639381826423922688,Make sure to be part of the upcoming EuroFM members meeting in Milan! http://t.co/tarP7MsJeT #networkwithFMprofessionals,positive,1
5490,679369843510870017,"On Saturday, women in Saudi Arabia voted and ran for office for the first time #women https://t.co/d9RCxm6eZs https://t.co/MlEvJNzZPw",positive,1
1188,675037168012763136,"@piersmorgan @danbranowsky it worked well for the IRA too, you would think the English may have learnt something by now",positive,1
1602,629544711779282944,So Yakub's wife was lying when she said we know nothing about Tiger Memon.  http://t.co/gfz3Ykfqtg,negative,0
4266,634849532673695745,"@ryannichols7 If there's one thing I can guarantee Monday, it's Janet Jackson worship, which I'm always here for.",positive,1
2063,628988516182011904,"Review: Motorola G 3rd Gen: With its great camera and funky design, the new Moto G is a fantastic budget smart... http://t.co/Ej5bT7kFjO",positive,1
4048,675887393614856193,"He then said ""Kendrick Lamar will be the a huge rapper"". He may be a genius",positive,1
3212,639769416192782336,Would lie in the sun and listen to Frank Ocean forever.,positive,1
5723,639357976667492352,"** Good! Because from the looks of it, Barnes &amp; Noble will be selling ""Comes a Watchman"" for firewood in November ** https://t.co/YW2WdxLcvd",positive,1
6425,625460349085609984,Looking forward to going on @610CKTB tomorrow morning at 7:50 am to chat damage control for the iconic Hulk Hogan.,positive,1
4402,635584939178639360,"Janet Jackson - ""No Sleeep"" Feat. J. Cole can't wait to see this live #unbreakabletour October  25th where are you? http://t.co/RUeC8trHMa",positive,1
3121,673776027508719617,"@BrisRacingClub we went to twilight races last Friday and it was great, EF markets food stall people would be a gr8 addition.#nextime",positive,1
2766,638951304598003712,"Ed Sheeran, Ant &amp; Dec &amp; the Royal Marines' Unbelievable Performance - Saturday Night Takeaway http://t.co/LAsdkjH1ro",positive,1
3011,638776879982493696,"Time for a new Tuesday cover! This is U2's ""with or without you"" with Ralph Koopman!  Really enjoyed his join and... http://t.co/edIIG0eTa3",positive,1
5617,667917350360903680,"David Bowie: ""Blackstar"": There is a star in our universe called KIC 8462852 that may or may not be the hub of... https://t.co/GnvOXjrjxl",positive,1
2761,663519829865816065,My movie @IAmThorMovie is going on tour starting this Tuesday. Screening followed by a THOR performance. https://t.co/TKUriliV4a,positive,1
2167,625442405358153728,"Nothing like finishing the last day back to work with Friday's, and Ant-man.",positive,1
3895,628393542398799872,"So Adrian nearly has as many fantasy points for my team as David Price does. 35 for Adrian, 42.5 for Price.   Still only the 7th. #Rangers",positive,1
39,640108958145908736,Remember the times we used to fast forward songs to Nicki's parts? Now she'll slay with a 3rd album out. Onika gurl. I love it.,positive,1
3047,680900992309850112,Promoted again! I just guided Milan to 2nd place in Non-League A https://t.co/h6iAQYuA1j,positive,1
5376,671289077941932032,Surprised to discover this morning that the Bee Gees are actually a good antidote to M https://t.co/drNYaMAzYX https://t.co/tmmkrxAd8h,positive,1
6923,631543842194501632,Wishhhhh I was going to Jason Aldean tomorrow,positive,1
807,639636138295197696,Pink Friday is Nicki's best.  And the Pink Print is a sloppy mess.,positive,1
5004,627130938640629761,"Anyway, I'm going to the theaters tomorrow to watch Ant-man! I'm really excited. ;o;)b",positive,1
6197,641578471764983810,Ice Cube gives Iggy Azalea the nod of approval: 'She makes dope songs' | Music | The Guardian http://t.co/he1gSdLiHL,positive,1
519,672250085816844288,Black Friday by Kendrick Lamar might be the best I've ever heard...,positive,1
6513,640870987295100928,Have a good Labor Day Red Sox fans!!! Enjoy the baseball!!!  Boston hosts the Blue Jays Monday!!! Go Boston!!! http://t.co/9j23s0rneB,positive,1
3510,639180144586964994,That was another dramatic episode of Big Brother! I'll be back tomorrow with more tweets! CYA!,positive,1
4608,630121221477265408,"An absolute BOMB by Kris Bryant, his 15th HR on the year. #Cubs up 3-2 now on the #Giants. #SFvsCHC",positive,1
5493,624206183587557377,"Good Morning #PR World - wishing you a great Thursday! Did you know that today, July 23rd is National Hot Dog Day?",positive,1
324,623954993972969472,It was Prince George's 2nd birthday today! Isn't he a cutie? Is your little one's birthday soon? Not sure what to... http://t.co/UPaka51ZTK,positive,1
5263,637886068629577728,Shawn may be young but acts so mature and thats one of the things you should love about him,positive,1
1547,630424449314091008,Frank Ocean album coming out tomorrow.. I'm sure it is.,positive,1
1071,640215283286831104,remember when niall played croke on my bday. he was soo happy!! day I found out I could officially go to wwa miami too. may 23rd. good day:),positive,1
5816,639971469615845376,Gonna turn gay just for @Beyonce tomorrow,positive,1
2112,623774837920497664,"Brock Lesnar confronts The Undertaker: Raw, July 20, 2015 https://t.co/OV2LLC0VaV via @YouTube This is what we call the WWE B| HELL YEAH!",positive,1
1019,639632534377136128,But seriously. Free ticket to Ed Sheeran on Saturday. Only catch is you have to go with me.,positive,1
5463,634597808306323456,I'll just watch the 2nd last eps. of Naruto before I watch this new one,positive,1
1645,627905916143169536,"HEROES! Well, almost. These four lucky residents scored gigs in 'Ant-Man.' Check out the story tomorrow! http://t.co/DAMKx8ouqu",positive,1
1244,634600042339303424,@PopTV 1st time watching Big Brother #BB17 has me hooked. If Vanessa doesn't go I'm done! Want to see her walk in the #JuryHouse #awkward,positive,1
1095,627217077875519488,THE SUNDAY DAILY The Rock: Hulk Hogan's paid the price for racist rant: DWAYNE 'The Rock' Johnson (pix)... http://t.co/N6nBr7Dl7e #PrkDR,positive,1
2728,627195082005946368,"Jake, Jen and I will be running 6 miles from Dunkin tomorrow , come join the fun if you're ready to work. Coach J #noMoreExcuses",positive,1
5158,665228669686833152,"@curtisisbooger @mishacollins @robertberens I so agree! You did awesome, Curtis :) I may hate Metatron, but I don't hate you. YOU ROCK!",positive,1
3236,641605635432300545,"Michael Jordan finished 6-0 in the NBA Finals. Floyd Mayweather looks to hit 49-0 Saturday, will history be... http://t.co/fZecd0RQi0",positive,1
2717,623740914217803776,By George he's cute! New pictures of Prince George have been released to mark his 2nd birthday. #TenNews 5pm http://t.co/l6jEegZ7yJ,positive,1
2187,625548653596282880,"Going to the movies tomorrow to watch Southpaw, Paper Towns, Train Wreck and then Ant-Man again.",positive,1
3043,638425217535188992,@rossR5 i saw you and the guys last year on February 23 in Milan that was the best day ever I'm not kidding and I'll see you on September 20,positive,1
6622,640245272916963328,@MyManBlu c'mon in! We'd love for you to stay since Islam and Arab culture is the foundation of 'Merica -Obama,positive,1
2068,665336266343366657,"@holliewithaIE this tweet is from Jan, in reference to Charlie Hebdo. he's still an absolute helmet though",positive,1
1635,635789814487379968,I want to attend Sam Smith's concert at MOA Arena on November.,positive,1
7021,672384085948428288,"Getting slightly better at Dark Souls, beat 2 bosses tonight! But then the mistakes, oh the mistakes. Stay tuned tomorrow for more of it! &lt;3",positive,1
500,640914347913555968,Can't wait to hear Sam Smith's song for the new 007 film SPECTRE tomorrow,positive,1
3871,629777783145803776,Kris Bryant is the 2nd best baserunner in Major League Baseball: http://t.co/qlIc6mQKaU,positive,1
5777,628072980350828544,Festival girl: I definitely want to see at least the end of Paul McCartney tonight! Her friend: OMG yes.  Paul played on Friday...,positive,1
5935,634112788810596352,I'm going to see Paper Towns tomorrow with Kelvin and his friend who roped him into going And he roped me into it Fun,positive,1
5111,634875708943282178,LMAO!   #ByeFelicia - Ice Cube   #StraightOuttaCompton   (Is that where it all started and moved on into Friday? LOL),positive,1
2764,627623548924895232,"Totally worth watching Nirvana's 1st interview w/ MTV, if only for @KristNovoselic's banter towards the end. https://t.co/9cbfD8OzcW",positive,1
360,640202780347531264,@Its_Westfall21 fuck it  I'll buy your Jason aldean ticket if we go tomorrow haha,positive,1
6675,680503837464072192,"@XS_11official see you tomorrow at the Britannia! Been almost a year since we got to meet you in Milan, now to see you turn it up in Stoke!",positive,1
4815,678352454350712832,Lil Cindy just played me Black Friday by Kendrick Lamar and J Cole. Mind Blowing. Wow!,positive,1
3359,678664732971266048,Good news to all Milan fan. May be it time to return to continental football #ucl https://t.co/ealGIFSw8S,positive,1
4352,628684478525886468,@lollapalooza is there a way to go back and watch some of the performances from the weekend? I want to relive Friday and Paul McCartney,positive,1
6492,629538128529895424,Ant-Man tomorrow hopefully and I kind of want to give Fantastic Four a shot also .,positive,1
2631,623810556156194816,Good morning neighbors... Tomorrow  is National Hot Dog Day.  Here are some fun facts about hot dogs.  It is an... http://t.co/fD9MKlLnJf,positive,1
5758,639522437462368256,"Awesome release day tomorrow with Iron Maiden, Amorphis and Riverside, and can't really afford either. If I want to be sensible at least.",positive,1
2197,673897809951612929,"Can't wait for the picture of Kendrick holding 11 Grammys to surface so I can be like ""this is for the people in March calling TPAB trash""",positive,1
4703,631444911443808256,Can't wait for barbershop 3 and the last Friday to come out. Ice cube is a top actor,positive,1
1571,640713671572721664,"Our team in Toronto, Milan and Amsterdam, would ALL like to wish you an easy + happy Monday! #socialgood #feelgood http://t.co/xvBbTzJ21F",positive,1
5236,640960701398315010,"Hi all!  I'm extending my weekend by one day!  So, please do something else life-giving Tues. night instead of yoga!  Namaste, Nancy",positive,1
4718,633711079953145856,If you are not entertained when turning WWE on a Monday night  then there's something wrong with you. - Brock Lesnar. I agree.,positive,1
633,661024625237864448,PHOTOS: Beautiful! Selena presenting Amy Schumer with an award at the 19th Annual Hollywood Film Awards! https://t.co/cMZxZJdUnH,positive,1
6148,633798696203886596,Not even 20 pages into Paper Towns and the book centers around the night of May 5th. I know its gonna be a good one now! #cincodemayo,positive,1
41,638825036204236803,"@TMKSonYES @DonLagreca @IronMaiden Big day on Friday, Don. A brand new double Iron Maiden CD.",positive,1
6840,633805133223038976,@ConnieYRankin  G'Evening 2 the Savvy Gorgeous Author #May ur life strive of affluent nirvana #Sagacious_Sass http://t.co/gT0jR4bcRi,positive,1
6256,623147507275542532,@omar_quraishi Wednesday will be spent on Eid Milan. And then the Eid hangover for next two days followed by weekend.,positive,1
5243,677998236687138817,Cate Blanchett rocked these stunning gold statement drop earrings at the 5th AACTA Awards! redcarpet https://t.co/kgTinhuvU3,positive,1
3861,636416272549457920,#ThankGod he's back! The 2nd one starring Ice Cube sucked big time: https://t.co/RZaEGRJKqf,positive,1
4775,665528498895876097,Sat in the car on this rainy Saturday and @magic FM play My Sweet Lord by George Harrison. Mood improves 100% immediately.,positive,1
6051,627696391754678272,It's the Saturday of a long weekend and I'm at home watching Sharknado. This is my new life.,positive,1
5403,621369373270405120,"Go Set a Watchman's UK sales top 100,000 in one day | Books | @GuardianBooks http://t.co/zUrMoNRHKk",positive,1
3373,623293460892684288,@Nada_Fadel Happy Eid . My Queen May Allah accept your deeds . And bless you,positive,1
6065,640634243689746432,"I opened this account on March 25th when Zayn left, since then I've meet some amazing people who share the same love with 1D.",positive,1
4193,638188891569176577,@midnight_hazza I FOUND YOU!!!!!! I'm the one that sat right in front of you with my aunt :)))) is there any chance you took a vid of Niall,positive,1
2155,637515112685809664,"Fixed the UI, Shadow Performance, audio issues on PS4. Testing today &amp; tomorrow then submitting patch tomorrow if everything works :)",positive,1
621,639189394910416896,And Shawn just said we can go to the commons on Friday so now I'm happy (:,positive,1
2339,666798836225089537,"Don't forget Star Wars day! If you want to buy a Star Wars shirt, you can get one from Mrs. Boody tomorrow in room 110",positive,1
2442,664213681501114368,So....... I may be obsessed with Thor now .... and sorta Loki.... especially of the slash pair known as Thorki @chrishemsworth @twhiddleston,positive,1
4934,676301242252009472,"Angie- ""let's do something on Thursday"" It's like this bitch forgot that that's Star Wars day.....",negative,0
2085,624734949724155904,"46 yr old vet Serafim Todorov, the last man to beat Floyd Mayweather, makes his return to the ring on Sun. Will fight on card in Bulgaria",positive,1
732,622773135998369792,Very excited about this Tuesday night @MotorCycleNight free iced coffee and smoothies courtesy of Dunkin' Donuts will be there set up.,positive,1
447,622819329327931393,Some round by Paul Dunne at St Andrews. Shoot that tomorrow and he wins. #Ireland,positive,1
6664,640926389680541696,"If Kris Bryant can hit 3 more HRs by the end of the season, he will be the 2nd best rookie in Cubs history behind Kerry Wood if not the best",positive,1
7168,635322690253942785,"You will know when get to school on Monday because I will scream, ""Hey Guys it's JOHN CENA"" and play the song when I enter. Thank you.",positive,1
1548,677275675435380738,The sun's glow had given way to a brilliant twilight that paint the great mountains with violet and orange rivers. #PaintGlowNYE @myteksi,positive,1
2758,637835620329635841,Listening to the Foo Fighters live while watching intervention. What a perfect little Saturday.,positive,1
2778,625910792509001728,My 9-5 job is ACTUALLY 9-5 now! I will celebrate with Dunkin' Donuts tomorrow.. You're welcome for the free advertising btw @Reno_Dunkin,positive,1
4738,665360594048958464,"WHOA. Dana White just said that if Ronda Rousey wins tomorrow, Cyborg is next. Superfight may be just a few months away",positive,1
2387,679310759080235008,"She really likes those Twilight films, but she clearly gets some sun. #ToddnTylerTanLineTuesday https://t.co/45C8fOAH7a",positive,1
4247,640838300895440896,Good Morning! Who is up with the sun? Starting my morning routine with some Yoga. What do you all do to make it a great day?,positive,1
2967,668189412237443074,Curtis very happy with Liverpool destroying Man City! Hopefully Tottenham will do the same to the Hammers tomorrow!!!,positive,1
787,632961670877343744,last minute but does anyone want to go to Sam Smith w me tomorrow :-),positive,1
5917,622819190727143424,Massive reception for Paul Dunne on the packed 18th. Such a mature and composed head on such young shoulders. Great round of 66. #bbcgolf,positive,1
6374,630292935553105921,"@rniyusawa caz of,I'm going to go NARUTO exhibition in Osaka,sep.I'll buy gifts for you there.It's sold on new goods Osaka limited!",positive,1
2104,640963580729401344,Chris Sale will take a no hitter into the 7th today and the White Sox will win a wild card. You heard it here first,positive,1
6303,640104952300503040,Its a fresh start for the Super Eagles of Nigeria when they take on Tanzania....in 3 hrs!  SUNDAY OLISEH ERA,positive,1
2463,639810142553305088,Fragrant Friday - Gucci Bamboo: Gucci has a new fragrance meant to show off the diverse sides of a Guc... http://t.co/kBYZHsyjC8 #beauty,positive,1
5368,632364625011548160,David Price still out in the 8th ? Gonna love this guy. #Bluejays #ComeTogether,positive,1
5815,623838876331847680,Happy 2nd birthday Prince George @KensingtonRoyal We don't know if he's tried Hopster yet - but he can try it for free with promo G3ORG3!,positive,1
1178,639576438224605184,@Likeitornotmama @jda927 Lil Kim will be remembered as the 3rd/4th most successful female rapper. Nicki will/is the 1st. Numbers don't lie.,positive,1
3642,628268601317822464,at work still excited about Saturday's Rousey vs. Correia fight.,positive,1
1633,632947456842551296,"Hi all, if you are anywhere Los Angeles, and are free on Friday, we need U2 fans for on-camera interviews. See prev tweet",positive,1
4133,620668597346652160,Haley Laundrie represented Lake Mills in the Miss USA pageant Sunday. She is the first woman from the county to do so http://t.co/Qs9CUOweqv,positive,1
891,637396866531917824,I am in a van with a group of cheerleaders singing/screaming an Ed Sheeran song.  How's your Friday night going?,positive,1
6835,638134829171630081,"I may be late to this party, but Ant-Man is a great movie! Ranks among my top picks in the Marvel cinematic universe, I didn't expect that",positive,1
2428,639686362543734784,"Funny Hindu politicians talk abt India may become world Guru by colonial stature &amp; bitchy fights with Muslims, killing &amp; repressing kisans!!",negative,0
7091,637025607583420417,First draft tonight ... I don't care Foo Fighters on saturday!,positive,1
7044,679354229694287873,"@blvkizzler I don't know, maybe one day I  the future. I'm going Saudi Arabia and dubai in March insha allah",positive,1
20,622063534696869888,National Ice Cream Day is Sunday but the fun 101.3 staff is celebrating today with delicious Weis quality ice... http://t.co/8IcV5N0mqf,positive,1
4014,639372173199609856,Why Kanye West would be the best president in US history (seriously) http://t.co/Ffd9slADAw via @instapaper,positive,1
4920,641585985684439041,"Arbeloa: ""Thanks to my friends for the inviting to @beINSPORTS. Hopefully, on May 28 we meet in Milan!"" http://t.co/bdyvgF0gzI",positive,1
2253,630784105567928320,"Jess Glynne has a song called ""Bad Blood"" on her new album &amp; I'm seeing her in November &amp; I hope she does a BB/BB Remix.",positive,1
7127,638777686333239296,Twentyonepilots sat dead faced behind Kanye West dancing is the funniest thing to happen all year,positive,1
385,637022500795379712,just bought tickets with sam to see a nirvana tribute band in november and i am so fucking excited,positive,1
2389,623380426388680704,I think that having Undertaker on Monday Night Raw and in a feud with Brock Lesnar IS best for business! #RAWKansasCity #WWE,positive,1
5959,624564716644511745,Calibraska is so good omg &amp; It's 1st on the charts! I'm so proud of the boys they never fail to impress.,positive,1
3229,637710119111823360,"Saturday Social at Phoenix Bar is the SPOT to hit in the EV if you want a FUN, GAY, DANCE PARTY! Holly Dae and I... http://t.co/5CRDyX2p17",positive,1
1761,637458253958385664,@grantlandis just hit me I'm seeing Shawn tomorrow and you,positive,1
4003,633370921068306433,We'll be at Dunkin again on the 29th! Come on out! Or you'll surely miss out! #localmusic #Janesville http://t.co/nJPnkldjqp,positive,1
2051,663729383518154752,Spirit week at my school... Star Wars day is on Wednesday and I'm in charge of bringing a game... Hope these scrubs like Battlefront 2! &gt;:3,positive,1
1487,626500433251426304,Might just have to hit up Monday night raw because Brock Lesnar is going to be there.,positive,1
2120,666704721328119809,Wrapping up our Tuesday we have a Robin lead....  Bee Gees with Saved By The Bell https://t.co/kqDCax8PpK,positive,1
649,673824182287904770,"In other news, had a great Saturday on the town with @kyotas_papillon and my old uni friend at a David Bowie tribute orchestra :P",positive,1
3345,635530557137379329,#Cubs Miguel Montero hits his 13th home run of the season and brings home Anthony Rizzo and (R) Kris Bryant. #MLB,positive,1
6019,669136377968271360,we may not have the civil trailer but we're gonna get rdj and chris evans on jimmy kimmel. and this is pure happiness.,positive,1
219,638763383446073345,"Congratulations to Georgia Veatch, the winner of two FREE tickets to see Ed Sheeran in concert this Friday!",positive,1
4353,637631407486054400,Happy 22nd bday @Real_Liam_Payne!!! I hope your day is spoon free and filled with lots of pints from Niall!!,positive,1
6128,632877462096101376,@ItsNotAStar Took my son to see Ant-Man yesterday and the #ForceAwakens trailer played before. 1st time seeing it on big screen. #AWESOME,positive,1
6605,638189788785442817,i can literally feel my vision improving because of nicki and kanye!! tomorrow i will be such a good day!!,positive,1
6146,640381454006943745,Undertaker vs Issac Yankem is the main event. Possibly the 1st Taker vs Kane singles match. #Raw96 #WWENetwork,positive,1
6703,675781476240240640,"Saturday night rapidly approaches! Chris Evans plays Guitar on the Bar tonight at 8pm, followed by DJ LAW in at 11. Come get soical!",positive,1
1320,638410478910242816,New Mgla and Iron Maiden are going to be fighting HARD for my time on Friday,positive,1
6802,640059981627195392,"Grammy winner Sam Smith performing in concert starting in Perth Sat 28 Nov, then right around the country finishing in Brisbane Sat 12 Dec",positive,1
4109,640899051282632704,"Floyd Mayweather is the greatest. You may not like his attitude, but like at what this black man did in the sport of boxing. So fuck yall.",positive,1
4660,678450314945531904,My Eyes! My Eyes! Kim Kardashian's wedding dress is on the tele. How does someone make Givenchy look so cheap &amp; bad?#Sunday Hilarious!,negative,0
67,676010887828893696,"@celtictv #ASKCAIRNEY - Jim, if you'd played in Milan would we have won our 2nd Big Cup? All the best, Douglas from Santiago.",positive,1
6257,631025295517159424,"So, out on Friday   @alexmassie listens to Nevermind by Nirvana the first time.  What could possibly go wrong http://t.co/ZikGlyDAGF",positive,1
6615,631973376148537345,Dustin Johnson ends the first round of a major championship in 1st place. What's a surprise,positive,1
4975,638185915366535169,"Us Magazine Kanye West Has the Best Time at 2015 VMAs, Dances to The Weeknd's ""Can't Feel... http://t.co/YgtKeStAEJ #news #May #Omg #NFB",positive,1
2439,629384335666212864,"Wow August,7.2015 Has already begun today ""Naruto : Boruto The Movie"" From Japan to the entire world :) (y)",positive,1
381,641419274725269504,David coming through the with an Ed Sheeran ticket is the best thing in boyfriend history https://t.co/JUDXsWf2xm,positive,1
1909,679722586243231744,Cool! A Tiny Milan Apartment with a Magical Disappearing Kitchen https://t.co/JXR0zxznna via @AptTherapy #Design #Decor #Organize Wednesday.,positive,1
6304,673748388190515200,Maybe because of this he may compliment Kendrick if they both did a collab album &amp; might fight to hold his own might be good,positive,1
3508,631439118359203840,I'm gonna get the Moto G (3rd Gen),positive,1
3381,633828657979629568,"Nirvana is heaven to the ancient hindu deities. They came to earth from Nirvana, the 6th planet in Orion really called Procyon.",positive,1
5105,630666749654884353,Doctor Who is like the 2nd series - next to Naruto - to hit me in the feels so hard. Omg.,positive,1
6252,681690885076201472,To Pimp a Butterfly by Kendrick Lamar is the best album of the year. Hamilton the Musical is easily the 2nd best album,positive,1
4938,639264126028644352,She surprised me with Jason Aldean Tickets for tomorrow night!!!!!!!!!,positive,1
4973,639865421362036736,Wishing the Super Eagles of Nigeria the best of luck against Tanzania tomorrow,positive,1
1865,635870453991645184,"If a Genie gave me 3  wishes, my 1st would be to send all the rabid Jew-hating Zionist conspiracy kooks to ISIS wearing ""ISLAM SUCKS"" signs",negative,0
888,636510039709253632,"On the 14th anniversary of Aaliyah's passing, Janet Jackson shared a personal message http://t.co/Y2vl20bZcu http://t.co/l7UU9oMaw0",positive,1
3440,661818417561927680,Thor may be 'sexy and he knows it' but I'm to sexy for my shirt.,positive,1
2326,637205804567920640,So happy to see that Royal Blood are now supporting the Foo Fighters at Milton Keynes on 5 September .. As well... http://t.co/VEJQmnM3ZZ,positive,1
6387,635156734789726209,Am I the only one pumped for Jason Aldean tomorrow??,positive,1
2899,628091020756975616,"I hope I see that cute boi with the nirvana shirt, tomorrow",positive,1
4794,673892083804057602,But ya...I'm just waiting for February so that Cole and Kendrick can drop their collabo album.,positive,1
4350,623714163102236672,LOOK it's National Hot Dog Day! Yay! Some restaurants are giving great deals on HOT DGS on July 23rd! http://t.co/gWdKawz1oz,positive,1
2596,639088215098568704,EYE am going to the Ed Sheeran concerns and hanging with my mom https://t.co/L1eiu4akw2,positive,1
4812,638383445618622464,Well I'll be buying my PS4 on the 18th of March!,positive,1
5445,635142233705041920,"Dear lovely Christians, I wish to inform you, tomorrow we got one Mass @ 10am as we'll be submitting our parish family day collection!",positive,1
784,669289213393805312,Just beat Dark Souls for the very first time! Thanks to everyone who showed up and hung out along the way. Starting on Saturday: Bows only!,positive,1
2883,628062643476037632,@AjsChillin happy birthday bro! better not see you at dunkin tomorrow,positive,1
4004,622050099519209473,"Carvel Ice Cream is celebrating National Ice Cream Day, Sunday, July 19, with buy one, get one soft serve ones.... http://t.co/waAvWSE9dX",positive,1
3750,635208434216927232,Saturday Night Dance Party with 93.7 The Bull + Jason Aldean After Party!!! Free Cover 'til 8pm + $1.75 Wells &amp;... http://t.co/j9uYkcOXXT,positive,1
2209,674977011530661888,Kendrick's flow in the last minute of Black Friday is too damn good,positive,1
6147,639759479580565504,May be going to the a jason aldean concert tomorrow :),positive,1
3238,633112305694146560,"seeing ""Straight Outta Compton"" &amp; ""Ant-Man"" tomorrow is the move.. gotta decide on a 3rd movie as well.",positive,1
2425,636939486220390401,Free Samples from Dunkin' Donuts at the Ribbon Cutting Grand Opening in Dover Foxcroft this weekend! https://t.co/HcMXZY1kMq,positive,1
922,638047839134851072,@DerekMcAdam1 Their new album is out this coming Friday. Same day as Iron Maiden's new album. More excited for Amorphis though.,positive,1
2981,630862660947480576,Sam smith tomorrow with my little sister sure why not. LOL,positive,1
5600,636906253114060800,Travis Shaw had a huge two run HR in the top of the 8th inning last night. Redsox won 3-0 over the White Sox. #RedSox http://t.co/VkxOYaFVZQ,positive,1
247,675413102087806976,"Surprised Sharleen Spiteri on TFI Friday since she wrote ""Say What You Want"" about Chris Evans fancying her!",positive,1
2958,624362015520239616,Just watched Sharknado 3 can't wait for the 4th,positive,1
2144,628127513944936448,"Vice President Yemi Osinbajo today, Saturday, embracing one of the boys 100 boys orphaned by Boko Haram... http://t.co/OA2u6mpqqe",positive,1
3401,636731927626551296,"@NiallOfficial  I think they may splitting up but you said like that so I'm relieved to hear! Thank you, Niall!",positive,1
1208,639228849402712064,"been with Shawn every day since last Friday.  booooa, i could get use to being with him everyday.",positive,1
2716,635515183440506880,Nirvana are the perfect Sunday music,positive,1
6769,640677102774128640,".@evansilva I don't always stack the Thursday night game in DFS, but when I do it's because Tom Brady is gonna throw for 500 yards.",positive,1
3730,632001028154617856,"Does anyone want 2 tickets to the Kenny Chesney, Jason Aldean concert on Saturday? Good seats and very reasonable price",positive,1
3003,667039563915874304,Everybody's talking about Adele... Guys! NEW DAVID BOWIE TOMORROW!,positive,1
3507,665094267459805184,@vgunvalson focus on Briana and Michael and your family - just look at those gorgeous grand babies! They think u r the sun! Be happy Vicki.,positive,1
5475,636722227967213568,@igabrielmathis   Got u a lot of stuff u will love it I may or may not have bought u   John cena  merch and stuff http://t.co/q5JoNAIKcv,positive,1
3447,677776284332593152,Hello mutuals who's going to The Vamps' concert in Manila on Jan 30:),positive,1
517,624344436080803840,"Just keep watching Brock Lesnar and Undertaker going at it on Monday. Absolutely brilliant! That's what went missing in the ""new era"" #Brawl",positive,1
2268,636022046175154176,Hey FB. A friend of mine has an extra ticket to the FOO FIGHTERS concert tomorrow night in Pittsburgh. Message me... http://t.co/oDBzq95oK2,positive,1
2504,639557441294741504,Ico and Shadow of the Colossus for PS4. May as well. #buildingthelist @playstation,positive,1
4174,640619314043875328,Buses to replace train services on Sunday as fans flock to the National Bowl to see Foo Fighters | oneMK http://t.co/1QFItolyuz,positive,1
909,626549985413361664,"It's me, isn't it? Take me to Iron Maiden. https://t.co/wJIZH31I5z",positive,1
281,636452774520221696,Janet Jackson remembers Aaliyah on the 14th anniversary of her death. http://t.co/xJ00NwBT8R,positive,1
104,633524521572560896,@JohnCena that was golden what you said to Seth Rollins on Monday Night Raw. Go Cena! 16X champion coming soon to you.,positive,1
6577,661155099683782656,The Vamps are coming to Belgium again April 20th next year! They haven't announced it (yet) themselves but it's definitely confirmed!,positive,1
4663,675963261091774464,"If you haven't figured it out, we marathoned Twilight last night and we're currently starting the 17th hour of our Harry Potter marathon.",positive,1
5817,636358804666470400,Tomorrow is my last day waking up at 5:30 in the morning to work at Dunkin and I couldn't be happier,positive,1
3601,625859501875294208,I think the best Stan Lee cameo may be in Ant-Man. It had me laughing hard.,positive,1
486,640611700417294336,"7th inning at Fenway Park. Red Sox lead the Phillies 6 to 1. Eduardo Rodriguez still on the mound for the Sox, seeking his 9th win",positive,1
2297,637635782094798848,"@MeaganCortez RT: ""Congratulations Miss USA 1st runner up! So proud to have @ylianna_guerra represent the RG..."" http://t.co/X74a5fSQgu",positive,1
2057,672419799067160576,My best friend is meeting The Vamps for the first time on saturday I couldn't be happier omg !,positive,1
5557,634002160477470720,"I think Caitlyn Jenner coming out was so important because it may have took a celebrity, but I think being trans will become acceptable when",positive,1
2469,624260076325498880,"Ok. Tonight ""Sharknado 3"", the 25th ""Lavantula"", oh you are so lucky US friends!",positive,1
2700,623842981246799872,It's Wake up Wednesday at Cambridge!  Stop by the Clubhouse for Dunkin' Donuts and juice.,positive,1
2497,640162813625942016,Seeing Foo Fighters tomorrow aaarrgghhhh I'm excited and terrified at the same time,positive,1
6533,639063351310422018,Mr. Freedom has scored TWO tickets to the Zac Brown Band Concert this Saturday at Hershey Park Stadium! Just like... http://t.co/axI8LImYCR,positive,1
2114,625108768511139840,I like Sharknado but I don't like the April character,positive,1
7084,627303149267763200,Paul McCartney you are amazing but tiredness beats out everything. See you tomorrow @lollapalooza.,positive,1
1507,639772474901557248,Army cuts off Boko Haram's food supply: The Nigerian Army said Thursday it has succeeded in cutting off the su... http://t.co/9OxyUL04K0,positive,1
5656,635165416227127296,Caitlyn Jenner may face manslaughter charge in deadly crash http://t.co/6KPNwM6YqP via @upishowbiz GOOD! So selfish not above the law #jail!,negative,0
4045,622816475628326912,"Paul Dunne is the real deal, some feeling for the lad walking up the 18th fairway to that reception leading #TheOpen #CoolnessPersonified",positive,1
288,667461707074170880,David Bowie's new 10-minute epic just released from his new album out in January. Middle bit is vintage weird Bowie. https://t.co/J7CYVNamHO,positive,1
3099,635794012365037568,Happy Monday!  The winners of our Foo Fighters competition will be announced today! Who will be going to their... http://t.co/eROEDYDvUM,positive,1
7,634589288097669120,@payton2310 the Iron maiden in the 7th race I've seen a bunch of times. Really good horse. Big closer,positive,1
5608,635466869667983361,all memes aside. I can't wait to see john cena in the title for title match this Sunday (today) at summer slam,positive,1
2992,620644077902671872,"It's finally here! Tomorrow sees the release of Harper Lee's Go Set a Watchman, a sequel to the legendary To Kill... http://t.co/SCJw0J9NOd",positive,1
7060,663914945743032320,briana should give birth on friday it would be good for album promo,positive,1
3184,625860866802647040,"Escape the Room this weekend, 3rd Row Phillies next weekend, Jason Aldean Aug 15 if I can win tickets! #BirthdayMonth",positive,1
187,632209682677940224,"The people in my area are just now discovering Waving Flag. Tomorrow, we will go over Chuck Norris jokes for the first time.",positive,1
2515,677318734890012675,SO excited to see Holiday Market at Twilight on the list! Join us tomorrow from 5-7pm! https://t.co/sYJFOz0McW,positive,1
1227,632981077179691009,I feel like going to see Paper Towns when it's out tomorrow https://t.co/tQ3o2qMntw,positive,1
6383,639279324684640256,Ed Sheeran tomorrow.... the tears and the excitement is crazy,positive,1
3371,680287520957935616,well I'm going to see Justin Bieber in March!!!! Merry Xmas to me.,positive,1
3538,634102792240562177,I'm laying in the sun listening to Frank Ocean and I have Hot Cheetos I'm so good right now,positive,1
830,671198301669208064,"December=surviving the end of the semester, seeing humans I like, drafting a script &amp; getting over my fear of my David Bowie.",positive,1
6036,638860976713039872,"@mari_fminaj @THEQUEEN0FRAPI do not know, Pink Friday has the best song Nicki: Super Bass but the pinkprint has invincible like Anaconda",positive,1
6917,641411664538152960,I LOVE how aggressive both Serena &amp; Venus are being off the 2nd serve return. Murray would lose this match! @cbfowler @bgtennisnation,positive,1
4225,630531246393720832,Sad to hear the passing of Frank Gifford . Always enjoyed him on Monday night football.,positive,1
98,629839260892438529,People worried about david price pitching tomorrow but they seem to forget we own the guy #NYY,positive,1
4803,625792262774095872,I'm just waiting for Floyd Mayweather to announce that he fighting September 11th !!!!! I'm waiting to book his shit !!!,positive,1
4055,639775837936558084,I tell my new manager that I can't work on Thursday the 10th bc hello Ed Sheeran and he said that was fine but I'm scheduled anyway :-) :-),positive,1
5195,673987727021346816,"Beatsmiths! The homie @StayProductive just dropped his very 1st drum kit for ""FREEEEEE"" (c) Kendrick Lamar. D/L that https://t.co/Rk5lRkpOlM",positive,1
3709,620056577341562884,Good vibes to @Rashontae @RealMissMIusa as she competes for Miss USA 2015 tomorrow July 12th in Baton Rouge!  https://t.co/iSMqFrKQtC,positive,1
1812,641355339967823872,Tomorrow night we are starting some new programs!  Yoga session 1 starts at 5PM at the courcelle building and... http://t.co/XAbSntzbG8,positive,1
3973,681702217863184384,Watching Justin Bieber's Believe right now with @BrittBerman   And we're going to Disneyland tomorrow.   Life is good pt.2,positive,1
121,632995633658523648,I'd like to thank the whole of Twitter for reminding me that Paper Towns is out tomorrow -.-,positive,1
2653,641396562254503940,Foo Fighters were incredible! Know I'm going to be dead tomorrow but so worth it!,positive,1
1878,630481723441217536,"Frank Gifford, the legendary sportscaster, has died, his family announced Sunday afternoon. He was 84. - Dave http://t.co/tpvqFuMUzI",positive,1
854,641392837200887808,That was David Wright's 3rd home run of the season! http://t.co/OF4LA4zYRF,positive,1
3105,628910905087016960,@TimesNow It is good news for Times Now as the terrorist may be glorified like Yakub.,positive,1
3162,641126957971849217,@amnewsboy Well... I'm seeing Foo Fighters at the Gorge on Saturday... There's something else... I can't quite put my finger on it...,positive,1
2518,678995521520820224,@JustinOStudios bruh Kendrick got my head spinning in Black Friday with all his bars,positive,1
782,627262200567209984,"@sroarke_nhl I recall an  insane 80s Friday Night WWF classic where he hobbled with crutches into another match to ""help"" rival Hulk Hogan.",positive,1
328,633308917964120064,Jason Aldean was the best concet of the summer for the 3rd straight year,positive,1
5801,630441539890753536,"Been listening to Sam smith in my sleep for the past 2 hours now I'm getting steak for my dinner, can Sunday's get any better?",positive,1
851,629134263145902080,Baron Corbin might actually have the 2nd best job in the world next to Brock Lesnar   Arrive Squash/Get Paid Leave Repeat,positive,1
956,679601985377677312,Kendrick Lamar may be onto the next big thing. https://t.co/h7rv8XkcIa,positive,1
2493,663855689631035392,"@nayrelyk7 @Starbucks Funny how you call it ""Thursday"" and don't believe Thor was real.",positive,1
4530,663662951962976256,"@sophierose1993 Hey Soph, The Vamps are playing over @GentingArena, that's why you may have not have seen the Vista Room option, ha!",positive,1
4603,679528776619790336,"Well, I beat the 1st boss of Dark Souls. Yep. I understand what people say about it being hard XD",positive,1
6232,639725620252045312,Gig at GAY tomorrow with @connie_mcfly hopefully 'fingers crossed' x,positive,1
5468,636653094173048832,"Long time no see,I've been watching Naruto not to spoil anything but it's SO c00l and I can't wait for the latest episode which is tomorrow.",positive,1
2222,623262347453313024,If laying in my bed eating candy while reading rolling stone on a Monday isn't having my life together then so be it,positive,1
4229,637593681105670144,Would be nice 2 c Pirlo score from one of those amazing FK and Balotelli get on the field 2 day for Milan that would be a good Saturday,positive,1
440,635354211539111936,Finally. Sunday is here and SummerSlam is upon us. I'm ready for the cataclysmic battle of The Undertaker and Brock Lesnar!,positive,1
1672,666676204460572672,"No matter rain or shine our Warehouse Manager, Curtis, is always willing to unload donations. Today it was Sun... https://t.co/HMkJX30FDO",positive,1
2069,639545591572246528,for whoever wants to take me to the sam smith concert on september 30th... I'm completely available,positive,1
6014,641436970816774144,"Red Sox falling apart in the 10th. It's so beautiful.  And I'm so, so, so sleepy.",positive,1
2723,630739515309707264,"Not the Best but, everything is decent &amp; good enough in Moto G 3rd Gen. Also, new camera setup is a huge upgrade! @RajivMakhni #MyMotoG",positive,1
4295,641503590213885952,"john cena ,if ua good u will beat john cena for the 1st round BUT FORGET ABT THE 2ND ROUND WE DONT GIVE UP. https://t.co/Eh0AOnKPzu",positive,1
2225,641611022369992705,"Amsterdam, be ready. Saturday, after show, a group of spanish guys will go singing and dancing u2 songs on the street. Camon.",positive,1
3031,641123719839129600,Wow!! Just waking up to this. Saw it up to 2-1 Murray in 3rd set. Anderson was unbelievable; incredible win. https://t.co/Txqzz5PUrr,positive,1
5397,630894310364459008,When was the last time we've had a subpar Monday Night #Raw? Tonight looks to be no different! Seth Rollins is gold.,positive,1
1187,638828218259128321,Words cannot express how pumped I am for the Foo Fighters on the 19th,positive,1
5593,628077795684556801,"Josh Hamilton's 5th home run of the season, a two-run homer, provided the Texas #Rangers with all the support they needed to win. #MLB",positive,1
3472,639672163402928128,"The day I buy my 1st car, the 1st song I'll play on it will be Kanye West - Can't Tell Me Nothing",positive,1
5792,633615433720066049,i just saw last monday night raw now and @JohnCena came and made Seth Rollins and the authority shut the hell up love it #nevergiveup #wwe,positive,1
4156,628080425601224708,"However ASAP Rocky gets the title for Sunday... Unreal performance, one of the best rap shows I've seen. The Nirvana. The fucking Nirvana",positive,1
5934,663304462270726144,Can't wait to see you guys in January at The Vamps!! @AndrewKantarias,positive,1
5379,640872035430760448,@HeyMissAJ Yeah we went to a Kpop concert last friday and it was soo awesome!! Ohh haha for 3 months xD,positive,1
1627,633087922816843781,"@Narutou_69 ""Thats the spirit Naruto!"" She smiled at him. She pointed at the sun. With a smile on her face",positive,1
2111,674937930008256512,It's Star Wars Day tomorrow at the office. Tempted to go to work in a really tight shirt and tell people I'm cosplaying Jabba the Hutt.,positive,1
4911,620685572760313856,We thought it would be a great idea to read the brand new Go Set a Watchman by Harper Lee starting August 1st! http://t.co/PR2OMq3bGO,positive,1
1498,630144580109910016,Tfw ur on ur way to see Ant-Man for the 3rd time,positive,1
715,638513477699661824,"Its my birthday tomorrow and it would make my day if @RedMyol would finally follow me! An add on PS4 would be awesome to, but I can't play):",positive,1
6250,628685984998273024,@JMV1070 totally Rousey. Misha Tate took her to the 3rd round time last time and has gotten better,positive,1
4932,622469422075281409,Sunday 7/19 is National Ice Cream Day and we're celebrating with  $1 Vanilla cones! Come on by 4th &amp; Osuna Sunday from 12 to 5.,positive,1
5564,628304990654885888,@bluejays David Price getting you excited to watch the Jays play again. #11ks #wins October baseball? https://t.co/l0YYWZZ8nr,positive,1
3836,675777223249539072,the 1st Kendrick song I heard &amp; I knew I would love him forever after that  https://t.co/VPmWq364Rh,positive,1
6997,681791411826601985,"India, Iran plan to increase bilateral trade, explore new areas of cooperation at the 18th JCM https://t.co/foYI1uZVLv",positive,1
1675,675529313853116417,DONT FORGET BJJ tomorrow night with Curtis - last round of promotions coming so train hard :) https://t.co/hfgTkHOlsl,positive,1
152,639555077863157761,"Only 2 hours left! Gonna be so sick, concert, bachelor party and I get paid to not work on Monday.As Ice Cube would say today was a good day",positive,1
3555,633326327739883520,Boruto: Naruto the Movie's September 9 Philippine Premiere Revealed!  Film will open exclusively in SM Cinemas.... http://t.co/pEL20MRdMv,positive,1
6132,636069571791835136,#MeccaLive may have just shown the world what a beautiful religion Islam is,positive,1
822,676817573942571008,"@Sir_Aimezing @iamrju @JuS_NaSty  Kendrick had the best album, Coles was 2nd",positive,1
5955,671526430040334336,Kendrick Lamar is King right now of the rap game. Black Friday stamped it.,positive,1
6151,623752516438765568,Happy 2nd birthday prince George wouldnt want to share my 50th birthday today with anyone else #proud x http://t.co/dUZCDj24FK,positive,1
4535,672364580908175360,another tony blair has emerged. no doubt this topic will be the hot discussion issue in class on monday. Life being a politics student,positive,1
6749,667174478829391872,Thor is still a great movie after the 3rd time.,positive,1
2150,630500677509382144,RIP Frank Gifford enjoyed many a Monday Night listening and watching u call the NFL,positive,1
2014,636485636594208768,From the Archive - : Join us as we shout at Christians on Monday outside Parliament. Weather expected to be nice. http://t.co/eGQoWXAaSn,positive,1
1509,635900808459108352,Welcome back to the squad David Wright who is batting 4th tonight. #LetsGoMets,positive,1
6458,641099001346060290,"Just finished my 2nd Moments of Triumph on PS4, first being on Xbox One. Does that make me like... a super guardian? http://t.co/53wP1D9CmL",positive,1
804,640655735421030400,Glad to see John CENA is healthy. That was a nasty bump he took Friday night,positive,1
5940,677914954033291264,"Friday: Star Wars Day!!! Sandwich of the Day: Ham Solo w Melted Brie, Arugula, Mango Mustard &amp; Pepper Relish on Sourdough",positive,1
5258,637346118679052288,"Shanghai Shenxin of China forward, Daniel Chima Chukwu has praised Super Eagles coach Sunday Oliseh for the quality of players he invited",positive,1
823,628291883979005952,Great to see David Price tie Blue Jays strike out record as 1st time hurler for Jays who tighten wild card race with big win over Minn.,positive,1
4095,631811122472058880,I have 2 tickets for Zac Brown Band this Saturday. Great seats just can't make it anymore. Gonna sell for less than what I paid. 6095139561,positive,1
1388,624239378085212160,They say D3 surpass BB on 6th day bcoz of Xmas holiday but forget BB has benifited from EID holidays #WOW,positive,1
2909,641403844174286849,"Fresh off the fight of the decade, this Saturday Floyd Mayweather is back to defend his Welterweight World Title... http://t.co/eRWKIqUtPf",positive,1
4846,641058048505548800,I'm so blessed I've been able to reunite with Nash and see all the other boys this past weekend and I get to see Shawn live for the 1st time,positive,1
1403,627067064369479680,Sat on the beach blasting out Calibraska #Dope,positive,1
1001,626439936137261056,"Top 5 Best New Moto G Phone Cases: If you're looking for a phone case for your new Moto G (3rd gen), here are ... http://t.co/r547B3XIDz",positive,1
3120,640774930670469124,The White Sox swept the Royals aka the 2nd best team in the MLB,positive,1
4135,640896510314475520,frank ocean's verse on Sunday is just perfection,positive,1
371,635899906838953986,"Can't wait to see #WWE #RAW tonight, after #SummerSlam, this is the 1st time we'll see John Cena without any title around his waist",positive,1
342,638922821310222337,"MILAN, Aug 30 (Reuters) - After losing only three league games last season Juventus have now lost the first two of the new campaign as a",negative,0
4787,625138186914820096,Hanging with my Monsters on a Saturday night watching Sharknado ! They love it ! #Sharknado3 http://t.co/ckzCiTZVlZ,positive,1
1298,636551815505575936,Had a full conversation about Zayn leaving One Direction with my education professor in front of the whole class today. Happy Wednesday,positive,1
3234,628881333469622277,Another awesome Wed night @SBS2 @marcfennell this time with the man who killed Chuck Norris #TheWayOfTheDragon http://t.co/cYzxhwc5no,positive,1
6182,635608730344792064,500 wishes?! Wow. John Cena is literally one of the greatest humans to walk the earth. 1st class all the way.,positive,1
1452,632323477408714752,@ToddZolecki @KevinCooney Could happen again tomorrow night - with crazy Zac Brown Band fans,positive,1
5849,634921036836945920,"@zaynmalik I go to sleep tomorrow I wanna see 'Zayn malik follow you back', pls all the love is always xx http://t.co/PRpPkZbZ9z",positive,1
6978,623083273036636160,All about Paul Dunne and Padraig Harrington on this fine Monday morning.,positive,1
584,629514279503405056,"Also, Paper Towns was AMAZING. (@AnselElgort making an appearance was the cherry on top &amp; I may or may not have freaked in the theater)",positive,1
1130,666260984261124098,@johnmcternan @johnmcdonnellMP that's funny. I thought Tony Blair did a deal with IRA (Sinn Fein)  on Good Friday !,positive,1
4485,681545374046248960,"Beer tech and game night tonight, Star Wars tomorrow, entrepreneurs in jeans on Wednesday. No plans for NYE -I'm in Israel and don't party",positive,1
5983,668001967893905408,Did you know that 'David Bowie' was Trending Topic on Friday 20 for 4 hours in Amsterdam? https://t.co/SKlFRyqQp8 #trndnl,positive,1
2608,636267365575979008,See the legendary Paul McCartney LIVE at Air Canada Centre on Oct 17! On sale Friday at 11am. #OutThere https://t.co/M9NpPss2i9,positive,1
2872,626092415418372096,"Don't miss the Town Hall with presidential candidate John Kasich on July 31st, for Click for details http://t.co/3gW0ik5tQu #Kasich4America",positive,1
2146,622831894380589056,"Last week Paul Dunne was fighting for a Walker Cup spot, now he's fighting for the Open. Unbelievable - really hope he does well tomorrow.",positive,1
4222,639863663218724864,Congratulations @kay_sheps! You won two Ed Sheeran tix for the Sept 5th show in Dallas! Come to A113 to claim your prize! #MultiplyClarkpub,positive,1
821,620650520093552640,"The new Iron Maiden album, Mobility Scooter to the Hills, is out September 4th. Bless these old codgers.",positive,1
5406,632582383829651456,"I'll use a more recent example. When was the last time you got excited about a ""new Ice Cube record?"" By most standards he may be top 25 OAT",positive,1
1379,637124508701360128,"Fyi, the pumpkinocalypse has begun. Dunkin's has pumpkin muffins and pumpkin coffee and you bet your ass I'm getting some tomorrow.",positive,1
2600,632066531619278849,Frank Ocean is a lyrical genius! Fuckin poet! He may not be the best entertainer but my cousin can write some deep shit!,positive,1
1340,623265437552394240,National hot dog day is July 23rd! Make sure you make plans to get some dogs! We will have them ready for you! :-),positive,1
4944,640557521841754112,Happy Sunday! Open normal hours today starting with yoga at 10:30! Grab a growler fill for tomorrow's BBQ! http://t.co/evtX8m1Mc5,positive,1
1784,623625758586572800,So... Uh guys. Sharknado is tomorrow. Would anyone wanna celebrate it with me on WadaTwitter,positive,1
3784,624018320967086080,Should probably get to bed early. Big day tomorrow. National Hot Dog Day.,positive,1
1643,641007427295555585,you dont understand how excited i am for the foo fighters tomorrow!!   mother fuckin @foofighters   #foofighters   *whispers*  foo fighters,positive,1
2692,635593655764389888,News Alarm: David Wright (3B - NYM) David Wright (hamstring) is upgraded to probable for Monday\'s game against the Phillies.,positive,1
802,622058283927490561,Tomorrow is National Hot Dog Day! Get out on the town and treat yourself to a few of Houston's best dogs--http://t.co/3MYwZvtMW5 #HotDogDay,positive,1
505,634123837811113984,"so @PTI had WIlbon straight up making up a story about Dustin Johnson singing the 7th inning stretch last night with no correction, cool",positive,1
5869,637406137244119040,David Wright returns to Citi Field! His first AB at home since April 14th will be with 1 on and 2 out!,positive,1
165,677434837993725952,Pakistan confirmed joining the Saudi Arabia's 34-nation coalition against terrorism. https://t.co/kbE2uzlT3W What a moronic foreign policy!,positive,1
1462,630783573235232769,"I liked a @YouTube video http://t.co/9y2jx1Ue0z Zac Brown Band with Steven Tyler, Fenway Park, 9 August 2015",positive,1
3146,637264631980007425,@benrector Is that Paul McCartney on the bass in the 2nd verse of Paris? Loving the new album man. You did it again. #brandnew,positive,1
1253,631650653216108544,Argh! Gonna miss Friday &amp; another David Price start.. Hopefully make it back to in time to see a few innings,positive,1
6569,677714502138376193,"@vouch360 Thank you, Thor! I hope your Friday is amazing.",positive,1
1943,637666514540191744,"Tum Kya Samajhty Ho Choro Gay To Mar Jayen Gay hum,  .H!NA  1 Bat Kahun Tum Se Jee to wo b rahy he jin ko chora ta tere liye.  Sweet prince.",positive,1
1609,639604250683772928,Ryan Braun steals 2nd and he records his 4th 20/20 season of his career. #MILvsPIT,positive,1
5000,623949827244560385,Are you ready for National Hot Dog Day tomorrow? Go out and grill some delicious hot dogs!,positive,1
5023,639208180585791488,@armyveteranMPI  I may sound like a parrot but Dr. Ben Carson as our leader with Carly Fiorina as his VP is a winner for all Americans.,positive,1
341,639699253732995072,And as the usual suspects try to manufacture another invitation to dehumanise Muslims you really need to watch this. https://t.co/2sxUeKSOxe,negative,0
5360,635847989748084736,epic fight scene! Boruto: Naruto the movie! may gosh! sasuke and naruto together ahihihihi &lt;3 i need the full movie please please leak! haha,positive,1
3594,622932931896561664,Really hope Paul Dunne has a good day tomorrow. Fantastic player and great guy whatever happens tomorrow to lead the open is awesome!,positive,1
1965,633463678004789253,Brock Lesnar to appear on @SportsCenter tomorrow at 9am oughta make good television. I wonder what mood he'll be in.,positive,1
856,624245554390896640,"The National Hot Dog and Sausage Council has designated July as Hot Dog Month. In conjunction with that, July 23rd is National Hot Dog Day.",positive,1
4036,636122831898734592,If you missed the big news yesterday: Floyd Mayweather v Andre Berto is live on @boxnationtv Sept 12! http://t.co/h15pBvmrE4,positive,1
1551,625087890305982464,Hulk Hogan overheard the news of Back in Black's 25th anniversary and did a double take to ensure it wasn't another leaked sex tape of his.,positive,1
3096,672572884334739456,I gotta meet Kendrick Lamar and J Cole February  .. That plane ticket worth it and them 125$ is too,positive,1
5052,662832442537971712,Awesome amounts of support with our special bonus cast with @chelle157 and @TheGameP1t . Go show them some love. Back Tuesday for Dark Souls,positive,1
1600,631979143954083841,I fucking love Seth Rollins and would be so happy if he walked away with two belts next Sunday.,positive,1
6631,638581718610415616,"I have the same birthday as my girlfriend and John Cena, April 23 about to be so lit",positive,1
6142,628318379426889729,Oh just drinking a Westy on a Monday night listening to some Nirvana. #maternityleave http://t.co/MwO7RL8BCo,positive,1
6399,640818654448340992,@Estherkj_ Wow!! For Katy Perry i'd assume you would queue earlier. For Bruno Mars we got there an hour before and 2nd row.,positive,1
6100,671005186362613761,Chris Evans as Captain America stands tall against the Age of Ultron! In theaters May 1. https://t.co/ajvhiLpvj3,positive,1
4404,636217609667477504,"Tuesday lunchtime linkage: David Wright is back and it feels so good [USA Today] Seriously, w... http://t.co/8v1KLce5cA #SupportBrooklyn",positive,1
2651,629486449310740480,"John Kasich is going to be the media darling tomorrow with his gay marriage/Supreme Court comment. Well done, sir. #GOPDebate",positive,1
1069,638822664967032832,Carly Fiorina most likely joining the primetime GOP debate. Bravo. https://t.co/UDE9Qdrtzf,positive,1
6975,633292370906230784,Season in the sun versi Nirvana rancak gak..slow rockkk...,positive,1
3564,677345360986120192,@HARD_BREAD @unbansogos @NakkielPNW   Nobody can be as pretty as David Bowie. That's flying too close to the sun.,positive,1
3339,676944715380584449,"Twilight Zone Tuesday! For Real! I just got back from Work, which kinda Sucked.",positive,1
2041,629875652347367424,I'm super excited for the Sam Smith concert tomorrow though!,positive,1
2516,633112298316402688,"She is like staring at the sun, she could easily blind someone - Jason Aldean",positive,1
4038,641551899947241472,"WACKY WEDNESDAY TIME. Oh you know its on!     What is your favorite YOGA pose? Let's see it, but in the most... http://t.co/eHHDrmklZd",positive,1
401,640080862416117760,"hi Nicki u famous n I know, but ama keep it short. I love u dearly, though u n d world may think am crazy cos De say I write blindly.",positive,1
49,624281335201443841,"@ImJennaHaze Hey you two, tomorrow is National Hot Dog Day",positive,1
2574,623255813763768320,I may only be three chapters in but Go Set a Watchman is proving to be a very promising classic in the making. #book #HarperLee,positive,1
1156,634591948125286400,@Mo_S10 hoping I'm covered but the 7th race is a single in a 13 horse field haha. I've seen him win though. Iron Maiden is a good horse,positive,1
1987,638215178429972480,@serap0t lol maybe.  I'm actually starting new music tomorrow! Starting with the John cena theme song. Just for @ericbs ;),positive,1
1169,630522497709043712,Shoutout to @bthousto for going with me to see Ant-Man (highly recommend) and scoring us free ice cream yesterday. Best 2nd to last day here,positive,1
3374,637468372007915522,"Yeah, I think I want a Seth Rollins shirt. Cuz that's what champions do. His 1st-X-Men-movie-costume pants wouldn't hurt, either. #raw",positive,1
151,637222681729830912,That Janet Jackson. Sometimes she just gets me. Happy Friday friends!,positive,1
1650,680951748886933504,"I'm gonna sleep. Tomorrow we have more dm's to give, just with Justin Bieber. I hope you like our account!   ~ @mansfieldlolads",positive,1
4196,636859574335721472,Katy Perry will be hosting this years MTV EMA's on her 31st birthday! This is going to be some show! http://t.co/hqeA9ZwRh3,positive,1
6676,624788215120183297,Hulk Hogan you did nothing wrong! I work a black man. We call each other nigga all the time. He may be my... http://t.co/WTb0XjbkpT,positive,1
3364,624111260892659712,Sharknado 3 may have been the best one,positive,1
4451,622399189251551232,Your weekend just got a whole lot sweeter ~ today is National Ice Cream Day. C'mon downtown #GenevaIL for the BEST! http://t.co/3Smjjic4ms,positive,1
217,641251183756189696,Yoga successfully negotiated with only a hint of knee collapse but no meditation today. Tomorrow is the one and all will be well..in theory.,positive,1
2217,631937321986723840,"@haaroldxx @bracefacehansol Kpop is a whole music genre. It's actually very popular.You may not know what it is, but tons of other people do",positive,1
1734,638031833381277696,"Sunday Kombat ch 35! Best thing about Sunday's Shawn, looking forward to reading it.  https://t.co/MGKLQSimv9",positive,1
526,677466854068236289,"I'm going to @TheSoulflyTribe at Fabrique in Milan, Italy - Feb 19 https://t.co/PsnJ9bjDOC",positive,1
6866,673919891745861632,"I may need to fact check, but I'm pretty sure that Kendrick is only the 2nd rapper to have his 1st 2 albums nominated for AOTY.",positive,1
1004,678445583464460289,@DeeIsaac_ love you too bro. Be safe on the road back home so we can see Kendrick tomorrow.,positive,1
4053,637331795034439680,"@runofplay Amongst a body of work that is superlative, this may sit near the top; freedom passage is writerly elegance Nirvana",positive,1
2016,632326285633519616,Full house on a Friday for David Price facing the Yankees. That's the best sentence I have heard in a while #BlueJays,positive,1
5602,631497145351294976,I just listened to Strawberry Swing by Frank Ocean 6 times in a row and I'm working on a 7th,positive,1
6180,626390098641170432,"Tomorrow is the last day to see Ant-Man so Mission: Impossible Rogue Nation can begin Friday, July 31st. To see... http://t.co/0hSI2cFlkL",positive,1
1266,640821210041835520,"@THNMattLarkin Kane, Karlsson, Getzlaf, Couture available for my 1st pick. Who would you take? I want Forsberg and/or Buff.",positive,1
5543,624714172392173568,George is LIVE tweeting during the premiere of Sharknado 3 tomorrow!  Join in! http://t.co/sPRT4dIn9L,positive,1
5964,669432931207798784,We're looking forward to hearing the result together - 12.30pm Friday at Thor's Tipi on Parliament St - find out with us!,positive,1
2547,622821652104151040,Here's the scoop: Sunday is National Ice Cream Day http://t.co/5SpPtGPAC3 via @usatodaycollege I love the free ice cream for dogs!,positive,1
4554,641570475022372864,May or may not be addicted to the cold apple cider from Dunkin,positive,1
7079,622545583589457920,Tomorrow is National Ice Cream Day! How are you going to spend it? #bloggerperks #igotitfree https://t.co/eb8RTZYye3,positive,1
4349,665764055362088960,CURTIS killin the game in sports rn. volleyball and water polo are state champs AND cheer got 1st place in their first comp ever! #GoViks,positive,1
2498,639917454622240768,#KeepCalm Are you ready for the Zac Brown Band this Sunday night at SPAC? http://t.co/qCA6E5Lx1Q,positive,1
5117,640686362274869249,I think I may just dislike Vanessa more then Rachel from Big Brother 12.  lol!!!! #bb17 #bigbrother,negative,0
5218,636672609606762496,"Dont miss this tomorrow: Superstars Ink on http://t.co/iHJX9nInON w/ its 1st guess, the WWE &amp; US Champ, Seth Rollins http://t.co/Su0zB8FZH8",positive,1
3566,674026020404633600,OHHH BOY. Love me some @gorillazband new music in 2016 Music Dispatch: Gorillaz May Collaborate with David Bowie https://t.co/UD1si0YRp5,positive,1
5802,641602348616404992,To the people ordering hot coffee at Dunkin rn: congrats on harnessing the power of the sun,positive,1
6267,671396099853295616,: Kendrick Lamar - Black Friday  (Audio) https://t.co/rHetSj1hos via @worldstar best rapper in the game,positive,1
6930,640145871091445760,"Royal Blood play with Foo Fighters @ MK tomorrow. 2 of the bands I'm desperate to see, in one place. Can't wait! RB were awesome at Reading!",positive,1
5108,620751371294408704,One day Dean Ambrose will be WWE CHAMPION and mark April 3 2016 on your calendar #ambroseforWWECHAMPION http://t.co/JQIWKJoCiE,positive,1
7041,621034773134344192,Did you hear about Harper Lee's 3rd novel? ;) http://t.co/5PrB1SgzXU Don't forget to put Go Set a Watchman on hold at your library!,positive,1
940,625225536969707520,"Ant-Man feels like a rough 1st draft of the Marvel universe (namely Iron Man) which it probably was, considering it's where it all started.",positive,1
2333,631259410615148544,#SCtop10 Kris Bryant's snag in the top of the 2nd. Remarkable!,positive,1
1687,661569956719427584,Yo but I'm IN THERE for the Curtis night game on Saturday camera ready,positive,1
2784,630443696203284481,Whoa! Carly Fiorina had interview with Chris Matthews after 1st debate and even he was impressed... http://t.co/PPfPxgPKqR,positive,1
473,675329555310108672,"I think my Econ TA may be the funniest person I have ever met. Rock on, Thor",positive,1
4612,664438720825683969,41 Amy Schumer quotes to get you through Wednesday (she's pretty badass) https://t.co/ZafHRVOXJ2 https://t.co/iuKYinDDIp,positive,1
3206,676654036771188737,'Milan' appeared on Monday 14 at the 17th place in the Top20 of Stockholm's Trends: https://t.co/gNMtUffDHx #trndnl,positive,1
2423,623193591628828672,"Hy-Vee Shoppers! We have a great deal coming on Thursday for you! Thursday, July 23rd is National Hot Dog Day. So... http://t.co/Al8WgHOUsb",positive,1
7070,641656106452930560,I haven't been to yoga since before I went to Europe in July. I'm so excited to take up my practice starting tonight.,positive,1
1676,623298267678416896,"The Undertaker and Brock Lesnar going at it on Monday Night Raw was unbelievable, another reason why I am fan of professional wrestling.",positive,1
464,640022605982859265,Did you know that 'Janet Jackson' was Trending Topic on Thursday 3 for 8 hours in Calgary? http://t.co/MME2mRa3de #trndnl,positive,1
6366,624180466644615168,National Hot Dog Day with the morning team starts at 7am. Tomorrow is National Tequila Day...but not at 7am at work. http://t.co/dxftt38Rcv,positive,1
4381,636892202837364736,Happy Twitter Thursday @DJDocB @Capponair @Power99Philly. Can you play we be clubbin by Ice Cube or Feel Good by Mase.,positive,1
1912,639092628571598848,"Hey fam just quick view of Janet Jackson's 1st performance from her Unbreakable tour since her ""retirement""!... http://t.co/LzwQ7PNQa7",positive,1
697,623766171674763264,"Happy 2nd birthday Prince George! Needing a repair can be a royal pain, but remember you can report it online any... http://t.co/qhOipPlM1m",positive,1
5053,681672735789989888,I may have started playing the Kim Kardashian game again,positive,1
1198,660279450622267393,Finally home from all this so called shopping in time to see Thor Finish up the 6th,positive,1
1384,624212696058101760,Sharknado 4. Doesn't really matter what people thought of the 3rd. People might as well get ready for a 5th.,positive,1
6888,630232763728273408,The song Lost It To Trying (Paper Towns Mix) on the Paper Towns soundtrack is amazing. It's got FOBs Fourth of July as a base and just wow,positive,1
5170,637587623234568193,John Cena has been named as the 2nd most Charitable Athlete in the world..  1st. C Ronaldo-  2nd .John Cena  and... http://t.co/qrBZ0Kfsct,positive,1
5978,633766172870230016,My dad and sister will try out Daredevil series tomorrow. They really liked Ant-Man when I recommended it to them...  HEHEHEHEHE!,positive,1
4282,673932118540623872,"Come and see Bee Gees Fever at Theatre on the Steps, Bridgnorth this Friday and Saturday. Tickets nearly gone...don't miss out!!",positive,1
1578,673905555749007360,Finally the Grammies give some more attention to the artistry of hip-hop. Good job Kendrick on having the 2nd most nominations ever. (11),positive,1
3505,626187971310415872,"Don't look now, but John Kasich may mess around and get in this debate at the last minute. And win New Hampshire.",positive,1
1511,625737208478232576,"K-Fest Vancouver is Go! Saturday September 5th on UBC campus! My dream come true, join the event page here Kpop fans https://t.co/zwL7vzrJJi",positive,1
5069,675407076013694976,"Thank you Curtis! Because of you, more children in our community have the food they need. https://t.co/LK3xCGTE3t",positive,1
4110,639037572916842497,"@Inter He may have played for Milan, but I enjoyed watching Pato. I hope he rediscovers his form &amp; returns to Serie A.",positive,1
417,640676767250780160,"Every time I'm about to spend money, I have to remember Janet Jackson is coming in January and I need to save",positive,1
88,637616770099085312,"is here, may God bless u with happiness and joy. Happy Eid?",positive,1
3870,641471309222932480,"I may not remember where I was the day Kennedy was shot, but I remember jerking off the first time I watched Katy Perry's ""I Kissed a Girl.""",positive,1
7157,635618830224592896,Seth Rollins rolling in with a STRONG Saturday Night Fever feel.... #SummerSlam,positive,1
3897,640436068827856896,"@Taufiq_Ovi Go with the Moto G 3rd gen 16 GB overall a very good phone, even the OnePlus One is a good choice but cam better on Moto G3.",positive,1
3372,638354002300694528,"I'm going to see Paul McCartney with Ben, Jerry, and Mike. That's good news on a Monday morning! #broctober",positive,1
4191,636396287529652224,"Thompson, White Sox rally to edge Red Sox: Trayce Thompson was 3-for-4 with 3 RBI Tuesday night while li... http://t.co/UHnQoRcZVR #news",positive,1
2559,637768431761276928,"Honored to work with the man Rolling Stone hails ""The Father of Modern #Bluegrass"" - Rodney Dillard! #nashville  https://t.co/pyg2DJB9k9",positive,1
850,631936838417059840,"if anyone would like to surprise me with some Sam Smith tickets for Monday, that'd be great. Plz and thank you.",positive,1
4420,641021239386066944,What an effort from Murray in that 2nd set. Got to take the momentum from the last few games into the 3rd. #USOpen,positive,1
1546,673910069516341249,May The Fur-ce Be With You via Cute Overload - Cute Overload's Star Wars Day is next Friday the ... https://t.co/t9xn4Yp6lI,positive,1
646,667878447822143488,Great stand by the Wolves on 3rd and long. Curtis will lineup to punt,positive,1
5991,623302415706628096,"You can take UFC, MMA or heavyweight boxing but that Brock Lesnar vs Undertaker fight on @WWE may have been one of the best ever brawls.",positive,1
5997,630927781057142784,"Naruto is like crack. I keep saying saying one more episode, until ""Oh look, the sun."" #NARUTO",positive,1
2949,639640479194177536,Me tomorrow: 1. Have coffee. 2. Download new Iron Maiden album. 3. Ignore the world and listen to new Maiden.,positive,1
4768,633430304477323264,I seriously have bewn in love with Sam smith since like 9th grade,positive,1
1007,670142368905977856,"Love David Bowie. ""Check ignition and may God's love be with you."" Heck yeh.",positive,1
3191,630427777779519488,"Iron Maiden - Run to the Hills (Rock in Rio) https://t.co/ctfp9QithO via @YouTube Since I'm having a quiet, peaceful Sunday - why not this 1",positive,1
683,680795513508204549,Who said pe teachers cant like Justin Bieber!! See you in October! https://t.co/RHQpaURo2d,positive,1
3341,623802787432939520,"The 'Eid falls last friday, though it's done I am thankful alhamdulillah to have this additional info/knowledge. http://t.co/LSvlCXrfvC",positive,1
1269,628726531863486464,I'm going home tomorrow and I better have power at my house by 8pm so I can watch Big Brother,positive,1
1131,620695735906885632,"Eager to read Go Set a Watchman. Will be out tomorrow, can't wait to get my hands on it!",positive,1
5734,674376052618174464,"listening to the black friday remix by Kendrick Lamar, it makes me think that he's the greatest rapper right now. only straight rap.",positive,1
2684,633474301094662144,Brock Lesnar on SportsCenter tomorrow morning. Wrasslin' is going mainstream again!,positive,1
386,628985936559403008,@beanbagboy you and me both. Was chatting to @olwenhoff about 4th wall breaking after Ant-Man,positive,1
3369,636167517354876928,Chuck Norris wears sun glasses to protect the sun from his eyes.,positive,1
1641,623061791187300352,On this divine day of Eid may Allah shower his blessings on u &amp; ur loved ones....&amp; fill ur life with... http://t.co/NE3qDVzLZG,positive,1
3189,662112931060912128,"Like The Bee Gees, the 2nd time around, Jesus/Emmanuel will become a word Jonathan said...Anti-Fragile  Correct ... https://t.co/wsJw9i8vxg",positive,1
6758,640560835648065536,It would be extremely funny if this was really a prank. I'm going to tell everyone it's for Dunkin' Donuts. https://t.co/SUIcKLDnlZ,positive,1
1978,621299438313566208,"Congratulations to Olivia Jordan, who won Miss USA on Sunday!!  Olivia worked with us for several years while at... http://t.co/ahIJneVBx9",positive,1
6270,674153827273015296,April &amp; I watching Thor is just us groaning at how hot Chris Hemsworth and Tom Hiddleston are,positive,1
701,626953101363281922,"Lol Paul McCartney tomorrow, definitely don't believe it still",positive,1
6998,630558624440520704,@LesleyCBS3 @PatGallenCBS3 Happy Sunday. I hope all is well. Question: Do you find it as eerie as I do Frank Gifford died the same (more),positive,1
6097,639939106236055552,I can't believe I saw Ed Sheeran front fucking row at fucking red rocks and then the 2nd night I snuck in and saw him 5th row,positive,1
4198,631739618593890304,"@juanitasvga I picked naruto, I'm gonna go see it tomorrow lol",positive,1
6516,669284947698520064,I found out David Bowie is coming out with a new album this January. Let's see if I'm gonna be the only young person who cares again.,positive,1
6215,631905957266726912,It's Aug. 13th and the division-leading Jays will look to David Price for their 12th straight win tomorrow. Imagine hearing that in April.,positive,1
4044,626644725492117504,Prince George playing in his magical playground may be the cutest thing we can ever imagine http://t.co/uiwNHVHTOX http://t.co/ZftxeMwnyY,positive,1
2476,634009068294635521,"1st song of my day Know Better --- Frank Ocean  Not my normal shit, but it's a good song",positive,1
6834,639974778795790336,"Tomorrow's starters: David Price and Mike Wright. Even with a Wright on the mound, the Price is still Right. #BlueJays",positive,1
5519,641157328860000256,"I liked a @YouTube video http://t.co/e22BSNBnLh One Direction waving at fans at the window of their hotel in Milan, December 12th",positive,1
1634,676077686209552385,That August Alsina album is dope. Most artists' sophomore album isn't as good as the first (*cough* Kendrick *cough*) but this joint fire,positive,1
2711,622469685796339712,"Tomorrow is National Ice Cream Day. Just in case you can't make it to the dining hall to satisfy your craving, here are some stores......",positive,1
5794,640668582955716608,@waynedixon That was an easy one. My ex did Shawn's first 3 albums &amp; he was at my house when I went into labor with my 2nd son. Lol,positive,1
4171,630481247396069376,May the lord bless the family of Frank Gifford.,positive,1
2417,625696604712873984,Hello metalheads! Is Monday treating you badly? Let the music take over! Iron Maiden ~Misty~  #ironmaiden #metalmusic http://t.co/SyYgeUMwgn,positive,1
2074,638849093922500608,"Just got the wax flushed from my ears for Janet Jackson tomorrow night, my body is literally ready",positive,1
1398,632820878670041088,Finally got around to see Ant-Man and absolutely loved it. Nice way to cap off an eventful Saturday.,positive,1
798,661728768185278465,@TheTwoMikes AND also very importantly it was 40 years ago TODAY that David Bowie had his 1st No1 with Space Oddity!  #40SpaceOddity,positive,1
5592,640230483733934080,Happy Saturday! Today we're listening to @Hozier's cover of Sam Smith! Listen to it with us! https://t.co/r6NHwkWIf8,positive,1
6214,640531869365334016,"Just want to make it known that I'm gonna go see Janet Jackson in concert in February. You're jealous, ik.",positive,1
3200,676350374186377216,@ladygaga @MTVMusicUK #MTVSTARS Lady Gaga  i love you mother monster https://t.co/CTGoLZIzH3,positive,1
149,622447609387552768,"PSA: National Ice Cream Day is tomorrow, July 19th. I just thought everyone should know.",positive,1
3438,641028969425272832,Yoga tomorrow at 7:30 pm at Illuminate! I can't wait to see you guys there!,positive,1
6780,633504569474052096,I just want Thursday to come for Naruto,positive,1
3150,636333727879053313,John Cena throwing Jon Stewart at the WWE is pretty amusing: http://t.co/0y2LLPYTEs,positive,1
4780,629485259172655104,"Sweet Jesus, I may just vote for John Kasich. #GOPDebate",positive,1
5632,624415412239904768,"May the blessings of Allah fill your life with happiness and open all the doors of success now and always. "" Eid...",positive,1
4943,640604094999187458,@keandric hopefully you are having a great Sunday afternoon I've been watching kpop videos on mxy TV today,positive,1
659,622806865605320705,"Thursday July 23rd is National Hot Dog Day!   What a better way than having one ""All the Way?"" http://t.co/w8Cg8bX53D",positive,1
3092,629065149341569024,Adrian Neville and Seth Rollins blew the roof off of that place on Monday Night Raw and Adrian Neville you did awesome!!!!!!,positive,1
1330,638362272780259328,"Didn't want to wait until October 10 for Boruto: Naruto the Movie, so I flew to Osaka, Japan to watch it! http://t.co/mpZ7gqrHH8",positive,1
3649,677524135921197059,"New Star Wars out tomorrow, new David Bowie album in a few weeks. We're back in the late 70s &amp; early 80s again! #excited",positive,1
6198,630632939697643520,Box Office: Ant-Man avoids a Trainwreck with $22.6 million Friday for no. 1 ... - HitFix http://t.co/2yjxC6MMtJ,positive,1
1536,631400923424817153,No one understands how excited &amp; happy I am that Paper Towns is out on Monday!! Waited far to long for it!!! #PaperTowns,positive,1
6970,639002159850332160,@CobesME4 we'll see when he scores the winner against you and is off to Man Utd with Kane in January. Enjoy Adebyor x,positive,1
5465,677711148905594880,@winasexy41 ok girly good looking cause we love Aug.. Don't want  no Thor that don't mean he any good hurting him!!!,positive,1
1806,624394092349423616,answered all requests but signing off for the night it is time for Sharknado 3 Oh Hell No! see you all tomorrow,positive,1
2307,630355003039834112,omg apparently the song from the mobile contingent march in is from naruto.....,positive,1
4599,636393042660884480,as I walk into all my classes tomorrow can someone play the john cena walk on song okay thank you,positive,1
5248,622223942405623808,Thank so much for joining me tonight! Have an excellent weekend and I'll see you Monday! Iron Maiden ~Misty~... http://t.co/3hoLmtYTdx,positive,1
3266,622831411683270656,The only reason Dustin Johnson didn't play  well is because it's a Sunday.  Luckily for him the final round is on Monday.  #TheOpen2015,positive,1
1179,637114300553920512,lol the boys are in Chicago so you know Harry and Niall's asses are headed to go golfing and soho house tomorrow. Chill out guys,positive,1
2452,625576438809423872,#Offline Goodnight my Sharknado followers love you all back tomorrow remember #AprilLives,positive,1
2628,639485164763148288,"I want to see Jason Aldean tomorrow night, thanks for noticing that @TedinatorHUTCH",positive,1
5301,630228120558268416,Just learned that Iron Maiden's new album comes out September 4. Same day as 5FDP's new album. GOD SO MUCH MUSIC IN SO LITTLE TIME,positive,1
2973,675977732010938368,"J.Cole &gt; Kendrick Lamar, biased opinion Kendrick is growing on me and the February album if true will be lit",positive,1
3673,636592456830742528,Celebrity Big Brother being tomorrow night at 9pm on Channel 5!! Follow thI account for all the latest news and images! #cbb,positive,1
4440,660607437540487168,"I've only had 3 costumes come in tonight, and they were all Marvel.  Thor, Thor, and Wolverine. https://t.co/3zlDihe8ml",positive,1
3705,622470520596996096,Literally planning to go to the movies just so I can see the dell commercial and scream ITS JACK AND JACK! BUY CALIBRASKA ON THE 24TH!!,positive,1
6476,640347251697516544,Kyle Allen making it happen. The injury to Murray may have been a blessing in disguise. Aggies back up 10.,positive,1
770,638464664007868416,Carly Fiorina's rise in polls may mean inclusion in the next GOP debate http://t.co/Y3ALgCx1Mq http://t.co/I7QdXLjocd,positive,1
3328,636647537676455936,@LashofZayn that it is a huge deal and omg Zayn went there and was sat next to this Valentino guy like WHOA,positive,1
7047,630467255680172032,Frank Gifford still has the most TD's (78) in @Giants history. He is 8th in rushing yds &amp; 2nd in receiving yds. Also 20th in TD passes (14).,positive,1
4465,637327001498488832,WIN TICKETS TO SEE MS. JANET JACKSON LIVE THIS AFTERNOON with Richard Ryder!    Janet Jackson live September 15 at... http://t.co/ScBBQufECd,positive,1
3308,671592363953786880,But besides that. Tune in this Friday! I'll be on #thefix !!! With Curtis drugs and Rei. Don't want to miss this cause ... It's me.,positive,1
6791,667183945381998592,@NorthernlionLP Would you consider doing some Dark Souls 2 content in preparation for Dark Souls 3 in April?  DLC is great.,positive,1
6368,678285241988042752,"If the sky,if the world ends,if the sun sets and the rivers turn red.if we get lost in the twilight,somewhere I know we""ll be alright",positive,1
5350,631656765017456640,One more day of work tomorrow. Then Jason Aldean Concert!! Off Friday and Monday. Bills game Friday! Draft Sunday. Bring on this weekend!,positive,1
5166,634077582292578304,Looking forward to going to Celebrity Big Brother launch night next Thursday. Hoping for some A list guests and dry weather.,positive,1
6098,620534937406558208,Its getting close. The day is almost upon us. GO SET A WATCHMAN IS TOMORROW!! #GSAW,positive,1
5784,640215433342267392,Foo Fighters tonight and tomorrow. I'm gonna have myself a foo-king great weekend... and I hope YOU do too! http://t.co/EyRdkqzYmS,positive,1
4648,634742422094917632,Drake White And The Big Fire.  Tonight and tomorrow at Citifield with Zac Brown Band.  They go on at 7p.  Don't... http://t.co/Jskm9J7wj9,positive,1
1311,680588964596592640,David Bowie makes me want to draw and draw and get lost in a whirlwind of sound and color :D #Saturday #BoxingDay #drawing #DavidBowie,positive,1
2181,631318338925268992,wow...@glydeinstyle you guys have really gone far with your company. Sam smith?!!! Wow. I saw him on Sunday perform http://t.co/BBd8uimryn,positive,1
2634,629004128161792001,"This house may be old, but it's a new kind of house in Prince George's County. #Net-Zero #energyefficiency http://t.co/4bAAatYyLy",positive,1
6302,624079375269543936,The only thing that's made me excited and happy about Friday is that Calibraska is released,positive,1
6688,662416887456915456,"The 4th bestselling Track of 1983 [of the Day]: David Bowie - ""Let's Dance"" https://t.co/qt1SD1q9eB Serious moonlight FTW",positive,1
2174,674170048408350720,"Kendrick Lamar made history as the 2nd most Grammy-nominated artist in a single year,Trailing just behind Michael Jackson #ToPimpAbutterfly",positive,1
6281,637707669709717504,WWE is LIVE at the Ocean Center tomorrow. See @WWE Heavyweight Champion Seth Rollins take on Dean Ambrose &amp; More! #GetYourTicketsToday,positive,1
2139,635808878194651136,We had a blast at the Jason Aldean show on Saturday! :) Check out all the pics. http://t.co/K0t2Mn4b0g,positive,1
1091,640563318030123009,"Full interview: Carly Fiorina, September 6: Republican presidential candidate Carly Fiorina sits down with ""Fa... http://t.co/wTQMf6bHDh",positive,1
3688,622824437025505280,"Paul Dunne with a great quote post round on his thoughts on the 1st tee tomorrow leading the Open ... ""Make contact.""",positive,1
6338,620703635069116416,I just realized that Go Set a Watchman comes out tomorrow!!!,positive,1
6961,640319862242455552,@Keelime_ @Marlins @Adeiny3 I still remember him from waiting I'm line to see U2 at Sun Life. We had a nice chat about U2!,positive,1
6411,627829042952204289,A tribute to Rowdy Roddy Piper and the return of Brock Lesnar. It all happens tomorrow! #Raw,positive,1
3098,678842738830385152,"I have always said Kim Kardashian is a very smart businesswoman. You may dislike her for whatever reason, but she's smart, very smart.",positive,1
6506,665903645691527169,"Sunday morning at the First Church of George Harrison, aka listening to All Things Must Pass. (The best Sunday morning album ever?)",positive,1
5680,639175281731862528,"Thursday night Fantasy Draft, Friday day Charlotte football viewing party, Friday night Jason Aldean, Saturday ECU, Sunday LKN!",positive,1
2709,629837977309437952,Sadie is listening to sam smith rn even though she's going to his concert tomorrow lol ok,positive,1
3799,664847660013195264,"@brianawrites happy Thursday, Briana. I hope you have a good one. :)",positive,1
4280,620515251822440448,"Tomorrow, tomorrow, I'll sell you, tomorrow, Watchman's only a day awaaaay. #GSAW #GoSetAWatchman #Annie doors open at 8am, see you then! :)",positive,1
6331,631518480400039936,"Yes David Price, 1st time in MLB history all 15 home teams won. But you're due for a slump. xox https://t.co/JEHJ37H6q0",positive,1
2032,662665573793402880,You Win Again - The Story of the Bee Gees Thu 19 Nov | 8pm  THE STORY OF THE BEE GEES! This incredible musical... https://t.co/MEmVXFKAyq,positive,1
1435,629379067578609664,I went to see Paper Towns as a way to get away from the sun and see a mindless young adult film with a happy ending. (1/2),positive,1
1780,641349520157110273,"I like what I saw tonight, particularly in the 2nd half. 8 up/8 down. Let's keep rolling lads (hey Roy, you play Kane always) #England",positive,1
3134,641049866228137984,Murray now holds to love and he levels the 4th set at 5-5. Pressure straight back on Anderson. His longest match at the Open #USOpen,positive,1
6175,625805683703873537,Hulk Hogan hates black people??? Stop sitting out in the sun to look like me# makeupyourmind,negative,0
4510,669262277057482753,"On the menu, Briana's 1st-Prize Venison Chili: I made this my first time participating in a chili c... https://t.co/zR5QERDnkD #Good Food",positive,1
5066,625085913404710912,MYLUK-S have worked really hard for tomorrow's bake sale..come find us @ Eid in the Park (Maxwell park) tomorrow. :) all proceeds go2charity,positive,1
4329,639675372091645953,"Friday, September 4th celebrate the Iron Maiden ""The Book of Souls "" Album Release Party!  Starting at 6 PM buy a... http://t.co/bBHoh69OCK",positive,1
481,628675431311540225,"Cannot wait to see Ant-Man and Southpaw with @neckcellent tomorrow! I need this downtime, badly!",positive,1
870,626131977691906050,"I watched Sharknado 3: Oh Hell No! today and it was really really awesome! Better than 2nd, better or on par with 1st. The Hoff on the moon!",positive,1
6335,669231767774175232,"I can't wait for the Diamond Is Unbreakable anime in April, looking forward to seeing ""anime David Bowie"" get a raging hard on for hands",positive,1
5664,632072825667346432,I can't wait for it to be January 1st and Frank Ocean fans are still crying they ain't get an album,positive,1
6553,640893255316566016,"@1Xtra Eminem, Snoop Dogg, Biggie, Tyler the Creator, Dr Dre. If I could have a 6th I would add Ice Cube",positive,1
2783,680331096504942592,Soooo who's down to go to the justin bieber concert with me in March??,positive,1
6698,679629343736336384,A long read but worth it. Great insight into power &amp; control of IRA in Newry. Chilling.  https://t.co/M1ujQHYE4I,positive,1
3815,624431429330583552,"@IanZiering Thank you, Ian, for making ""Sharknado"" our family's new guilty pleasure!!!  Can't wait for the 4th! #AprilLives",positive,1
5146,673044677080260608,If I had the finances I'd go see Kendrick Lamar ko Houston ka di 20 Dec watseba.,positive,1
3244,637476622623379456,you know you're officially into kpop when you spend your Saturday watching the  @PathcodeEXO documentaries in between homework LOL,positive,1
2395,672234230966042628,Kendrick Lamar....Black Friday...raw he went in @PrinceMzi,positive,1
5539,677443619469598720,Cole &amp; Kendrick need to make that joint album! #Fire   Kendrick Lamar &amp; J. Cole - Black Friday  https://t.co/0wFWzLbhbH,positive,1
651,634861304289828865,Catching up on Big Brother since I didn't get to watch it Wednesday or Thursday!,positive,1
2075,625201107120312320,Ima just go catch a matinee of Ant-Man by myself tomorrow lol,positive,1
799,623961366559219712,Sharknado 3 release and @andrew_esqueda 's 29th birthday on the same day. Coincidence...? HBD Andrew!!! https://t.co/U4fo41KsGc,positive,1
7120,637668627240591361,"We are passing the ball well but no movement in the final 3rd, Kane was in our own half from defending in that attack!",positive,1
1778,636908023684816896,@ReshmiZulphay may ALLAH give you more eager to know about ISLAM.,positive,1
688,636642281563496448,It's going to be @ItsYourBoyR2's first time watching Naruto as a weekly-episode-watcher tomorrow. Join the club!,positive,1
4458,625577392975654912,"Srinagar, July 27: According to sources, a young boy, aged sixteen had gone missing on Eid day under mysterious... http://t.co/H0LabHFR8P",negative,0
276,639043834534567937,"Listening to the new @girl_band album. If you like old-school Nirvana, NIN &amp; general gig mayhem, don't miss them at @epfestival. Sun,9.30pm.",positive,1
2265,631207198551633921,It's August 11th.  Have we all forgotten about the Frank Ocean record?,positive,1
1786,677492417050845185,Already done ! See you at Milan https://t.co/XEXstKk8J9,positive,1
1863,640610319279087616,Kris Bryant absolutely mashed a HR. The only thing that held that ball in was the video board. Left fielder never turned around..1-1 Bot 5th,positive,1
5766,629629519209467905,Friday night = listening to calibraska with my dog,positive,1
6800,641004608953970688,@andy_murray knows how to wring my nerves! Talk about tension and it's only the 1st set :-) Brilliant stuff. Behind you all the way Murray!,positive,1
15,675108813586984964,"Cate Blanchett in the Marvel universe? Oh, we would LOVE this. https://t.co/rBHTeWKrXj",positive,1
6914,639032241822269440,"Featuring the best headers, volleys, long-rangers and team efforts from Real Madrid, FC United of http://t.co/I3QWR5sSbC",positive,1
6049,679688801564766208,Saudi Arabia is the 14th largest country on Earth.,positive,1
2091,623930932119126016,Prince George is a cancer too @MichellineG! We really are the best.  https://t.co/ofOwPjYCHu,positive,1
2849,677150314189987840,The results from the gingerbread house are....  1st: Curtis 2nd:Rothemere  3rd: Squires Come see us to claim prizes! https://t.co/gxdHEfYtYx,positive,1
5756,639565162526060544,@brianjbowe @jaysonbussa Hell yeah! (I've had a marathon Iron Maiden session going in the run up to Book of Souls being released tomorrow.),positive,1
2918,623840305297641472,Happy 2nd Birthday to Prince George II! Wish him a beautiful day on this special day! What a #Cutie #HappyBirthdayPrinceGeorge,positive,1
6609,622877663410171905,The last time an amateur lead the @theopen after 54 holes was Bobby Jones in 1927... Hope Paul Dunne can make history tomorrow!,positive,1
4858,680777642350653441,Got the one direction perfume last night and getting the justin Bieber one tomorrow I'm a happy girl :))),positive,1
1446,630108390933397505,Ant-Man was even better the 2nd time,positive,1
3209,627364150952493056,"Saturday movie reviews: ""Ant-man"" is fun &amp; light http://t.co/hFOCj2Lv60 while ""Woman in Gold"" is tugs at the heart http://t.co/ZOzkRfq58y",positive,1
2496,636453861633470464,Newark Niggas is NASTY lol if I told you about this boy name Shawn that I use to call 20th st Hoodlum,negative,0
1794,679340892122034176,Despite what some think of her Kim Kardashian shows she still has tons of power on Monday https://t.co/AdMP8lIfc8,positive,1
4825,639990058238349313,Niall's charity drive for @autismdogsirl is at 44% now! Donate and spread the word please! Just a few more days!  https://t.co/XXNN2plPj7,positive,1
2904,638156279026880512,I used to bump Nicki aalllll the time in middle school. Pink Friday was my fav,positive,1
1657,628859721764593664,"Coach of the Super Eagles, Sunday Oliseh was on Sunday one of the numerous spectators who watched Arsenal defe... http://t.co/Gq9iizMDKt",positive,1
1630,629486867801616384,Kris Bryant singles. That must feel good. B2B singles. Men on 1st and 2nd with one out.,positive,1
3666,639615426532511748,Julia won her 1st comp..that means everyone in the house has won a comp..cant remember the last time Big Brother had a house like this #BB17,positive,1
6029,641080690734407680,"Watched Paper Towns for the 3rd time today and I absolutely loved it, just when I thought I couldn't love this movie even more.",positive,1
3072,635918902791401472,"Hey guys, Kris Bryant just hit his 20th homer of the season. He only needs to double that and add 10 to live up to the hype! #cubs",positive,1
2070,678845672276160512,". @vouch360 Thank you for the mention, Thor. Happy Monday!",positive,1
7094,626155803615977473,Friday! How can you argue with 5 beautiful women who sound this good playing Iron Maiden! http://t.co/wKkKooROVq,positive,1
2544,637740639086493696,"All the boys tweeted Liam For the b-day apart from Zayn, C'mon @zaynmalik WE WANT 4/4 #HappyBirthdayLiam #Ziam http://t.co/WpQa6e3M5A",positive,1
4216,637241971942100992,@SportsCenter @TMZ he should watch lil guy round Rousey weight class may be a knew billie king in the making,positive,1
4574,636679986074660865,"+ peed in a fancy bathroom, sat in GR8 seats, saw one direction, Niall n Harry loved it there, got a glow stick, a hot cop goofed off w me +",positive,1
883,667385698991779840,"Sun like this, after dark days, doesn't happen without a song in my head. Thank you, George Harrison.",positive,1
2097,634741362886209537,May God bless you Big Brother for your plans. A home for 20 families. Mabuhay kayo @PBBabscbn @ABSCBNChannel2 @abscbndotcom,positive,1
7107,637357708837060608,My cuz is currently listenin 2 Ed Sheeran at Fusion Festival from the comfort of her garden.Found my retreat if it rains when I'm there Sun,positive,1
4153,640345507475390464,Don't forget to ask about your chance to go see Janet Jackson in Saskatoon on Monday. We've got tickets and they could be yours tonight!,positive,1
5418,641425050017656832,Serena is one of the best athletes in the world. Like may weather at his sport or Kobe or Tom Brady,positive,1
237,629589119568457728,Boruto: Naruto the Movie just wait brooo. im coming to you in november. Hall pasti dipenuhi dgn org dh besar hahaha,positive,1
5661,641008943318351872,wait for the island show tomorrow is Shawn gonna be doing his full set or just some songs,positive,1
3478,632336283235303424,Watching the #Bluejays vs the NY #Yankees. Jays are going for their 12th straight win tonight with David Price on the mound. #MLB,positive,1
4916,638299866691694592,@TheWorldIsYou13 @OfficialMarkO  oct 13th in milan..ive seen this tour 5 times i love it like ive never loved a tour b4 !! #teampink lol,positive,1
3517,641668332240945153,"I'm getting out the Gay life today and get me women, but I'll be back tomorrow...lol",positive,1
6946,634512461757030400,Bummed about Frank Ocean but this is soooo exciting!  https://t.co/qhEurCY5s5,positive,1
6299,630696902858809344,Tomorrow for my birthday I think I'm gonna go to the cinema because I want to watch Paper towns,positive,1
1020,634105990326165504,Brewers Video: Ryan Braun Becomes MIL's All-Time HR Leader (252) with 6th Inning Blast,positive,1
4508,674089984710733824,"Twilight sail this Friday. Departing 5.30pm. Bring some beers, wine. bubbles and some nibbles if you wish.  Book early!",positive,1
1191,677426132833009664,"@thebrianahansen Briana, TY for the Like of my quote. Glad you liked it. Have an enjoyable Thurs out in LA.",positive,1
6898,676087681579884546,OMFFFFG I just can't sleep it's just Monday and 12.12 AM so much time to tweet and retweet  #MTVStars Lady Gaga,positive,1
927,626218570503061505,"Why it's great to go see Ant-Man in IMAX (or any movie, really), at the Tuesday late night showing. http://t.co/lk2n6zQh9q",positive,1
6667,623001117417304064,"Asslamau alaikum community of khair,  By the grace of Allah, we had a wonderful Eid gathering on Friday. For... http://t.co/KRsFvNkK8s",positive,1
3974,624266748208910336,"July 23rd is National Hot Dog day - a day to celebrate one of America's favorite foods, so fire up the grill and... http://t.co/EOJLctUYpV",positive,1
1941,629812443951271936,"Rousey may not have the money that Floyd has, but people respect her way more.  https://t.co/ML43TY292L",positive,1
5288,639961376363053057,Trump loves Christians &amp;may not be particularly 'religious' as we know it....but God is still allowing him to excel in spite of everything!!,positive,1
2319,640850624574287873,"I'm going to sob like a child at Foo Fighters tomorrow, I can just feel it",positive,1
4165,675971680515317760,"Kim Kardashian and Kanye West welcomed a baby boy on Saturday, but as of Sunday night, the pair hadn't decided on a name for their",positive,1
4093,678969960060727296,"Kim Kardashian Now Has Her Own Emojis: Taylor Swift may be the most followed person on Instagram, but ... https://t.co/oGUmaHT5Tn - @TIME",positive,1
1681,674452330817851392,"Two weeks from now we have our annual twilight #farmersmarket @TheConvent - perfect place for all the fresh Chrissy #localfood 3-8pm, 23 Dec",positive,1
4416,640474367269437440,"Yesterday was a grand day, woken up with pancakes and tea in bed, ended with Foo Fighters. Best Saturday. Best boyfriend.",positive,1
4743,635959538999554048,David wright baby !!! Already.. 1st at bat and takes it to upper deck,positive,1
5278,635699876521771008,"Was searching for Cyberpunk style movies I may not have seen and found one called NIRVANA w/Christopher Lambert. It's weird, I like it.",positive,1
6642,637497567777918976,@GeeeeMaaan alright. Guess I'll watch it tomorrow then. Is Ice Cube in it?,positive,1
2757,623145061275041793,@arielhelwani if Paul Dunne wins #TheOpen2015 I think it may eclipse @TheNotoriousMMA in Irish sporting achievements.,positive,1
5683,632029764782452739,Friday treats! Entire album from @NRateliff &amp; The Night Sweats at Rolling Stone now for you to stream. GO! http://t.co/2gQEnWCH6T,positive,1
5613,627035320945487872,Gonna watch Paper Towns for the second time on Monday,positive,1
4757,628225795283099648,Wwe MONDAY NIGHT RAW is going to be HILARIOUS I can't wait for this and BROCK LESNAR,positive,1
6900,632333893501255680,"Go Set a Watchman still at number one.  ""Yeah, but it's a sequel. Mindfulness Coloring Book is totally original."" https://t.co/jXchiGIGPx",positive,1
4000,636153708556869633,"Tomorrow is National Dog Day, not to be confused with National HOT Dog Day. Though if you live in the South (lots of heat), it is the same.",positive,1
3843,640615646292635648,Followed up morning yoga with a little black bear diner. Sunday funday at its finest.,positive,1
57,631958629239775232,Dustin Johnson being in the lead after 1 day is like a 16 seed being up after the 1st 10 min of a game in the NCAA Tournament...,positive,1
608,638836955980021760,I have 2 Ed Sheeran tickets on sale for his concert on Thursday @ Houston. I know it's super last minute but if anyone is interested DM me.,positive,1
2908,628960287715012608,if anyone wants to take me to the Jason Aldean concert either August 28th or 29th please feel free!!,positive,1
3903,639608965366681601,This article on Scott Walker.. is the best. #ILoveWriters http://t.co/hyPQTrtYsX,positive,1
4105,640665735082078208,listening to Nirvana reminds me of how cool my string orchestra teacher is. she's my 1st period &amp; I'm always pumped af to see her,positive,1
1756,632478147309649920,"So should be a great article based around my new book, my time on Big Brother and our work with the poor in tomorrows Wales on Sunday paper!",positive,1
4037,636930878489382912,So Iron Maiden will be playing 10 dates in the US in March... Let's hope it's somewhere within a few hours.,positive,1
1211,638255021797285888,I know that the new Iron Maiden album is not out until Friday but it just keeps getting better!,positive,1
5017,626960722413682690,#Rangers THE UNBEATABLE ANDREW MILLER...BLOWS UP IN THE 9TH! Josh Hamilton walks it off with a 2 out knock..YANKEES LOSE,positive,1
1534,623990613164359682,"Tomorrow is National Hot Dog Day! Hot DIGGITY Dog! All day tomorrow, it's BUY ONE HOT DOG GET ONE FREE!  We... http://t.co/cfbvinbpSE",positive,1
1344,634512306538418176,@hasmeen_morales did you see it's gonna be Kanye on sat instead of frank ocean ?,positive,1
4267,673899952779558912,"Charlie Wilson, Kendrick Lamar, Charlie Puth. Glad I made plans with everyone who worked with them that I would see them in Feb. God blesses",positive,1
5043,636962035947962368,Wahhh I forgot the 2nd goal was so pretty in the Final. Saad to Richards to Kane. #cryingforever,positive,1
3254,632352246844534784,"I may be in the minority here, but I rather enjoy watching David Price play for the Toronto Blue Jays",positive,1
4991,676558815224045572,"Kendrick Lamar may just be the greatest rapper of this generation, and maybe many more to come",positive,1
4379,681327316543344640,"Early morning playing 7 cards with the guys, please play Justin Bieber - Sorry, Jolly Monday Morning Tune!  @GoodHopeFM",positive,1
6673,624005795756310528,I like Fridays bc i get paid &amp; i go to Dunkin in the morning &amp; get powdered doughnuts :)) but tmrw is Thursday :(,positive,1
932,638343994418683904,"Kanye West, in accepting his Video Vanguard award at the 2015 MTV Video Music Awards Sunday, questioned the very... http://t.co/QM68SELR1z",positive,1
3820,639417702398844928,"Kris Bryant is going to be 1st player to win Collegiate PoY, MiLB PoY, and an MLB RoY in consecutive seasons. Few have even done 2 of 3.",positive,1
6306,640580280034574336,"Extra tickets to Iron Maiden baby // come with me Friday, don't forget to call her and use actual words",positive,1
6756,631904441260642304,"Dustin Johnson has a lead in a major on Thursday, because of course he does: http://t.co/ZkrnHVKwoh http://t.co/AaqEi1H4vL",positive,1
2335,673231665716596737,"Wow, Twilight Princess HD is happening on the 4th of March?!",positive,1
3501,639568852515450880,So excited for the new Iron Maiden record tomorrow! UP THE IRONS!!!,positive,1
6382,629112764183769088,@sballmom13 wellllllll. Big Brother is on at 9. So I gotta see when DCC is on. I may be watching it Friday on demand. :),positive,1
4701,667819595600781312,"#JessicaJones brilliant show, just watched 1st episode, can't believe its still the same universe as Thor, Guardians Of The Galaxy &amp; IronMan",positive,1
1776,638504608202125312,"@jasdiane I am excited, but at the same time Iron Maiden have an album out Friday and that's really taking priority XD",positive,1
6213,634905990945730560,@Randy_Team @RandyOrton @WWECesaro   Randy Orton and Cesaro are the best. They are great super star of wwe. I hope you  win match  sun.,positive,1
1047,639846289425977344,@SeabournCareer are in Milan recruiting on Wed 9 Sept for hospitality - we look forward to meeting you. Info at :http://t.co/pp4ItB2lcY,positive,1
1280,628881884349599744,@MikeAndMike Rousey over Floyd everyday of the week and twice on Sunday. #BestFight,positive,1
5206,622934507063246848,What an awesome night to celebrate National Ice Cream Day with 3rd Annual Ice Cream Churn-off. Congrats to all... http://t.co/PK9LPVRcet,positive,1
5028,677509605266620416,Today is the day I never thought would come. Happy Star Wars Day everyone and may the  https://t.co/UwxNFjwH6w https://t.co/tW1qlnc0Th,positive,1
7099,627267270646104064,There may or may not be real tears when Paul McCartney takes the stage,positive,1
1517,623422149810741248,@devikasingh515 Mam at this Sunday when you host raw sunday dhamaal please take Brock Lesnar's side.... ;) &lt;33,positive,1
2593,630109466772508672,Jays are now 2.5 games back of the Yankees for 1st place. won 7 in a row and David Price is 2-0 as a Blue Jay!  6-0 over the yankees #MLB,positive,1
4059,660189926416347136,Anyone else thinking Chris Evans is just doing this series of TFI Friday before giving it to Nick Grimshaw?! #scarythought,positive,1
1944,676486840556367873,"twilight Good morning and happy Friday, all! Anyone else braving the crowds for twilight tonight?",positive,1
1032,632424671187632128,But here's the good news: - Tomorrow is a new game  - 0.5 back is nothing - DAVID PRICE IS STILL A TORONTO BLUE JAY,positive,1
4512,641416656892358656,So excited to be going with my lil girl Jaz to see Ed Sheeran &amp; Christina Perry tomorrow night #DaddyJazAdventures http://t.co/13zxJBdOwI,positive,1
5398,634601717678473216,@ShonenJump420 May be the best pic of Naruto,positive,1
6547,624475142060658688,Just woke up and Calibraska is already 16th in the UK! I need to buy it asap http://t.co/czPWtL0E9g,positive,1
3710,639486761694048256,"Simultaneously exhilarated and humbled prepping to teach Christians, Muslims and Jews in the Middle Ages for the 1st time; 1/2",positive,1
5872,633451795562504196,If you are a real MMA fan then UFC 194 will probably be the 2nd best card of the year I wouldn't put the Rousey card in the top 10,positive,1
3629,624254934565851137,National Hot Dog Day &amp; @StewartsHotdogs has 6 for $6 all day!! 5th Ave 304-529-3647  Kenova 304-453-3647 #BeOriginal,positive,1
2462,623746649874145284,Happy 2nd birthday to our little royal package. #2nd #birthday same day as Prince George x http://t.co/JR0k4oOClR,positive,1
4076,637780885337731072,Rangers will likely activate Josh Hamilton from the DL on Tuesday. http://t.co/qhHpciScUt http://t.co/6QBLCg5E8k,positive,1
3749,624546827291987968,"Just a few hours ago Calibraska was 17th in Italy, and now it's 6th omg!!! #CalibraskaEP  Jack and jack are so talented!!",positive,1
1757,639385664149172224,@EllaHenderson i hope you are touring with TT oct 13th in milan seen the show 5 times in the uk and you were awesome chick..,positive,1
2610,674096691906084864,Playing Kendrick's Black Friday in the sauna to sweat more,positive,1
5654,624884774465871872,Presenting the 5th annual Eid family fun day. See me perform an lots more from 10:30-7pm 26/7/15 address TW4 5HU http://t.co/d8XJKVISVZ,positive,1
2602,637512763405942784,"Dear friend, throw the wine. I'm in love with a friend of mine. Really truly, young and newly wed. (Paul McCartney ""Dear Friend"")",positive,1
2786,674807908090159104,Dana White announcing Holm v. Rousey scheduled for July 9th. Can't wait for the rematch,positive,1
6590,622111606135242752,@SwanSauce  Sunday is going to be a good day for you. It's National Ice Cream Day!,positive,1
6507,632044779497476099,"You may not know it, but Carly Fiorina can gush over Islam darn near as good as Obama. http://t.co/N2TTNJSRqr",positive,1
3849,630032016877191168,"On Sunday, The only way to watch us is to BE THERE IN PERSON!! Come out to the Prince George's Sport Complex at... http://t.co/wDb7KyNRFr",positive,1
2859,626095608194039809,Bad Blood is #1 at pop radio for the 6th consecutive week!! http://t.co/JhfDY92iVg,positive,1
4099,674810025840394240,hyped for J Cole and Kendrick in February you know I'll be at that concert @JColeNC @kendricklamar,positive,1
629,639191983756603392,@TimBritton And now my 2nd favorite Red Sox beat writer is recommanding it...Cool!,positive,1
4923,640323179999834112,@msangelaholmes it has a scene where Ice Cube sits at a lap top and says.. this his funny.. and his wife says You finished? Friday is dope.,positive,1
6275,623587967047716865,"Hope, Love &amp; Laughter; Warmth, Prosperity &amp; Joy; A fragrant bouquet filled with life; You may Enjoy! A very happy Eid -",positive,1
3278,640605940459290624,So how is everyone's Sunday going? I was awakened by @tamaraholder surprisingly making a lot of sense about Tom Brady on @FoxNews.,positive,1
4278,677800450461188097,@Caesar_Flunk @RicheyRevol well their 1st #3 fell behind George Michael's Faith &amp; the Bee Gees' You Win Again.,positive,1
289,633324378206420992,Plenty of niggas out here that would catch a body on friday and then stay in to watch the new episode of Naruto on saturday lol,positive,1
4912,637796289627967488,hey @Oreo thank you for Oreo thins. I'm about to eat the whole box and I'll regret it tomorrow but for right now--nirvana. god bless you,positive,1
5729,676992408878493696,"Saudi Arabia women voted in municipal elections Saturday morning, marking the first time they have been allowed to cast ballots in the",positive,1
5778,678465331837452288,It's b/c of me. I saw Twilight the 1st weekend. Didn't see Star Wars :) https://t.co/o7Mu9YFVr2,positive,1
5055,628340792839548928,"If you're having doubts about Ant-Man, just go and see it, you won't be disappointed. He may not be a major character, but the movie is good",positive,1
6000,641032453210173440,"Konta has started well, at least on her own serve. Murray has a big moment at 4-4 in the 3rd, down 2 sets. #USOpen",positive,1
663,636003266975809536,"@Rolfyekim  Welcome to the 21st century, cuz!  Ginger and I saw Foo Fighters last Sunday, here's a pic. http://t.co/fG4tz5TDnG",positive,1
2344,627719230259998720,everyone needs to watch the live streamed Sir Paul McCartney set @lollapalooza is showcasing tomorrow night. can't wait to reminisce.,positive,1
3967,678736611262128128,Earl tomorrow then Kendrick the day after!!!!!' CANT HANDLE,positive,1
2713,634191684327239680,I don't get the panic at all. Still in playoffs still david price pitching Friday still great lineup still lots of games left #bluejays,positive,1
3095,631009493015523328,"Chris Tucker hasn't lost a step but I wish he would do one more Friday, Ice Cube pay the man lol",positive,1
2237,639279231554334720,Going to see Ed Sheeran tomorrow with @abbyxrene and I'm super excited (:,positive,1
5588,636006028061093888,definitely going to need Dunkin tomorrow.,positive,1
4452,635987577217097728,"@RATBOY can I have 2 tickets to Iron Maiden, baby? Come with me Friday, don't say maybe (I mean Heaven m8, be kl plz) xoxoxoxoxoxoxo",positive,1
2770,640198796610113536,This upcoming Thursday my Patriots are going to smash these Steelers!!! Tom Brady is gonna be angry and he's going to put unreal #s up!!!,positive,1
3898,640708893509844992,Join us for this Partner Yoga specialty class at our Rio Rancho club location next Sunday! See you there. http://t.co/PU2gLcRjn9,positive,1
6932,637487209910767616,I did laundry and didn't lose a SINGLE sock in the process and they moved the Rousey v. Holm fight to Nov 14. Today is a good day!!!!!,positive,1
6985,624221968422711296,Happy Thursday and Happy National Hot Dog Day Everyone!! What a better way to celebrate national hot dog day then... http://t.co/qC8GrnZZoG,positive,1
6683,661830516644052992,Saw TRAINWRECK for the 2nd time &amp; again found it &amp; Amy Schumer brilliant as was the screenplay she wrote. Mel Brooks agreed.100%,positive,1
6557,626593268608974848,Anyone wanna see Jason Aldean with me on the today show on Friday?? Cristina won't go,positive,1
5749,639449337114828802,"Brady is free, Jason Aldean tonight, Busch gardens on Saturday, and brunch on Sunday! Best birthday weekend ever! #FreeBrady #TB12",positive,1
6719,681292226077528064,Can it be April so I can be closer to see Justin Bieber???,positive,1
6595,622824563588644868,"Paul Dunne is awesome; ""hole's the same size tomorrow"", &amp; ""the ball always does what you tell it"" are my new favourite golfing catchphrases",positive,1
2363,630707406150987776,The NFL lost an icon with the passing of FRANK GIFFORD. He was a legend on the field and in the MONDAY NIGHT booth! http://t.co/5mXQnUkV7T,positive,1
2124,636735638440554496,Daily MailCelebrity Big Brother's Emma Willis is casual ahead of UK vs USA CBB launchDaily MailAnd just a month after the 16th series...,positive,1
6918,663312184554991616,"Has to be said Chris Evans TFI Friday is brilliant, great guests, brilliant bands and it always make me smile tbh",positive,1
6436,623850517505007616,"Wishing Prince George a very Happy Birthday! Mum &amp; Dad may not be looking forward to the terrible 2's, but we are! http://t.co/l6KVMAxH8j",positive,1
6696,636907566342217728,Did u hear about NY man convicted Friday of plot to kill Muslims? Media ignores threats vs Muslims My @thedailybeast http://t.co/z6nAxTAg9t?,negative,0
4169,638998620474355713,"@AdamOsper @tonyfowler4  Yes, I'm optimistic but feel we really needed a 2nd striker who could either play alone or link with Kane",positive,1
1325,678549842604331008,"Women don't let men enjoy anything. You're complaining about 1 month of Star Wars? Bitch, I sat through 2 years of Twilight.",negative,0
5151,676713253976715266,"@Jamie_Crathorne Good luck then! I'd love to go to London but I'm from Spain and it's a WEDNESDAY (work), so I hope I get tickets to Milan.",positive,1
3324,638317822087708673,Republican candidate Carly Fiorina tweets that she is OK after getting into an accident with a deer Friday.,positive,1
6386,639699530951340032,"another 17 hour work day done. Time to relax watch new episode of NARUTO, then get ready for First Friday at Barcode.",positive,1
4112,623650277615345664,Sharknado 3 tomorrow if your not excited you ain't living right,positive,1
548,637189323981500416,Chunky black men are just *eyes emoji* I had the biggest crush on Ice Cube in Friday. Don't @ me.,positive,1
4898,628262743007731712,"Nigeria's military said Monday it had ""besieged"" Boko Haram positions in the Islamist militant group's... http://t.co/m5T4Tno4VH",positive,1
2006,638426651118845952,@axelwitsel28 Maybe january you go to milan...See you!!,positive,1
361,638794218127888384,"Find us at the Sana 2015 Tradeshow on September 12th in the beautiful Milan, Italy! #tradeshow #betterwithbirk #Italy http://t.co/NLjucxiX16",positive,1
4784,674647639430791169,If Kendrick and Cole drop they're album in February watch Drake drop his a week after just to kill there buzz. That would smart marketing,positive,1
1506,623726724467961856,ive been with nirvana since sat it was a date every night,positive,1
5573,635917828735016960,"May your life be filled with love, joy, laughter, warmth, happiness and a bouquet of Eid wishes now and forever. Happy Eid ul Fitr!",positive,1
1437,637967911911563266,@niallmyangelboy: Niam teased a song off the 5th album. such a tease..Look at Niall how cute he is.. ! https://t.co/UQ6J3qQiTI little shit,positive,1
2523,622500127962492929,Sunday (tomorrow) is National Ice Cream Day and have we got a gift for you!   Join us for an ice cream sundae and... http://t.co/QJYmAc0c7T,positive,1
6765,641226374687027200,If anyone wants 4 Zac Brown Band tickets for Comerica Park this Saturday we have 4 on the field for $100 each.,positive,1
2233,641287816702480384,"I have a fantasy football draft tonight and will be taking Tom Brady with my 1st, 2nd, 3rd, and 4th overall picks.",positive,1
7104,632213741858357248,I want to watch Paper Towns on Monday pretty please someone,positive,1
6423,622547534506950656,#Brewers Tweets: Huge double play in the 1st. Ryan Braun with the catch and perfect toss home. #MILvsPIT #MLB http://t.co/xIb014teyV,positive,1
2007,640468631709683712,Sharing a bed way Niall on a Sunday morning being told of the pish I spoke last night,positive,1
3068,623051397911592960,"Wishing ""-./'/.-""  You    )""""(  HappY   (==)  EID    )__( Mubarak     for you and your family . . . . . 3rd day",positive,1
1709,676353288556691456,"MTV has hid the results of voting, we have 24 hours more to TWEET FOR GAGA '' #MTVStars Lady Gaga '' c'mon Monsters!",positive,1
4634,638185810043383808,Nicki is the only reason my HW gets done tbh.  https://t.co/hyzutcbTuT,positive,1
1503,638155559615639552,I love Nicki and Miley and may need to call in sick tomorrow because of it,positive,1
4967,623698215997702144,Make sure to watch Sharknado 3 Hell No tomorrow! @maryse0uellet is in the movie! but you'll have to find her ;),positive,1
2246,631140667318644736,I am listening to @aubrey_logan 's (with @PMJofficial) version of Bad Blood for the 11th time this night.Hope you come to Australia with pmj,positive,1
6860,635107599579410432,Attention Naruto fans! Boruto: Naruto the Movie is hitting theaters in October. Click below to get more info! https://t.co/IlE7q1fnSS,positive,1
4708,635916716703354880,"Wow, walk off win for the Cubs.....Kris Bryant HR with 2 outs in the bottom of the 9th inning",positive,1
1963,676342983407484928,Rahul Gandhi will have to wait until 30th Feb to become PM of India in future&amp;only he can do it. @OfficeOfRG https://t.co/DGKwbIwEua,positive,1
3039,638395106651959297,"@KaneAndEriksen @EASPORTSFIFA we adore Kane for being 2nd top scorer ,  he was 2nd top assister",positive,1
2620,632346626695266304,Wayward driver puts Johnson off the PGA pace  The horn may have been a welcome sound for Dustin Johnson.  http://t.co/HB9GmCNTSr,positive,1
2818,640912242796466176,"@KCChiefs_58 well, I think KC may have a good QB for the future in Murray.",positive,1
6934,621319689633988608,Harper Lee's second novel Go Set a Watchman may be block-buster; but the big read is Charles Dickens' All the Year Round.,positive,1
6400,631261649647894528,Zac Brown Band now occupy the 3rd and 4th positions on the Billboard country album chart - Sam Hunt still number one. http://t.co/tSdr1dB81s,positive,1
3271,624291021254434816,DBSK is the 1st kpop group I stan- even though the song that got me in to kpop was a Japanese Opening from my favourite anime.,positive,1
1760,640640023902187521,@TheBullzeyeKK @The_Poolshark @MrProWestie If they keep adding non DLC weapons I may hop back on PS4 some day.  It was fun...just lacking...,positive,1
5143,625484485321211904,"If tickets are still on sale next paycheck, somebody needs to come see Zac Brown Band at the Nationals Stadium on the 14th #JekyllnHydeTour",positive,1
6588,640650640046354436,@nurfgunjake fingers crossed you see kane tomorrow got to meet up with your boyf,positive,1
1092,641225511784579072,@onedirection you guys I see you soon tomorrow OMG omg  yay I love you guys so much come to our malls later on today ok I want to see Niall,positive,1
1815,675881911919599616,Next Friday is the Hurstbridge Village Twilight Family Fun night. Come down and enjoy lots of free entertainment... https://t.co/hqMmiPYkTm,positive,1
3786,637090065408200704,If someone wants to bring me Dunkin tomorrow that would make me happy,positive,1
24,638165360324165632,"Nicki my fav, she slaying everyone and they momma' sat the VMAs, God bless",positive,1
5946,624045246377271296,I liked a @YouTube video from @mamexe http://t.co/5zowojmvuO Mike Tyson: Floyd Mayweather lost the fight in September 12,positive,1
6686,634920223234256896,I can't believe I'm going to see the Foo Fighters tomorrow!,positive,1
5867,666942092313276416,Depp joins Cate Blanchett &amp; Saoirse Ronan as an honoree at the 27th annual Palm Springs International Film Festival https://t.co/pR2V72e9at,positive,1
1903,623852038066171904,"One more day...Tomorrow , July 23rd, is National Hot Dog Day!! $1 Hot Dogs All Day!!!! (slaw &amp; cheese extra) Come and get 'em!",positive,1
6068,639246780111024128,Scott Walker may be nuts but under the right circumstances?  I'm just saying don't over-think this. #SOUNDINGOFF http://t.co/HxcoNVVKF9,negative,0
4419,677223666581676032,I know who i want this to be but I think it's Rihanna or Lady Gaga https://t.co/hBVpy29BZa,positive,1
6830,673440114735865857,"Top Gear will return to the BBC on Sunday 8 May 2016, its new presenter Chris Evans has said https://t.co/r8eSOARLkv",positive,1
350,641358700922339332,@EmmaTrant enjoy the match on Sunday. I am looking forward to seeing how shit Milan are live :) lawlllllll Milano e neroazzuro!!!!,positive,1
4531,641376968781398016,"Missed the game, but awesome that Kane scored. Should help a ton for Sunday.  #Confidence",positive,1
1723,625689955587633154,"@SlyBibliomaniac yeah, on Friday I went and saw two movies people bitch about - Ant-Man and Minions. I had a good time! #HatersGonnaHate",positive,1
4949,641233459432714240,It's WAXX New Music Tuesday!  This morning we're featuring the brand new song from Zac Brown Band called... http://t.co/8jToF1x2ZX,positive,1
1226,628595161229078529,"Indiana friends: anybody have any interest in going to see Zac Brown Band on 13 September? Close to Indy, lawn tickets are cheap.",positive,1
6742,639396400288169984,@HannahEckardt This is like my 3rd msg about this but im dumb. Do you know kane's # anymore? i lost it. Also hope everythings good and stuff,positive,1
4335,669649556104208385,im so excited for civil war in may i just want chris evans in my life 24/7,positive,1
5965,624623529552662528,Today is #NationalTequilaDay!! That may rank right up there with National Ice Cream Day. Let's celebrate!!,positive,1
5678,628688337931472896,"It's official Floyd Mayweather vs Andre Berto September 14th MGM Grand, it is what it is I guess #boxing",positive,1
5142,641421410083209221,Listen. I have Ice Cube my money the 1st time. Cyss gon watch bootlegs till I die my nigga.,positive,1
4918,679002030762008576,@HeffronDrive Italy miss you :) x come back as soon as March to Milan! We are waiting only you and @dbeltwrites,positive,1
5231,639825658928078849,Had me at Iron Maiden and Amorphis. Mgla and Uncle Acid are just awesome bonuses. https://t.co/G1XBB5N3oI,positive,1
117,628543291982745600,Long live the independent #bookstore. This one is recalling Watchman. http://t.co/P26yMoxTUl,positive,1
2441,626926630347214848,Paper Towns is one of my favorite books and tomorrow I'm going to the movie with one of my favorite people.  @SarayRojas7,positive,1
5922,638170199913562112,I may not love all of nicki's music but she is queen,positive,1
4072,631121054686167040,Jason Aldean and Kenny Cheney at the Meadowlands this Saturday is going to be wild!!! #NoShoesNation,positive,1
4161,626869577847304192,"Chuck Norris &amp; cloth diapers - a Thursday afternoon can't get better than that! (Oh wait, maybe it could if some... http://t.co/MEehWVDEAc",positive,1
812,624316509561577472,Bad Blood by Kendrick Lamar and Taylor Swift may be my guilty pleasure of the year. I wish more mainstream pop was like this.,positive,1
2548,620125231164715008,Sun setting on the Columbia river while the Zac Brown Band wails out Homegrown!#theshit http://t.co/EfHwVT56mj,positive,1
4892,667306119061090304,Oh yes! We now have a pre-order up for the forthcoming David Bowie 'Blackstar' LP out 8th Jan https://t.co/mnxJxPA0iy,positive,1
5014,670819183047782401,Hm. Maybe to make up for such a short stream today I'll stream through all of Dark Souls on Monday..,positive,1
2059,640470976560517120,The 2nd day of the 3 day weekend and I'm up playing #UntilDawn on PS4. Even @icecube know today will be a good day! #LaborDayWeekend,positive,1
589,641010499447091200,@DareToHart i'm not a huge fan myself but you know Murray will probably comeback in the 3rd &amp; 4th set knowing him.,positive,1
6674,678239954527510530,It was a WILD night at @JazzStLouis Jazz at the Bistro. Amy Schumer &amp; cast dug our 2nd set &amp; had a comedy jam- Epic! https://t.co/CrE5Z3e2pr,positive,1
6189,625490908289437696,"Royals, Hulk Hogan, and how to handle a bat in the house. All tomorrow on Hot Morning Show w/ @kloOnAir on @Hot_105 !",positive,1
4479,641376299903270913,I see Janet Jackson in concert this Friday. Most of you probably never heard of her. :-) #excited,positive,1
1184,676133716859723777,"Top 5 MC's right now gotta be Kendrick, Cole, Rocky, Big Sean, and an unfilled 5th spot. Knights on the Mic.",positive,1
1682,637560408815984640,Carly Fiorina Moves into 3rd Place in New Hampshire!: According to the latest PPP presidential poll of New Ham... http://t.co/LWfZYd0dMe,positive,1
6234,677010273165811712,"Beautiful evening last Friday for the Carols by candlelight and twilight market!  Lots of kids, lots of sweet... https://t.co/LFzqjaya1X",positive,1
1343,635655060022763520,"@AlexRea98 tomorrow morning before work I'm getting pumpkin coffee from Dunkin, if there isn't any, you're responsible",positive,1
1792,624799086772760576,@HulkHogan I'm not offended by whatever you may have said. I respect you and remain a Hulk Hogan fan. You're much bigger than the WWE.,positive,1
3645,625866050601660416,Sooo I wanna go see Paper Towns tomorrow with someone who actually read the book...,positive,1
2676,633063647661658112,"@JamesFenn90 Like you say, Rory, Spieth, Rose and Day should be great to watch. If Dustin Johnson can get his head together he may join them",positive,1
6733,633757901518073856,I probs say this every Tuesday but Paper Towns is the best film I've actually seen and it just makes me love life,positive,1
4285,635543733551788032,@WWEUniverse.Am all a nurves rack waiting &amp;watching the time.Sunday is going to be a CRAZY DAY&amp; I CAN'T WAIT TILL JOHN CENA WINS 16X BELT,positive,1
5507,680875918605336576,Carol tomorrow and am so pumped about Cate Blanchett and Sarah Freaking PAULSON @MsSarahPaulson aka one of the best actors of our time.,positive,1
1684,679993366965166080,#Birthday Happy Birthday to author Stephanie Meyer-writer of the Twilight series 42 December 24th https://t.co/nMZpSejAcA,positive,1
5374,637094868515467264,Worked long and hard tonight ahead of an intense all-day coaching session coming up this Saturday with Rik Johnson and David Wright!,positive,1
2208,663963793785884672,ooooo I almost forgot Star Wars day is tomorrow,positive,1
7170,624501679665348608,"Wishes this happy occasion on Eid, a very Happy Eid Mubarak!"" May Allah bring you joy, happiness, peace &amp;... http://t.co/pkJgoyEdgh",positive,1
1660,632205899566714881,"@icecube Now I'm thinking about Ice Cube, especially about eyebrow. Japan is almost 14th. I wanna go US to watch the movieeee!!!",positive,1
6258,620325254259429377,Happy Sunday! Back at the River Center for Miss USA!  It's going to be an interesting night. Who is watching the big show?,positive,1
1153,639217818488057858,Heading to Va. Beach tomorrow for Jason Aldean and the Burn It Down Tour? Here's info for you!  Showtimes: (all... http://t.co/WOY5xYigAP,positive,1
176,638089077665988613,"Okay if Justin, Nicki, Demi, the weekend and zayn are performing I'ma have to have a 36 inch sew in tomorrow cuz my weave coming out 2night",positive,1
3160,624232779857813504,July 23 is National Hot Dog Day. Here is where you can get a Free Hot Dog Today: http://t.co/0D69WQPVD9 http://t.co/vnJXli1TEr,positive,1
105,637458136815828992,Goodnight friends I love you and Niall and I can't wait to sEE THE BOYS AGAIN TOMORROW AHHHHDNFCN,positive,1
1294,640687092889186304,@eGoTheIcoN I grabbed Tom Brady in my snake league in the 10th and in my auction for $3. Then got his suspension lifted the next day! Wining,positive,1
639,631916550056898560,boruto naruto the movie comes out november i need to catch up real quick,positive,1
3932,675309356217475073,Kendrick is on top of the game in my opinion. His bars are incomparable to any others right now. Black Friday is fire,positive,1
4384,640292636750913536,"Just saw @CashHarrison on the big brother best bits advert for next Saturday, just Ash's face is the best bit of big brother",positive,1
2221,630465925624377344,May your journey be peaceful Frank Gifford as you move to the light. Sending prayers of comfort and adjustment to... http://t.co/oyqeUeNP1p,positive,1
508,681050615108116484,"God bless him &amp; God bless Am Israel, may allah wrath be with palestinian terrorists of gaza &amp; WB https://t.co/pWMaNfjPLt",positive,1
824,640865190808940544,"Record crowd at Expo Sep 5: (ANSA) - Milan, September 7 - A single-day record 200,919 visitors flocked to the ... http://t.co/VZTF360yiF",positive,1
5265,622816235684777984,"July 19th is National Ice Cream Day, are you going to celebrate with your favorite flavor?... http://t.co/rRKjd7R5Yc http://t.co/doq8r1mlWj",positive,1
1372,661207381167071232,Happy Monday everyone.  I hope the week is off to a good start across the board. Here's a Thor sketch by Mike. #art https://t.co/LrD92nHgn6,positive,1
2951,621498706928500736,"I can't wait to go home this weekend, relax, see my pets, eat homemade food and read Go Set a Watchman. Is it Friday yet?",positive,1
5542,674006435446005764,"You know how in Perks of Being a Wallflower, David Bowie's Heroes made them feel infinite? Tuesday was the soundtrack to my infinity.",positive,1
3466,640551800144297985,Ed Sheeran and Sunday mornings just go together,positive,1
345,640940417173733376,"Dengeki Bunko Fight Climax Ignition coming to PS4, PS3, and Vita December 17th. Hope that means a localization soon after the first is here.",positive,1
765,635116327481413634,"Our 7th and 8th graders had a blast at the ""Sharknado"" Back-to-School dance last night!!",positive,1
3026,630468068876025856,Thank you Frank Gifford for the many Monday Night memories.  You'll be missed https://t.co/atSN6vKDIM,positive,1
4650,632587938203856896,I thought it was pretty impressive I'd been to 7 Zac Brown Band concerts until the people next to my parents were at their 28th,positive,1
2705,671460693296582658,@tveitlight25 @ALupi15 May the 4th is Star Wars Day too! ;),positive,1
3736,621808920114278400,FYI Philly's top spots to celebrate National Ice Cream Day: July 19th is National Ice Cream Day and the Philad... http://t.co/CRWHzQyHos,positive,1
4598,623495382564143104,July 20th 2015 is a historic Night thanks to the #WWE #RAW and #TheDeadMan @heymanhustle for bringing in Brock Lesnar to start a riot #WWE,positive,1
2895,637163239801884672,"@Jam883 Hi Jam! Can you please play Stay by U2? Thanks, happy Friday :)",positive,1
6184,621413107907317760,"National Hot Dog Day is July 23, come join us for the all American celebration.",positive,1
904,630612759831576576,Frank Gifford who also was a great broadcaster on Monday Night Football was the perfect role for our kids regardless of where they were born,positive,1
6496,630561441834225664,"@TheSlyStallone Great job that you have done in your movie career,  one of the best actors next to Chuck Norris.  But you are a close 2nd",positive,1
2592,629627661665447936,Last night Floyd Mayweather compared Andre Berto to Manny Pacquiao. Yeap it really did happen. Happy Friday everyone! #Boxing101,positive,1
5561,630608737783255040,@WWERollins @CFBelltown Seth Rollins great match with Neville on Monday night raw very entertaining match,positive,1
1765,674955691967164416,Dana White says rematch #RouseyVsHolm is on for UFC200.  It will be at the new Las Vegas arena.  I think this could be bigger than May-Pac.,positive,1
3218,638045448696111105,I can't wait to see Ed Sheeran on the 10th!!!!!!!,positive,1
5901,662035084212617216,Briana made a playlist of songs that remind her of me and the 3rd one to come on was All I want for Christmas by Mariah Carey:'),positive,1
5963,622146116704989185,Did you know that Sunday is National Ice Cream Day? Make sure to grab a scoop to celebrate! #NationalIceCreamDay http://t.co/mGHc0pLPxW,positive,1
5648,638032969383309312,tomorrow I've to wake up  early so Zayn's erformance on VMA better be true otherwise u'll regret for playing with my emotions and sleep,positive,1
5024,665463215854370816,This got several lols and if mum's allergy test goes well tomorrow I may play it to Thor when I bring him home!... https://t.co/wse1QDqYgW,positive,1
4054,626036438165917700,NUEVO DJ Sergio ! NIRVANA! This FRIDAY! LEGENDARY Max TOrres! Isis the VOICE! and DJ Sergio! WIth the BEST of the... http://t.co/IZg7F7z759,positive,1
6287,629325075804749824,@orlandoscience oh snap. You guys know who @OddreyM is? I'll have to meet the Big Brother fan who runs this acct. I'll be @ setup on Friday!,positive,1
257,635934878907920384,"Have y'all ever just sat and listened to Frank Ocean's ""Crack Rock""? The shit is mad deep.",positive,1
3283,679429422517104641,@atheistMILF I love Israel. Love the Jews. So I may make a terrible Nazi. :(   @FairserviceSean @thepond99 @AccusredCam12,positive,1
3571,635197642532720640,"Dear Ms. Rousey, may I be your Pre-fight Fluffer? I promise I'll spike your testosterone &amp; make u win. Sincerely, Winky @RondaRousey #UFC195",positive,1
5728,673600734248636416,Can't wait for January 8 so I could lock myself in a dark room&amp;listen to the entirety of blackstar.Weird David Bowie music is the best music,positive,1
9,626913953520726016,Josh Hamilton ties this sucker up @ 3-3!  Smashes his 4th homer of the season.,positive,1
3963,638094568836218881,It's not really a Sunday until you've listened to some frank ocean,positive,1
6082,672069873892200448,"Any conference where the first speaker is named David Bowie can't be a bad one. (No, he's obv not that Bowie). https://t.co/epR3Iv5h0e",positive,1
5674,637339183305129984,"just out in Pinellas: Steve Miller Band, Metallica (MINT 1st pressing), Rolling Stones, T.Rex, Doors, Band, Neil Young, Iron Maiden, Hendrix",positive,1
3142,675734263535411201,@GroovyGrouville @SarkHotel I heard her say so on a radio interview - think it was Chris Evans breakfast show - Friday a week or so back,positive,1
1168,640368741335695361,@solometal76 @greenwood_gavin @trinilee11  Nothing wrong with a little Iron Maiden on a Saturday night.,positive,1
3493,630484096414810112,"Frank Gifford's work on Monday Night Football w/Howard Cosell, Don Meredith, Al Michaels &amp; Dan Dierdorf really helped make me an NFL fan.",positive,1
3492,637645680551555072,@swissed78 thank Chris! Great to meet you both too.   The descent today was unbelievable! Now in Lugano ahead of tomorrow's ride to Milan.,positive,1
4543,630264271612477441,it's literally 6th grade me's dream come true to finally see pete wentz live and in the flesh ive ACHIEVED NIRVANA,positive,1
1369,624377169242886144,"News update New Review Update: July 23, 2015 - Adam E. here with four new reviews. Today is National Hot Dog Day, ... http://t.co/Wy4cJ91kv3",positive,1
6404,632320605073883137,"The day has finally come! Iron Maiden have released the first single from their upcoming 16th studio album, The... http://t.co/NkCuoB2wdP",positive,1
1349,625842042078232576,Undertaker vs Brock Lesnar may just be interesting #SummerSlam #Raw,positive,1
3242,622813828468862977,July 19th is National Ice Cream Day. It is a good day to cool down with a tasty treat.,positive,1
1564,681589398576615424,"Hey it's Monday. Just remember, Cate Blanchett as Galadriel. Have a great week everyone.",positive,1
6638,638643564172476416,"Lost to the Red Sox? DAMN! C'mon Yankees, gotta keep beating up on the bottom feeders.",negative,0
1113,621651406064324608,"#TBT - Who doesn't love it when the ice cream truck comes to visit?  National Ice Cream Day is Sunday, July 19th! http://t.co/dKbvWy43Rw",positive,1
1174,637689028788244480,Saturday night in with a curry and Celebrity Big Brother. Bank Holiday bliss. #passthenaanbread,positive,1
188,636198180972068864,in my dream last night Zayn came and sat down next to me at one direction's concert and I like gave him dirty looks the whole time,positive,1
3930,624401685620879361,Very interested in going to see Jason Aldean in September at DTE,positive,1
7056,623957121323798528,Tomorrow is National Hot Dog Day and @7eleven will have $1 Big Bites!  Get you a wiener!  #NationalHotDogDay #BigBite #7Eleven #wieners,positive,1
2580,666050731430969344,@DLoesch in a sense she did in the MMA plus she was ranked 7th and Dana White is in a state of shock. Ronda has one more shot at her,positive,1
6390,635643894915559424,Brock Lesnar vs Undertaker at WrestleMania 32 will be announced tomorrow night on #RAW. Garauntee it! #SummerSlam #BrockVsTaker,positive,1
568,630286158572838912,Saturday Movie Matinee: Carly Fiorina Won the Debate Going Away http://t.co/Ay2tTdJTP1 via @NiceDeb,positive,1
1799,640815193958842369,"@PlanetRockRadio @WyattVW Awesome Foo Fighters gig Saturday at MK, he still rocks sat on his throne but yes i would've liked him to be 100%",positive,1
5183,639410809337212928,I got 4 Janet Jackson tickets I just hope I don't lose them by January,positive,1
3107,628095145016057857,"If anyone saw the UFC190 fight on Saturday, thenyou know Rousey was amazing!!! #UFC190 #RondaRousey",positive,1
4025,636361650698887168,anyone wanna buy a Zac Brown Band ticket for the 3rd??? dm me if interested,positive,1
1877,634953612158828544,"With 9 Ks on 109 pitches, will David Price get the 9th? He's been incredible tonight! #BlueJays leading 8-2 http://t.co/WqGVMbCVZe",positive,1
955,639047530542710784,@alexdeakin Is Milton Keynes going to be dry on Saturday night Alex? Big gig outdoors watching the mighty Foo Fighters #nobrollies,positive,1
543,637304055098941440,Just went to dunkin donuts for the 1st time,positive,1
653,627961944176132096,The Texas Rangers did a nice job today and Josh Hamilton is able to hit his 5th home run and he did a great job today.,positive,1
279,667861400946130944,"@DavidBowieReal ""Blackstar"" is the best thing to start a Friday night. Thanks David Bowie, my Messiah, my Lord.",positive,1
6471,638232808234725376,Frank ocean is headlining on the 31st don't wanna miss out .,positive,1
1803,681597007689945088,Justin Bieber hits back at 5 Seconds Of Summer over AMA after-party claim: It may well be the beginnings of th... https://t.co/97oPyz6Xo9,positive,1
997,637200850079887361,"@ImIrishNiall_ Work tomorrow, Niall so that Friday feeling just isn't there today. Booo",negative,0
6282,627485352148774912,"Since 2013 Danny Valencia is the 21st best hitter vs LHP in baseball, tied with Ryan Braun. Better than Adrian Beltre. @BennisSnet",positive,1
369,637150241540583424,"New wish time :) 12.00 he meets harry, liam, niall and louis and his surgery goes well https://t.co/vZGyqp0jnT",positive,1
3778,675031681808670723,.@SirJamieH I first saw him on Dana White's pilot episode and saw his fight in October - he does look impressive,positive,1
6871,667732613705162752,David Bowie just shared the first song/video from his upcoming January release. We are left intrigued and... https://t.co/hTtSeyTqCG,positive,1
5207,678261487652089856,"Happy Saturday! Blue Skies all around the Port! Gallery open today 10am to 5pm. #maineart #lovekpt #art  ""Curtis... https://t.co/FJOb7gFBhn",positive,1
5051,673676446926290944,@ThornyRosey   Twilight:yes you may  *lays down on her couch*,positive,1
1455,620045849373093892,I want it to be tomorrow so I can watch miss USA,positive,1
6752,635148313520701440,So stoked to see the Foo Fighters again this Tuesday,positive,1
3074,679972389841670144,We'd love to see you in Israel SQL Saturday on April 4th. Learn from Brent Ozar and Rob Farley precons https://t.co/7q0YE7ZD3Y #sqlsaturday,positive,1
2437,664332661134069760,"Beat Demon Souls. If there is a black friday sale I will pick up dark souls 2, otherwise might just get Dark Souls 1",positive,1
2666,629750867940368384,@Bobby_D_Shaw_SV Boruto: Naruto the movie will be in American theaters October 10th! We gotta go see that shit! it's fucking epic!,positive,1
626,630828683620585472,tomorrow I am going to see Sam Smith live and it still is not real to me,positive,1
379,620818226360946688,Harper Lee's Go Set a Watchman on sale tomorrow. hopefully there are still copies in the nearest bookstore!,positive,1
4475,640889421882130433,Carly Fiorina is 11th person in debate. CNN make exception for her. TV stations all gave her air time over weekend.  She is at 5% -,positive,1
1402,678108111316475904,Dark Souls kicked my ASS tonight. Called it an early night. Sent the #Kreygasm raid over to  https://t.co/gsmajX0pc9 See ya Tomorrow &lt;3 !!!,positive,1
1299,667717888267128832,@9_volt88 they need to move back to King's Field already. Good baby step. Just Dark Souls in 1st person with tweaks.,positive,1
5833,627493016958205952,"After Monday's match against Seth Rollins, John Cena has officially earned my respect. Wrestling with a broken nose. Just... Wow!!!",positive,1
1428,630493026658467841,Frank Gifford was the face of Giants and original 'Monday Night' rock star http://t.co/95gxevH1eB,positive,1
603,638864533000482817,@_SarahBroadie do it we can be out to dunkin tomorrow before practice,positive,1
6566,620673647565533185,Randy Orton vs. Sheamus has been added to the #WWEBattleground match card. I'm pumped about going to it on Sunday.,positive,1
2325,634778950451994624,"As part of the continued offensive operations against the Boko Haram terrorists, troops of 7 Brigade Friday... http://t.co/2e647HCr0h",positive,1
5341,624601038486528000,This morning there was no traffic and the person in front of me at dunkin paid for my drink :) happy friday!!,positive,1
1440,640447849457651712,"Say what you want about George Osborne, he is a tremendous orator and political operator. Bookies may as well pay out now him replacing DC",positive,1
7130,623992038254481408,"Thursday is NATIONAL HOT DOG DAY, and just like every year we are celebrating with our own truly American combo... http://t.co/4lkHAJueAT",positive,1
2499,637015716579905537,@Yusorram I go back to college on September 7th. So not ready. But excited to teach them about Islam if possible.,positive,1
2914,623163286029225984,@Brucehillbhoy up there with him and dustin Johnson and I love to see there pain on a Sunday,positive,1
6066,638185870433099776,I can't wait until tomorrow for all the Memes about Kanye West running for President! #VMAs,positive,1
4785,676783032959959040,Glad you all enjoyed your visit! And a big 'Neverland' HAPPY BIRTHDAY to Curtis!  https://t.co/21NkPfZ6X1,positive,1
2873,669264965329661952,"chris evans, robert downey jr, krysten ritter and fob are all on jimmy kimmel tonight omg i think i may cry",positive,1
5752,673819444100079616,Cate Blanchett to receive top honour at the 5th annual AACTA awards: https://t.co/t0a9fEkaNt,positive,1
5800,640707871626407936,Did you know that @MAJORLAZER is ROCKING it on Oct 20 in Milan? Don't miss this concert! http://t.co/yVK3Irt0K0 http://t.co/O6ovw4ceVu,positive,1
399,634942209360588800,hopefully Zayn will tweet something tomorrow so I will be hydrated the crops will be watered children fed skin clear FINGERS CROSSED,positive,1
1434,668024371693359104,"David Bowie on Friday took another dive into the space theme that has run through his career releasing ""Blackstar"".  https://t.co/PElq8RCjXI",positive,1
2622,625035779778183168,"Did you miss our BOGO deal on National Hot Dog day?  Have no fear, we are doing it again!!!  On Friday, July 31st... http://t.co/v3GbGQqbQk",positive,1
4733,681828714376749057,@Chidwack__ omg yes!! Then I'll be in Milan for my birthday on the 5th!!,positive,1
315,641445535057072128,"Listening to a gay man narrating his love life is the nicest thing I have ever done :)   C'mon people,  I am in Brazil :)",positive,1
6563,632067739557851136,Friday Mubarak to all Muslims all over the World.,positive,1
722,630974451308302336,Always fun reading about Rousey's love for Pokemon and DBZ https://t.co/zQiGmV4zwR,positive,1
3860,677599251417980928,"May the food be with you on this Star Wars Day https://t.co/lOCllychqK #StarWarsTheForceAwakens, via @PBSFood https://t.co/0JvqrbQ9Bz",positive,1
3217,628037988614828032,@MieshaTate So pumped that you worked your way back up Miesha &amp; I know you'll get the W in the 3rd fight with Rousey! http://t.co/CERCEl1pLJ,positive,1
2107,631326151860883456,@ccstreeter Can't wait for Friday because Milo and for you guys to see Paper Towns,positive,1
1884,676506336411189248,wearing the hottest top I have ever owned on Wednesday to see The Vamps genuinely more excited for the outfit than the concert,positive,1
3170,619994586182619136,"Excited to read ""Go Set a Watchman"" on Tuesday.  But can it possibly live up to ""To Kill a Mockingbird?""  Any opinions?",positive,1
3486,620398950533632000,Miss USA featuring all the 1st generation Americans and multicultural women is great.,positive,1
4480,641576029820166144,"Italian Society for NIR Spectroscopy: great success of the 1st Winter School, Milan, Italy and ... http://t.co/Rbr5Fya64M",positive,1
224,626395761090129920,"Ooh national girlfriend day on Saturday and there's a fan screening of Paper Towns, what a lucky coincidence",positive,1
2572,677997268348334080,Everyday at twilight When the sun turns red in the sky I think of you on that shoreline Brushing the hair from your eyes,positive,1
5369,625793360633167872,John Kasich on Tuesday will become the 16th major Republican candidate for president,positive,1
6314,640712023941230592,Tom Brady is locked for Thursday. Let the season begin! #RepeatSeason,positive,1
928,632175020505235458,David Price pitches today. A 12th straight win would set the mark for the longest win streak this season &amp; set a Blue Jays franchise record,positive,1
3648,622925601440178176,Join us this Thursday @ Fancy Frank's for National Hot Dog Day #freedogs in support of the #torontobluejays care... http://t.co/aMKhfbuGeB,positive,1
2922,636928447093297152,Hey @hamatweets we will be showing Boruto: Naruto the Movie October 10th at 1pm &amp; 14th at 7pm! Tickets are available now!,positive,1
4341,639036874078744576,I'm going to Milan tomorrow omg I forgot?????,positive,1
2293,623769338907131904,"@TRH_BritRoyals Happy Birthday Prince George on your 2nd Birthday,           Have a lovely day &amp; enjoy your special day. xx",positive,1
4751,632252665859338240,Dustin Johnson has a great chance to win the @PGAChampionship as long as there is no Sunday round. @DJohnsonPGA,positive,1
3985,636679688304336896,"My good friend William is planning to revert to Islam, may Allah make it easy for them.",positive,1
7101,662439434349101057,"I liked a @YouTube video https://t.co/ZARqtWvJc0 Sibling-wed Game with Scott and Chris Evans, Part 2",positive,1
775,634280062540488704,Happy birthday to my dearest Big Brother. May continue to bless and protect you. Love you always. http://t.co/TmfK4anAFp,positive,1
5999,638349426625409024,This Friday OUTHOUSE is playing at Still Partners in Sea Cliff ! Hop on the Expressway to Nirvana! http://t.co/F95s2EdwpS,positive,1
2199,638559090713559040,you may not like them together but admit it camila and shawn sounds amazing together,positive,1
6543,635625322948489216,I'd love to be here and keep rolling on the floor laughing about John Cena... But my Driving Test is tomorrow so a WWE Network replay it is.,positive,1
7000,623768286749175808,@itvthismorning My little Harry Kenyon celebrates his 2nd birthday today with Prince George http://t.co/G2CseoMZyn,positive,1
4143,623707786837405696,Is it weird I'm excited for Sharknado 3 tomorrow night?,positive,1
6947,640098977103355904,"When your sister plays Iron Maiden on a Saturday morning, you know your work as a brother is done.",positive,1
4504,638882790898040832,"Kane records 2nd assist of the half, as he finds Bishop to give @CabriniMSoccer 3-1 lead over @PSUBWSports with 24 min to play #GoCabrini",positive,1
2028,679625006314328065,@caroline_tg good to read results with no side effects showing-  see they are doing 3rd trial - any possibility to get Milan into it?,positive,1
1287,638180890074587136,"cue the mountain of thinkpieces about nicki's ""aggression"" and ""internalized misogyny."" looking forward to tomorrow.",positive,1
566,621389762570637312,Sunday is National Ice Cream Day! Take the CapeFLYER to get your ice cream fix! @4SeasIceCream @Katiesicecream http://t.co/IuBDkP0PIo,positive,1
378,626242760979320832,"@HeroesInColor00 you definitely aren't, Ant-Man was my 2nd favorite Phase 2 flick right after Winter Soldier",positive,1
1621,639927523866861568,"In the Name of God, I pray for peace to all Muslims, Jews, Christians, world peoples. May all Praise and Glory be to God, forever!",positive,1
5252,676501378219425792,You know Kim Kardashian may be known for her sex tape but lets admit that woman has done something. And yes she... https://t.co/34V0tSvtq0,positive,1
5712,641608917328482304,Ready for the 26th! Ready to get my life to Janet Jackson,positive,1
1042,622813892088041472,Celebrating National Ice Cream Day with my fellow interns on this beautiful Sunday #andalsoPanera @Logs2424,positive,1
2632,637643688835944448,It's Saturday!!! Bring on the Foo Fighters tonight!!! https://t.co/4VgTALJRTY,positive,1
4001,636356373907918848,Going to see Foo Fighters on October 7th in Memphis with my lovely lady.,positive,1
7151,677741164473262080,Last night &amp; tonight &lt;&lt;&lt; hopefully a better one tomorrow Milan,positive,1
304,640222765245575168,"SAT STAT: Tom Brady is set to make his 14th straight opening day start, the longest active streak in the league. http://t.co/eTBi4oIU7D",positive,1
5738,674421382143279104,Black Friday x Kendrick and J Cole oh my goodness I can't stop playing it,positive,1
509,624453562613960704,100% sure i'll have the lyrics to every song on calibraska memorized by tomorrow,positive,1
1614,640618272237424645,"11:11 bmth+pvris tickets, sam smith to finland, happy mutuals, nail both of the presentations tomorrow !!!",positive,1
3237,640400601583644672,I want to go to Zac Brown Band next Sunday....,positive,1
5936,627877091976085505,"I truly believe there are Christians, Muslims and Jews who will go to heaven! It's the people condemning others who won't make it!  #sunday",positive,1
5304,637295720094171136,"Roll call: who's going to the Foo Fighters show tomorrow? I'll be there with my mom, who will tell me to ease up on the beer, JUSTINE RUTH.",positive,1
4730,623084663461036033,"I posted 9 photos on Facebook in the album ""The glamorous 2nd Night of the EID, We All Together in snooker Cl"" http://t.co/oDdzlFiea0",positive,1
387,638197529407057920,oops i'm rewatching nicki's performance for probably the 5th time,positive,1
2833,622823748035588096,@Paul_Bothwick Paul Dunne? Looks more like Paul Bothwick! Good luck in the final round tomorrow! #TheOpen http://t.co/ppdcr1z96C,positive,1
2415,632197216409530368,"Frank Ocean's nostalgia, ULTRA is finally on @Spotify; it is going to be a good #Friday.",positive,1
1875,639577921628282880,"Zac Brown Band will perform @MolsonAmphithea tonight and tomorrow night His song ""Heavy Is The Head"" ft Chris Cornell http://t.co/Ove03BUBF1",positive,1
5825,631375825519177728,"Don't forget all films before 5pm are just a fiver for all!  Valid Mon - Fri only. Book now and enjoy Ant-Man,... http://t.co/gIj6jeuho1",positive,1
4466,623585605851594752,@MadhuCheri tomorrow night is red carp[et premiere of Sharknado 3. Cindy has a great cameo in it.,positive,1
4460,630196529744089088,"#judge jeanine, I agree with you that Carly Fiorina belongs in the top candidates. In fact, she may be the best of the bunch",positive,1
762,640218797492830208,"Ok it's September 5th, the concert is over, Shawn liked 2 vines I was in, Ally pointed at me, I'm not at playlist live IM OVERWHELMED",positive,1
742,674126152311562240,Laugh a Little: National Herald Case - Sonia Gandhi and Rahul Gandhi May Have to Aooesr at the Courts  Here is... https://t.co/kDEAnxWxza,positive,1
5377,635261886154559488,Saw Paper Towns again. Still perfect the 2nd time.,positive,1
2436,634968335533391872,Max Martin just notched his 21st Billboard #1 as a songwriter. Only Paul McCartney (32) and John Lennon (26) boast more leaders as writers.,positive,1
5751,634989536943177728,I can't wait tomorrow is the big day undertaker vs Brock Lesnar for the last time ever!! #WWE #SummerSlam,positive,1
3972,638194908684263425,In case anyone asks me tomorrow no I didn't see the VMA's but yes I would vote for Kanye West because of two simple reasons,positive,1
4601,634424379418521600,Oh my god the video is out tomorrow THE FIRST VIDEO AFTER ZAYN LEFT ONE DIRECTION IS OUT TOMORROW DIG A HOLE AND THROW ME IN THERE,positive,1
1956,638507145181290496,Tomorrow Cacao is being delivered along with Star Wars little Golden Books and I get to finally play Armello on PS4! Is it Tuesday yet?,positive,1
1613,632448981679915008,"@baghdadinvest @abbasnasir59 Not just Christians, you are in the prayers of ""all of us"" humans.May you stay safe and be free soon!God bless.",positive,1
1236,635175016674512896,Katy perry's last Friday night is the soundtrack to my life and I so wish i was joking,positive,1
3620,633474523329875968,Tawney and I already have plans to go to dunkin tomorrow after I move in... the addiction is real.,positive,1
4891,623820941114638336,@windsor_charles Have a great 2nd birthday Prince George I hope u have a lovely day with lots of lovely pressies!!,positive,1
4680,639527594866647040,I still watch the new episode of Naruto every thursday #geek,positive,1
2095,631929940703866882,"Friday starred Ice Cube and Set It Off had Dr Dre in it, so this NWA: Straight Outta Compton biopic will be a walk in the park.",positive,1
4446,623796144523472896,Prince George Has the Cutest Plans to Celebrate His 2nd Birthday http://t.co/gvZVWJvoho #Fashion #Coverage,positive,1
3534,634332884954804224,Counting down the days for Rolling Stone Pool Side Party!Sat 22 August 2015 at 3pm http://t.co/irVgWzhSbF,positive,1
348,622447951722467329,"Don't let sensitive teeth keep you from enjoying National Ice Cream Day - Sunday, July 19! Learn more here.. http://t.co/NCin0DJUlc",positive,1
5260,640371312381198336,"Came 6 hours before the Ed Sheeran concert began,i waited in the hot sun and almost passed out with barely any water.But it was so worth it",positive,1
5483,637465367556812802,@JohnCena good night john cena talk to you tomorrow,positive,1
889,635492849069363201,Carly Fiorina: We Should Not Repeal the 14th Amendment http://t.co/8nFPX0YC7w via @meetthepress Very impressed with this interview!!,positive,1
5420,626228814910242816,Bri and I are going to see Paper Towns tomorrow and my body is ready,positive,1
2848,628129695914151937,@neilcford Cheers. Being told the Moto G (2nd gen) is a good bet too. Similar specs. Will be down to OS I think. Many thanks :-),positive,1
1795,674057551831527424,Revenge of the Dreamers 2 comes out this Friday. J Cole and Kendrick collab album comes out in February.  Truly what a time to be alive,positive,1
656,628992022775529472,Congratulations! Hulk Hogan reached the end of the 1st line of his keyboard. Now we try with these letter things :) https://t.co/ifUox0LIuf,positive,1
4925,638403378909843456,HBO announced they received a pair of specials from Bono and U2 that will air in a Documentary in November. Will you watch the U2 Special?,positive,1
3644,641366208361533441,"With Kane and Rooney seemingly forming a great partnership, it shows how great a signing Man Utd may have wanted to make #rooney #kane #mufc",positive,1
4963,625388267177951232,@tenebrae2012 So @Liquid_Galaxy just told us that he watched Sharknado 3 on Friday and that they are making a FOURTH one! \o/ =)),positive,1
2875,640705829579177984,@MernaKhalil_ I'm going to see Ed Sheeran on Tuesday and I am so excited I can not contain myself,positive,1
1914,625821119807913984,I can't say that Rollins is the best WWE champ of all time....but he may rank above Hulk Hogan. Brother Brother Brother Brother #Raw,positive,1
5841,622561601032470528,Tomorrow is National Ice Cream Day! Sunday July 19th #IceCreamDay Come on down for a FREE Homemade waffle cone with every Ice Cream order!,positive,1
6847,637094830192115712,[Chicago Sun-Times] White Sox rookie Carlos Rodon continues to make strides http://t.co/Q5mvfYQ6ze #Mariners,positive,1
7037,681559621090213888,Gr8 meeting Rohan &amp; Milan 2day with Cst Crowe &amp; MacArthur #K9Charger &amp; #K9General!!! Good Luck Wed Rohan @sickkids!! https://t.co/C9VN39iUeC,positive,1
796,626664091801776128,"I have tomorrow off so it's Friday to me! ""What will you do with your day off, Kev?"" Thanks for asking. I'll go see Ant-Man.",positive,1
167,640223236706340864,"FACT: In the week after @1future released his 3rd album titled ""Dirty Sprite 2"", Gucci noticed a 75% increase in flip flop sales",positive,1
4592,635045702494744576,David Price pitched eight innings of two-run ball in a win over the Angels on Friday. #BlueJays,positive,1
6662,620519869927280645,Only ONE day to go before the release of Go Set a Watchman! See you all at 8 am tomorrow... :),positive,1
2045,676703239463526400,May the best win #MTVSTARS LADY GAGA,positive,1
4686,637102995734269954,"@NiallOfficial...for the 1st time. I will NEVER forget tht night. Hope you get to come back, soon. God bless you, Niall. Good night.",positive,1
2725,623058611019870210,Just when we thought comical @GENOlukolade was the chief clown. Big words as explosions at Eid prayers. Do 1st!!! https://t.co/REAvrcvgkO,positive,1
6833,635709289999519744,Just watched a Teens React video on Youtube where a guy named Shant said he liked 'old music' like Nirvana. Happy Monday.,positive,1
5148,637038056260927488,"Wow! I just won this for free, FRIDAY starring ICE CUBE, CHRIS TUCKER, etc flixster vudu HDX u http://t.co/NHYTOtkR3E #listia",positive,1
4623,677260025920929792,"Don't forget, we have some spirit days coming up at Liberty! Tomorrow is Star Wars Day and Friday is PJ day!",positive,1
7013,622823116729909248,"Paul Dunne on walking up the 18th hole at St. Andrews as a co-leader: ""That was about as much fun as anyone could have in golf, ever.""",positive,1
908,639067105422389249,I am really hoping the #preds aren't one of the 5 teams that called about trading for Kane. Not sure we have enough room for 3rd chances.,positive,1
5668,624033365688127492,I can't even explain how excited I am for Calibraska. Like I don't know if I can wait through tomorrow for it.,positive,1
3412,638240157779361796,Can't believe Naruto is still running.. I remember watching it when I was in the 6th grade,positive,1
1464,663766498154967040,Who went to the first Amy Schumer show on Saturday? Anyone who would be willing to talk to me about it? https://t.co/ChD4hDvYBf,positive,1
1752,678983151704764418,"if only ever watched the #BBC and #CNN, you may not know that Saudi Arabia is bombing Yemen with US/UK/French arms. #bias",negative,0
4305,624053366981795840,#Sharknado3 April Lives Can't wait for Sharknado 4 begin the Hypenado!,positive,1
4783,639963523150295040,The veto comp tmrw may be one of the best ever in the history of Big Brother. #BB17,positive,1
1598,676978809753739264,Amy Schumer's honest post may actually inspire you to strip down: https://t.co/oMfZyRZzTd https://t.co/vwnlJUbIiK,positive,1
2123,623041148454608896,@Louis57TM: Great round by Paul Dunne today. I enjoyed playing with him. All the best for tomorrow.  #ProudlySouthAfrican #TheOpen,positive,1
1810,625167810411528192,I'm going out for breakfast tomorrow and I'm going to tell everyone I see to buy Calibraska on iTunes @JackJackJohnson,positive,1
5811,625088391361757184,"Nirvana won, I'm officially out of commission for the rest of today and tomorrow",positive,1
4078,638494407231209472,"I'm sure Real Madrid will 'somehow' sign De Gea tomorrow, but tonight's been entertaining all the same  https://t.co/CWMv4caQnp",positive,1
1553,637369214051815424,@quangochef Iron Maiden will probably keep me going until the match tomorrow night lol,positive,1
3911,640906600253820928,Holy Yoga in Webster Groves resumes tomorrow! Come practice yoga and reset the posture of your heart.... http://t.co/9emU7zZbes,positive,1
6821,640467849295867904,"Just one day left to the #EXPOCamp! See you tomorrow 10 am, at @FabriQMi in Milan: we can't wait! http://t.co/t1lqpBPOH3",positive,1
1584,638550726961143808,Reminder: the wonderful madness that is Super Time Force hits the PS4 and Vita tomorrow. REJOICE. http://t.co/c2S0aoQgOm,positive,1
1910,633646157042982912,Can't wait to go to @kidsfest with nirvana on Sunday. And for a great cause @jbmt1 .. Everyone should get down and show support,positive,1
4091,628095432451858432,I'm in the south but my greatest desire is to see an end to Boko Haram. May God help our @MBuhari president. @APCNigeria,positive,1
6775,628320585987321856,90% of my love for the WWE comes from watching Seth Rollins get punched in the face. Ready for Monday night RAW,positive,1
654,639856802083926016,Still prefer the Nirvana cover because I can actually listen to it repeatedly. The only part I like is 1st chorus. https://t.co/F3t7PQb5Jc,positive,1
687,639438099186098177,Come check out the cover show encore of Katy Perry featuring Tiina Flank next Friday at The Foundry! I will be... http://t.co/6syVZaj1MO,positive,1
6193,678912457021067264,Someday I'm going to compose a book of the comments we receive on our Monday morning Browns posts. It'd still be better prose than Twilight.,positive,1
2306,633861586633908224,"Sunday Oliseh to pick five local stars for Tanzania game: Super Eagles coach, Sunday Oliseh, has revealed he w...  http://t.co/Wj8Czb215q",positive,1
4956,666814930679685120,"@InMetsWeTrust 5th Ace? Sure, Why Not? BALDER is the brother of Thor in Norse Mythology. Seems a reasonable moniker for a red hot baller.",positive,1
6721,641390733363167233,Here here for superman... err John Cena reported injured Saturday night but just fine for Monday Even got a pin FTW #CenaHateNation,positive,1
3304,624247277893349377,July 23rd is National Hot Dog Day! Come Celebrate With Us! Blake Brock will be on the deck at 6pm! http://t.co/ZBD9j4o4yZ,positive,1
7082,629837724669706240,#BlueJays win 2-1 Final!! David Price on the mound tomorrow! #ComeTogether http://t.co/Mxv01J0cOs,positive,1
3685,626731726178525186,I'll be in the presence of Paul McCartney tomorrow night so if you hear of a guy ripping his skull out in downtown Chicago it wasn't me,positive,1
2510,639787775479431168,Watching Naruto shippuden at work cause it's Friday and I don't care.,positive,1
7132,676466562014928896,Kendrick Lamar reminding us all why he's king.  https://t.co/s2EhL2hjKW,positive,1
4503,627719488419401728,Floyd Mayweather may be greatest boxer in the world right now but Ronda Rousey is the greatest fighter in the world,positive,1
3320,633624318480658432,"Radio just played U2's ""Bad"". Which rarely happens &amp; is one of my very favorite songs of all time so my day may have just peaked very early.",positive,1
1111,637097745610739712,@HalfAHeartLoui I've only got Niall now ... But if you want Harry I'll get more tomorrow!!,positive,1
6375,665677455332474881,"In 4 @TheRealJimLewis on @whms975 80's Saturday Night. There will be David Bowie, Motley Crue &amp; Christopher Cross so it's obviously awesome.",positive,1
4471,636651345039245312,Foo Fighters tomorrow night with @hannahbrnardic and @kyliie_jean24 . Ayyeeee,positive,1
1015,630212905280110592,Paper Towns is amazingly playing in Fremont tomorrow and now I feel obligated to go see it.,positive,1
6239,635989988027564032,My daughter begged me to take her to David Wright's 1st game back in Philly. Guess I look like quite the bad Dad now. Mets have 7 HR inc DW,positive,1
6935,641217713336152064,"Hello Tuesday, I had a nice looooong weekend, now it's time to work. (at @Lowes Home Improvement in Murray, KY) https://t.co/XAimNoODOY",positive,1
3532,681827597962096641,@PurposeTourCom Selling 4 Justin bieber standing tickets for the 20th of October in Manchester!,positive,1
1423,629063800797265920,"@ParisCarney great pic of both of you! How time flies, eh? Bangs, all girls do bangs . Paul McCartney's 1st GF set the rage rage 4 bangs",positive,1
5555,620722338754088960,Congratulations @RealMissTXUSA for being first runner up in the Miss USA pageant Sunday!,positive,1
1639,634590696045940736,"Hella forgot, it's Thursday therefore there's a new episode of naruto on Hulu therefore it's lit",positive,1
3803,672131538734161921,"Good driving/singing tunes The Bee Gees, might have to dust the 'best of' down for some falsetto fun!  https://t.co/Pflsib5gBW",positive,1
2835,629793822793449472,"The 1st day of the Premier League season is better than Christmas, Eid, Diwali &amp; Hannukah festivals combined.",positive,1
3677,632874703237943298,im siltitng in my room the sun is rising outside my windwo and im laughign at my fucking naruto joke,positive,1
1175,637676867059884032,"Kane should have scored, but Howard made a great play on that (and the Toby header). Optimistic for the 2nd Half! #COYS",positive,1
1694,622215530112516096,"Watching @Collin_McHugh make Josh Hamilton whiff is a wonderful, wonderful thing. C'mon @astros. http://t.co/pLTDsHVKAL",positive,1
3632,641380683957563393,Nothing like it November...  @rickyaross @martyn_joseph and U2... Christmas is definitely early!,positive,1
5054,624208250356019200,"@keselowski On Hell No...great job in Sharknado. See you in Daytona in February your Body Guard from SR Perrott. Have a""Lite"" Day Brad.",positive,1
549,641403916308119552,@stoolpresidente  this shirt got a lot of love here in Virginia last Thursday at the Jason Aldean Concert! http://t.co/TGrAqUGbLM,positive,1
4302,672255824140640256,Naked Hanukkah Celebration with Amy Schumer and YOU! will air on IWS Radio this Sunday at 12 Noon ET! ... https://t.co/wX72h6ED9J,positive,1
1085,623876199694118913,"@KensingtonRoyal happy 2nd birthday prince George hope you have a great day with your mother, father and baby sister love you all xoxo",positive,1
5276,623659778447781889,Stop what you're doing. Sharknado is on syfy channel. And Sharknado 3 premieres tomorrow night. Life is good,positive,1
444,640853312862949376,sam smith on 2nd ave! waaaaa how can you sing like its just bahay kubo megesh,positive,1
1544,636409179528429568,Persona 4 Arena may be the Naruto Ultimate Ninja of Arc System Works fighting games but i still like it and need 2 pick up ultimax,positive,1
2937,632767747311570944,I'm home alone watching the big brother live feeds on a saturday night #killingit #BB17,positive,1
1108,627225468668911616,SO excited to see an early release of Paper Towns tomorrow and also Inside Out! Be a great day @cineworld #UnlimitedCard,positive,1
1659,636665619144966144,"If you love me, you'll tell Frank Ocean to drop his album by September 14th. Thanks.",positive,1
945,626004435899142145,"Been watching 'montage of heck' and liking it a lot, love to map his march to being an artist and nirvana becoming great..",positive,1
6687,639512812197445633,Congrats Mid-Atlantic Red Sox 15u. Ranked 14th in the nation by Perfect Game.,positive,1
3585,638714448467873792,Transgender is a difficult subject but it has been timed well with the Caitlyn Jenner thing so that may give it some appeal.,positive,1
2545,635980001922297856,"Motivational Monday quote: ""If you're presenting yourself with confidence, you can pull off pretty much anything."" - Katy Perry.",positive,1
3941,628235398364278784,Make a wwe world heavyweight championship match on Monday night raw with Seth Rollins vs roman reigns and you can BELIEVE THAT,positive,1
3869,638995232768544769,Watching the repeat of Sunday's Live episode and my god this Loyiso guy can sing. He killed that Sam Smith song.,positive,1
1245,629270724155428864,"Glasnow is nearly identical to 2008 David Price, who got the call up and was outstanding as a reliever in Sept/Oct. http://t.co/170IderBxH",positive,1
4501,679043988607926272,"It's Star Wars Day at the @UGA_WBB game on Wednesday! Win movie tickets, t-shirts &amp; more! &gt;&gt; https://t.co/8MSsG0vFjH https://t.co/jmMuauJ1CI",positive,1
5137,674085610538139649,I know your eyes in the morning sun I feel you touch me in the pouring rain  Bee Gees,positive,1
1655,639302918416527360,"@LethalLaserKJ lol jk, Kane is too valuable. Teams would have to give up 1st liners for him. Dude was 2nd in scoring on the team.",positive,1
4462,676567715033714691,Actress and comedian Amy Schumer shared an intimate portrait on Monday that it will not quickly be forgotten.,positive,1
3535,636041621633691648,"White Sox vs Red Sox tomorrow, Cubs vs Reds on the 1st, n Bears vs Packers on the 13th. What a good going away present!",positive,1
2034,624302798168043521,"Tomorrow's National Hot Dog Day. Except in along the Mexico-Texas border, where they're getting a free giant wiener today.",positive,1
5220,636773523923406848,yo me and sarah found the really attractive security man we saw at the sam smith concert last monday. let's not,positive,1
3130,623780984182439936,The official photo released to mark Prince George's 2nd Birthday!  Happy Birthday you gorgeous little star :*... http://t.co/wKlXk5qExW,positive,1
1754,638325418056028161,Fact: if you listen to Zac Brown Band on a gloomy day the sun comes out,positive,1
2216,623162208059555841,Finally got the tickets for #BajrangiBhaijaan thanks to @UsamaQureshy finally a high note to put an end to Eid holidays. Work from tomorrow!,positive,1
2819,678811577068351488,"TBH I like Kim Kardashian. She may not be the /best/, but I have a lot of respect for her",positive,1
1846,639196220855066625,Carly Fiorina may have a spot on the CNN debate: http://t.co/gcAaoYTMrd,positive,1
622,668282194796810240,"@OfIceAndBlood Owen grinned, this may be a little easier. ""I've heard a lot about you from Thor and Chris. It's lovely to meet you!""",positive,1
5527,625671718208671744,Got to love these three dedicated days of laziness. Back to gyming it up tomorrow. Before Ant-Man.,positive,1
6174,633415674950516736,Monday Night Raw in 1 hour John Cena returns plus Brock Lesnar and The Undertaker in the same building could go wild on USA Network,positive,1
501,640496674524172289,Great Sunday Sesh at Redcliffe on the Murray today!! Beautiful weather for it. It was also Wilsons first gig to... http://t.co/a7aWtpHQsl,positive,1
4185,637384560804786176,Around this time tomorrow I will be standing in the middle of Wrigley Field waiting for the Foo Fighters to come on stage!,positive,1
4778,623919193218510849,@Ceilidhann @BeckiHawkes however conflicted I may feel about Watchman's publication this is a hella great upside to it.,positive,1
1207,625414288635772928,"Ant-Man was brilliant. Inside Out was spectacular. What a great year for movies so far. Loved today, just sat in the cinema!",positive,1
5639,680559519370366977,"@Seis_GoDeep Kendrick we love you  in Arkansas.Hope you success where ever you life may go.I hope it leads back toAr. But if not,u go get It",positive,1
2024,639241991084199936,"Zack, South FL, Beetus behaved, I wish it was tomorrow night. There's a prerelease party for Iron Maiden's new album.  #dsma",positive,1
4358,640239643716284416,"Radio just played Taylor Swift's ""Bad Blood"" followed by Kath Perry's ""Last Friday Night."" Clever girl.",positive,1
2810,634714634939953152,And what a lovely surprise it was to hear Big Brother on this track.  Happy Friday y'all. https://t.co/DxBvrciHJm,positive,1
4396,681709780247953410,Probably the 10th time I've seen the Comedy Central roast of Justin Bieber and I'm still almost in tears from laughing so hard,positive,1
534,634781558478622720,"Fans of Theresa May shop at Topman and enjoy Jim Davidson, as do fans of George Osborne, who also really like the movie The Interview.",positive,1
4071,622086372824723458,National Ice Cream Day is this Sunday! How about we celebrate early with @BucksIC? Open today 'til 5! http://t.co/aQoBSYqK53,positive,1
4729,638253580659462144,Kanye West was honored in a big way during Sunday night's MTV Video Music Awards by receiving the Michael Jackso... http://t.co/pXlzSgPE82,positive,1
5989,624259278770171904,"@Cam4 hey, you didn't miss it! TODAY, July 23rd, is National Hot Dog Day! ;) #GetYourWeinersOnSomeBuns! xoxo Kit n Luck",positive,1
3590,638483135953530881,@Naughty_Dog Guess I'm finally going to buy a PS4 on March 18th! :D #Uncharted,positive,1
3462,638562543552864256,New class tomorrow! Then I will be one month away from getting my first degree. I'mma do a Kanye West speech when I get it too.,positive,1
5961,661962154279624704,fun fact: chris evans (dude who revealed the coldplay announcement on fri) is from the same town as me. nice one mate,positive,1
1859,637719799720734721,Cracking header by Adriano gives Milan the lead halfway through 2nd half #MilanEmpoli,positive,1
3164,681707701668151296,Adding Justin Bieber on snapchat was the best decision I've made since last Saturday.,positive,1
1858,676001352330420224,C'mon babes! Let's vote on Gaga and put her again on 1st. It's missing just 2 days till the end! #MTVStars Lady Gaga https://t.co/LzqkSlTibX,positive,1
734,626850806273318912,Also may have purchased a Brock Lesnar and a Bray Wyatt shirt for my trip to #SummerSlam. It's the day before payday &amp; I still have money!,positive,1
4763,626608834816122880,Hungry...again. But then I remembered I work at Dunkin tomorrow and can stuff my face with donuts. Perks or nah,positive,1
6196,641292856477356032,"Sam Smith may do well with his bond song but no one beats Adele's ""Skyfall""",positive,1
4877,622360471224631296,"Have you read Go Set a Watchman, yet? It's well worth a read! Come chat about it with us on the 29th at 7pm in our 1st book club! #aberdeen",positive,1
3846,626159521816141824,"To Kpop fans, we song along to vocals, 2nd voices, raps, fanchants, do the instruments &amp; even perform its own choreo https://t.co/rHB6IuRR8r",positive,1
6129,626959429829685248,"So I get paid tomorrow and I have no work so that means movie catch up day. Southpaw, Paper Towns, Vacation and Tangerine are coming up.",positive,1
364,637824367943131136,"KPop fans are all excited to see GoT7 at the Smart Araneta Coliseum this November, long queue happening now at... http://t.co/gRj9J5kP5M",positive,1
182,638342827957731328,Can't wait to see Foo Fighters next Sunday&amp;with Royal Bloods supporting will be insane,positive,1
26,629422581234466816,"@Motorola ordered my Moto G last Friday, said it was all assemebled that day, still hasnt shipped. Bummed I don't have my new phone yet...",negative,0
1230,640170324198232064,GdS - 65 thousand tickets have already been sold for the upcoming Milan derby next Sunday. A sold-out is pretty much possible.,positive,1
2594,669746329116155904,Well guys do you know what day is today? Its Thursday!! Happy Thor's day to everybody!,positive,1
5154,632916568750596098,Great story about Sam Smith on CBS Sunday Morning...Sam talked about how his success came when he exposed his... http://t.co/h9SBj9AjR2,positive,1
5471,641538293277020160,"Let us pray for Christians who are victims of persecution, so that they may know how to respond to evil with good. Pope Francis",positive,1
370,636121689894592512,@Alice_Tilley I want to watch Paper Towns! Free tomorrow evening? X,positive,1
3255,623821882983337985,Feeling Frisky? Thursday is National Hot Dog Day. We have a dog to fit whatever mood you're in.    Put your... http://t.co/RQDj9CIpO1,positive,1
1121,623893821856854017,Tomorrow is National Hot Dog Day! Stop by the Leasing Office tomorrow between 11:00-1:00pm to enjoy some delicious hot dogs.,positive,1
2251,632046974641045504,Song #2 Friday by Ice Cube Just came on and automatically started rapping it haha white ppl aren't ready!,positive,1
3226,632068325397413888,My Friday has started well. The Chargers beat the Cowboys and the first song from the new Iron Maiden album is now online. Winning!,positive,1
456,635170265434062848,"@DamienMcFerran @stepickford although I deliberately choose my Moto G 3rd generation because it had one. Great link, BTW.",positive,1
819,632165151991578624,"Frank Gifford, Howard Cosell and ""Dandy Don"" Meredith made Monday Night Football what it is. Rest in peace, guys. You were a hoot.",positive,1
2829,635238978510290944,So excited to see Paper Towns on Tuesday... Is it any good tho?,positive,1
142,623375745843224576,@TitusONeilWWE Vs @BrockLesnar at Tuesday Night Main Event. tell Triple H u want a match against Brock Lesnar tonight,positive,1
2185,639774642098585600,"Happy Friday everyone. I'll be LIVE from @peabodyfootball from 5-7 tonight. Then, I'll head over to Liberty v Milan.",positive,1
5324,676682653240852480,"@kazwin1 Just listened to Black Friday, Kendrick just dumped a truckload of bars onto that beat, boy went HARD!",positive,1
2562,620328475325378560,What I like about Ryan Braun making all star game is hearing all the hatred for him.  Assures me he may be a Brewer for life.  I like that!,positive,1
5106,640282580441395200,Republican frontrunner Donald Trump said Thursday he's pleased he'll get to debate with Carly Fiorina at CNN's... http://t.co/T8gQVylxm0,positive,1
6071,680452253132562433,yesterday I bonded with a 9th grader over our mutual love for justin bieber and disdain for non-iphones,positive,1
3940,636082421834883072,"@neilwinton1 ISIS etc, yes. But don't forget that without Islam in Europe the renaissance and our own freedoms may never have happened..,",positive,1
6320,624031848390348800,Calibraska comes out tomorrow...I'm gonna cry and turn up at the same time.,positive,1
2116,634181949603491840,"@Rivulet027 Yeah, Ant-man fails on Jan and her daughter, but it's still a better movie than FF according to reviewers I trust.",positive,1
951,621886745819394048,Iron Maiden Trooper British Beer smashing through 10 million pint barrier just 2 yrs special limited edition Trooper 666 be available Oct,positive,1
3159,639534331036364800,"@iHoop__247 nah bruh,sasuke is my 6th favorite character,it seems i hate him when i compare him to naruto,cause i love naruto way more lmao",positive,1
5857,677053529123614721,"Star Wars Day!!! This time tomorrow I'll be waking up having seen it! Chewie, we're back!",positive,1
3201,631953534490148864,I swear Dustin Johnson is winning at the end of the 1st-3rd rounds of every golf major,positive,1
300,631935640603631616,@_andrewclarke: Dustin Johnson good 1st day again. Deja vu on him flopping next few days.,positive,1
2698,639020124092112896,"Cardiff for some beers tonight and London for beers tomorrow night before we fly out to Milan on Friday, let's get packing!",positive,1
1766,680992528775163904,Happy 3RD day of MCGI international thanks giving to God of Israel #MCGIThanksToGOD,positive,1
6620,681704870773157888,@seeinginfrared you may be right he was innocent.If Levinson stupid enough to spy on Iran about cigarette smuggling then the guy is a retard,negative,0
1783,641539005218205697,"After seeing the Foo Fighters on Saturday at Milton Keynes,  wished i had gone to Murrayfield aswell.  Can't wait for them to tour again.",positive,1
249,623108751860613120,Best of luck to Paul Dunne this afternoon. He has already been brilliant and made us proud. May he play a great... http://t.co/eC7bMTJOQs,positive,1
685,672170858564206592,@ObeyTheBoss1 oml... Kendrick Lamar is freaking amazing.. have you heard black Friday?,positive,1
1975,623622801887334400,Great round at Northern Pines! Two birdies on the card with an 85. Finished 2nd to Dustin Johnson #ChampionsTour,positive,1
2390,622207341971283968,"I got my ticket to see Paul McCartney on the 31st, and I still can't believe this is happening #Lolla",positive,1
913,640857401063673856,"Long weekend!! Yoga outside under the sun, Tai Chi set and Chai tea for quiet time with the Dao Te Ching. Namaste http://t.co/8b0AcGWIPA",positive,1
6937,625649955731054593,Hulk Hogan's Twitter feed just brightened up Monday morning,positive,1
4290,638922495043596288,"Koski :: CNN amends debate criteria, Carly Fiorina may get in: The organizers of the next Republican president... http://t.co/1YpJFXSi5M",positive,1
38,639782843770662912,"@TrainerGloria @michaeldickson In Tel Aviv in June - on a Shabbat afternoon, Muslims, Jews, Christians... all together, enjoying the sun",positive,1
5044,671039193393577984,"George Harrison (25 February 1943 - 29 November 2001). We miss you. We love you. Krishna bless you, my love. :( https://t.co/JI3UH8ha6B",positive,1
7078,627698197201350656,"the ""somebody talk"" in rising sun literally brought Kpop from the brink of death",positive,1
6699,629906509338537984,@lil_Fredo___ Naruto better bruh DBZ cool and all but I'm a Naruto guy at heart lol Boruto the movie come out in November narutos son,positive,1
3812,640641873808334849,Could not be happier about the fact that I'm seeing the Foo Fighters on Tuesday.,positive,1
4653,676613667065094144,Lady Gaga accepted Billboard's Woman of the Year award Friday and spoke out during her speech against sexism in the music industry.&amp;nbsp;,positive,1
5150,635087067744092160,Jason Aldean&amp;Kenny Chesney tickets for sale. Concert is the 29th. Good seats for a really good price. Text me asap for more info!!,positive,1
6188,624385853851324416,"It's been 5 years of one direction, Glozell is gonna be a mom, Calibraska comes out tomorrow... What a good day",positive,1
5121,665905982283735040,@nicolecurtis Happy Sunday to you Ms. Curtis! I hope you have an awesome day! Thank you for all of your hard work!,positive,1
5296,639209523635462144,"Little game to cure your Thursday boredom thanks to Iron Maiden If the boss catches you playing, we didn't show... http://t.co/9l3O7F9QDF",positive,1
3698,639335779416829952,Kane &amp; Nathaniel  Kanes 1st day at infant school. Nathaniel's final year in juniors school.  #emotional http://t.co/RYsLPj7Qp1,positive,1
7016,633482813401092096,Ice Cube may be the realest rapper alive,positive,1
3154,639238052028637184,Ed Sheeran live in DFW Sat night! Want in?? Keep track of the 5 songs for DFW's Most Wanted at 8p and I'll throw you a pair of tix! -Cruz,positive,1
4583,630531827032129536,"@NFL A sad, shocking day for football. May Frank Gifford be remembered always and forever, RIP",positive,1
1141,640975661612576768,"Let the Red Sox have their fun today like the O's did Friday,  Win the next two and go into NYY in first place.",positive,1
4771,635799407376637952,1st match of the night is Randy Orton vs Sheamus. Sensible choice considering that Sheamus is the Money in the bank winner.,positive,1
3589,626695057026887680,Awww sooo True the 1st comment WonderGirls are Special and Gem of Kpop!! #Reboot #IFeelYou http://t.co/mhySccDfVk,positive,1
3078,681054496697368576,"And each time the sun kisses the shore, I remember every promises you swore.  - Twilight thoughts",positive,1
2358,638779568552308740,"@gregnisall @ENews Anaconda video got 19 million views in 24 hours, so whatever you may think of Nicki personally, she has a point.",positive,1
2509,633797314117824512,My money is on John Cena.. And Brock Lesnar... Two of the best matches you'll get to see on Sunday!!!!!!!!!!!!,positive,1
5395,639718800485666816,Here is the amazing thing about Easter; the Resurrection Sunday for Christians i  - Read full quote @ http://t.co/8ejtNMM4XR #quote,positive,1
1927,640963890877190144,"Sam Smith may well be doing Spectre theme, I just hope he does it as well as @chriscornell  did You Know My Name. Now that was a bond theme!",positive,1
6470,641180481598455809,"..the ""cuddly muslim"" Eid stories that are about to flood the soaps won't mention any of this&gt;&gt;&gt;&gt; https://t.co/cZWa64EK3D",negative,0
834,637389058000461824,Listening to Paul McCartney; got a major need to see him in concert again! Might pull out the concert DVDs tomorrow,positive,1
5711,637506768449372160,STING returns to WWE MONDAY NIGHT RAW!!! IT'S SHOWTIME!!! Seth Rollins that's a challenge for the WWE WORLD... http://t.co/lyHuCLPDwA,positive,1
5985,633291415028695048,"Begin your Monday with the new Iron Maiden's single ""Speed Of Light"" --- https://t.co/IStRx2pfqZ -- Eddie is back!",positive,1
4122,633816012379549696,@KathieLGifford When I hear the words Monday Night Football I still think Frank Gifford. Thank you for sharing his testimony on the air!,positive,1
251,628569856246308864,"No matter what Drake tells you, Monday in #Toronto belonged to David Price. #Jays - https://t.co/No3MwGAceM http://t.co/laKhGrVPCO",positive,1
1304,638827203426283520,Blue Monday and Like a Rolling Stone are the best songs to repeat how does it feel a bunch of times,positive,1
3215,679113270217732096,Kendrick is gonna be #1 on every year end list.. So vote for the man @yomilo and get the 1st round upset https://t.co/ybphzieskE,positive,1
7075,640827191853490176,"The new Iron Maiden album for those that may be interested, need another listen but I like it so far :) \m/",positive,1
3474,628747901146017792,"If McGregor and Rousey are scheduled on December 5 in Dallas, I will be there even if it's just by myself.",positive,1
4453,638157584348917760,"Nicki is truly a loving and forgiving God, may we all show the same mercy she has shown to taylor to those who have wronged us. Amen.",positive,1
3010,630481083327328256,Sad to hear Frank Gifford died. 1of the best Monday Night crews and a kind man when I met him https://t.co/vtmz8kcDqq http://t.co/2nQKk5SjF5,positive,1
6612,638372820146237440,"Downloading Naruto: The Last, I'll rewatch it tomorrow before class ^////^",positive,1
1439,627586771312857088,"@SurlyNurseJoy New Iron Maiden album on the 4th of September~ Has their longest eversong on it, which is why that reminded me.",positive,1
3570,639890014764183552,Fans bought Niall a guitar to give to him at the OTRA Gillette show September 12! http://t.co/nXUqGvmQhQ,positive,1
4994,639454758986719232,"#Unbreakable tracklist revealed: Janet Jackson, Jimmy Jam &amp; Terry Lewis are back in a record store near you Oct 2nd! https://t.co/7trz5fU8Ah",positive,1
375,640482390675181568,i just watched sting fucking rek seth on monday night raw im so happy even that girl rekt him fuck seth rollins man,positive,1
1116,676201392378392576,This Wednesday is the last Twilight Race for the year at Ravenswood and will include a BBQ dinner for all riders... https://t.co/ZVtjjm3KEI,positive,1
3419,625703427381837824,Monday is my favorite day of the week because you can get any size iced coffee for $1 at Dunkin,positive,1
2957,677331400283041796,I just want to get drunk tomorrow night and hangout with somebody and also go see Kendrick Lamar live,positive,1
5378,637063624624730112,"@pani_sukya You rest well, Jun! I hope everything gets resolved on Wednesday. I will direct Jean your way if I see him because he is Gay",positive,1
2578,625832748901502976,"Trying to get tickets to the ""Ant-Man"" preview showings on Wednesday. The theaters are fucking packed, bro. I'm kind of happy...Paul Rudd!",positive,1
5517,628308759106990082,Sunday oliseh! i was skeptical first when he was announced as the new Super Eagles coach. as at now? he has my full support!,positive,1
6011,635604226887053312,Is it tomorrow night yet? I'm ready for David Wright.,positive,1
3640,635915975280488448,Cubs win! Walk off home run in the 10th by the blue eyed killa Kris Bryant!,positive,1
2444,641008988952223744,Free SUP Yoga demos this Saturday courtesy of instructor @lindsay.lambert.18! Come try it while you're at... http://t.co/aqDPtVQOqb,positive,1
6300,633396070727356416,Episode 39: Ant-Man the Comics is out now to hold you over until Episode 40 arrives on Wednesday! http://t.co/U1kWkznYip,positive,1
1561,637949848684113920,"i may not be JOHN LEGEND to give you ""ALL OF ME"" but i can be ED SHEERAN to ""LOVE YOU TILL WERE 70""  Good Evening. :)",positive,1
3901,636707758948020224,Toronto Blue Jays vs the Texas Rangers. David Price starting pitcher for the Jays on his 30th birthday. #GoJaysGo http://t.co/Bpo5y1jCxA,positive,1
4959,675990226205044736,Still I write my songs about the dream of mine.. Worth everything I may ever be #MTVStars Lady Gaga,positive,1
4747,639531428254978048,Tomorrow is my day off. Tomorrow I am going to Dunkin' Doughnuts.,positive,1
3013,623868484557144064,Happy 2nd Birthday to Prince George from Infant Massage. I can't believe he is two already!! Do any babies out... http://t.co/GbQ4mIusfL,positive,1
5268,681376724077027328,Kim Kardashian has been looking back fondly on 2015. On Sunday the siren named her top magazine covers of the year https://t.co/j1dZ1ov3ss,positive,1
4630,631496587357880320,"The Oklahoman Editorial, Carly Fiorina may have gained the most from first debates, http://t.co/hkyPYYZsfO, 8-9-15 http://t.co/ijK2j76RiK",positive,1
1685,677318014346371073,".Kendrick Lamar, 9th Wonder, Joe Budden, Curren$y, Wale, Young Guru, Tech N9ne...all people I've had the pleasure of working with.",positive,1
1790,626991775924781056,Today I purchase my new smart phone MOTO G 3rd Generation... it is very nice looking and water proof .. http://t.co/OR3NaWXljc,positive,1
6126,624780631294263296,Ryan Braun breaking with an oppo shot to right to break up the scoreless tie in the 6th. He's been impressive as of late.,positive,1
255,638974796475318272,A bit of Iron Maiden on the way to work is guaranteed to make an early start easier! Very excited for #BookOfSouls on Friday! :),positive,1
1813,623584869663137792,"Eid shopping brings windfall for Oman traders: Road travelers on Thursday, the beginning of the break, had to ...  http://t.co/C98FqftxLY",positive,1
5675,635949293531176960,@cthagod Nia Long didn't have a problem with it when Ice Cube said it in Friday. That's what really matters,positive,1
1098,627366461871251456,"Okay so I'm going to be able to cross off 3 Legend bands/artist from my Bucket List.. AC/DC, Paul McCartney and tomorrow Metallica! #Legends",positive,1
3587,632193839843930112,"My man Uzumaki Khan takes Thursday's off work just to watch Naruto, love that guy man",positive,1
2033,675366700930351104,"Kim Kardashian and Kanye west welcomed their son Saturday morning, and the proud parents couldn't be any more thrilled that baby West has",positive,1
6240,636179917802184704,"I may have two more classes today, but all I can think about is seeing the Foo Fighters in 9 hours",positive,1
2880,624063820521185280,so excited to go back to work tomorrow on national hot dog day,positive,1
5025,681687716203999233,I love you Justin Bieber...BELIEBER forever!!! &lt;3 &lt;3 &lt;3 :3 Like this comment if you're BELIEBER!... https://t.co/C1tJCrtlic,positive,1
3715,640061982956089345,"@akashkhosla Faith based discrimination, wherever it may be practised,is beyond doubt, condemnable! This is not limited to Muslims alone.",negative,0
4258,627930699966775296,"@ssrizvy  World is not only for Muslims,it is for everyone whatever religion and culture they may follow.So live and let live. Wisdom&amp;Truth!",positive,1
3402,630789809552928768,Carly Fiorina may not ever have served in elected office but she's prolly a better politician than most of the GOP field. #ForWhatThatsWorth,positive,1
139,641520603787304960,"Well, my posse and I arrived safe and sound on Monday, close to noon, in Milan. The flight was great. Here's the... http://t.co/FE5xFgkdfn",positive,1
44,628883763536134145,May Allah save and protect the Muslims in CAR http://t.co/iruDC2CFfX,positive,1
5533,623495198119694336,3rd day of Eid... A day spend well Old Friends reunion after a long time. First badge of read Foundation reunion... http://t.co/mZzLc62ukx,positive,1
4873,633290260424691714,"ICYMI, here is the review of @MotorolaIndia Moto G (3rd Gen), a worthy upgrade! http://t.co/k2xhWyWwpt",positive,1
4588,634346065060212737,@DataBlitzPH Hi! Have you already stocked up for naruto ultimate ninja storm revolution for ps3? Planning to buy on Saturday.,positive,1
5884,633534575470227456,i know you beat seth rollins on this sunday...............beacause the real champ is here https://t.co/hYu9x3YWnk,positive,1
4990,624027241970712576,My mom is really lecturing me about how Sharknado is such a good movie &amp; that everyone watches it which is why they came out with a 3rd one.,positive,1
4707,635849709589037056,Plus the new naruto game comes out in February and I'm so unbelievably excited for that,positive,1
3976,640500090105425920,@NiallOfficial Good morning Niall! It's my sister's 17th birthday! A happy birthday from you would make her day !,positive,1
5709,639586195702329344,"Ashlyn's mom just surprised us with Ed Sheeran tickets for Saturday, and I am currently crying.",positive,1
1087,640553821853323264,"Spread the beauty &amp; love of Islam by being a living example of Islam's beauty and its forbearing ways. May Allah give us all success. Ameen""",positive,1
4424,640147712663404546,I may not be your John Legend to give you All of Me but I will be your Ed Sheeran to love you 'till we're seventy.,positive,1
393,625536835486232576,Enjoying Sharknado for the 3rd time in a row #Sharknado3,positive,1
5302,635793962960187392,I always thought Prince was the 18th best songwriter of all time but it's nice of Rolling Stone to confirm that.,positive,1
7129,679818746098270208,TY @ARnews1936 for this good news! May Iran release our American prisoners very soon as well. #MerryChristmas to you https://t.co/OoGoShTPfC,positive,1
488,638489826526949376,@OffsideLiam I'm fucking loving this I hope this drags on all day tomorrow but he will join Real Madrid,positive,1
2138,625542315059228672,"Was crying, but then I remembered that I'm going to see Paper Towns tomorrow night with Seren woohoo!!!",positive,1
5880,630955736055484416,I'm going to Dunkin tomorrow and ordering 10 iced mocha coffees for myself to stay awake and complete all this work @shawnnaexx,positive,1
2720,635614332844306433,i remember getting super excited to watch naruto on cartoon network when i was like in the 4th grade,positive,1
2959,624442807332306944,"Happy Eid Mubarak dear all friends. May the blessings of Allah be with you today, tomorrow and always. Happy Eid... http://t.co/4U19hxwJUe",positive,1
2359,640566734529949700,@watkinsscott U2 brother! All of the men who preach every Sunday deserve a great day of rest afterwards!,positive,1
2079,678287265748131842,I may possibly be in love with Cate Blanchett now.,positive,1
2258,640802829117079552,"Congrats to debutant Carl Ikeme, who saved the Super Eagles' blushes with a brilliant display vs Tanzania on Saturday. #MadeOfBlack",positive,1
4077,640399350850564096,Sunday Funday Yoga poses for you all to try #getmoving #juiceplus https://t.co/GAxJEvIIXM,positive,1
3806,631109986911920128,So glad tomorrow's my last day at Dunkin,positive,1
4461,640621149097865216,Islam in Bangladesh is like the multiple colors of a mirror under the sun  There is love in these images. A... http://t.co/Kk7IYORtY9,positive,1
1066,630465415370534912,Rest in peace Frank Gifford. I can't think  of my youth without you on Monday nite football,positive,1
5330,627892942284423168,nothing in the world is better than laying in the sun listening to nirvana,positive,1
1504,637497401964539904,Aaah I just noticed that shawn will only be two hours away from me tomorrow,positive,1
6479,625041850953396225,"National hot dog day, national tequila day, then national dance day... Sounds like a Friday night.",positive,1
3161,641127198775185408,@gioson_bonbon @aurorarivera_ she'll be the real MVP if she got me Dunkin tomorrow in the AM :-),positive,1
2315,636698518103568384,I want to have a Friday night like Katy Perry's song Last Friday Night,positive,1
1665,676799726042406913,@yearsandyearsUS last hour of the Chris Evans show BBC R2 from 8am Tuesday if you haven't got it indexed.Not so sure about international lnk,positive,1
4715,620463438083551232,Congrats Ylianna Guerra for getting 1st runner up in the Miss USA Pageant!! http://t.co/RuYKAJg7iP,positive,1
2161,636869686257278977,David Price got a win in the Blue Jays' big win over the Rangers on Wednesday and in five starts for #Toronto he's 4-0 with a 1.98 ERA.,positive,1
6722,637614000461729792,"Haven't had breakfast yet, but we have already spotted Chuck Norris at the 16th Ave Church #restoringunity #NeverAgainIsNow",positive,1
2242,621542336493957120,Olivia Jordan is the 2nd American woman to hold the title of both Miss World America and Miss USA http://t.co/BguBzbBA83,positive,1
1855,639889424365559809,In the car on our way to Milton Keynes to see the Foo Fighters tomorrow. #foofighters #miltonkeynes https://t.co/2uN0rg4nSl,positive,1
6395,638481044295909376,A few days ago @Quuuise said Ice cube may be the bet rapper lyrically I'm starting to agree,positive,1
3542,663055512838123520,"Odin, far-wanderer, grant me wisdom, courage, and victory. Friend Thor, grant me strength, and may both be with me.",positive,1
1993,635922077476913152,"For the first time since April 14th, tonight for the New York Mets- batting cleanup, playing third base, the captain, number 5: David Wright",positive,1
4368,631625274153525248,We go to the 3rd tied at one thanks to Kris Bryant's solo homer,positive,1
3650,624170766230253568,Tasty Tuesday: 15 Hot Dogs Around the World for National Hot Dog Day http://t.co/sARA5aSi2y,positive,1
6880,626457697643331585,"Ohhhhh, do I see MI:5 or Ant-Man on Friday at the cinema... Hmmmm.",positive,1
6650,641419527511764993,The WAM (Write Around the Murray) Book Festival starts today at the Albury Library/Museum and goes until sunday... Go check it out!!!,positive,1
6666,640004843063668736,I hope john cena is ok it seems like he may of been dropped preety hard by Kevin Owens during a house show tonight hopefully it's not,positive,1
5366,664922300714770432,"Terry Wogan has pulled out of presenting Children In Need Tomorrow, Chris Evans is on the blower already",positive,1
2147,629092980280922112,If Kris Bryant becomes Chris Davis are #Cubs fans mad? I would take that. Davis this season 6th in homers leads the AL in RBI.,positive,1
4333,678344002110939138,"4:52 4th | Final media timeout of the game and St. Bonaventure leads Colgate, 51-30. Curtis has tied career high with 12 points.",positive,1
4010,638453167466745856,All I can think about is Jason Aldean Thursday night,positive,1
2836,639152056805289985,The new Iron Maiden album is awesome.  Buy it now. Not out til Friday but heard it today and it's Maiden of old. Buy i,positive,1
4613,679292553301217281,see you in milan! https://t.co/oENuA79bQr,positive,1
1830,627167554750918657,The best CGI in Ant-Man isn't the ant scenes. It's that 1st scene with Michael Douglas' face. #smhowzow,positive,1
5951,665661177071030273,GEORGE HARRISON - Here Comes the Sun [live acoustic] https://t.co/MQxl3IGJmz #nowplaying #listenlive,positive,1
2938,638166114174799872,Nicki getting hood just then gave me so much motivation to go to school tomorrow and get good grades and go to college I'm so alive,positive,1
6473,627660366424723456,"I'm going to knock 4 bands off my concert bucket list this Thursday, but Metallica, Iron Maiden and A7X are still at the top",positive,1
6692,637093736892100608,"@RMD_Designs U2, Rose. We'll talk tomorrow &amp; will whip #AutoCAD Plotting into shape. It's a joy: To know a CAD program well is to love it.;)",positive,1
4144,626971647212421121,"@cinemasins @andysignore both of you, get started with your Honest trailer and EWW for Ant-man. You have until next Tuesday to do it! :D",positive,1
1128,637775424483934208,"Recording a new Fanboy Versus tomorrow with @BeatlesDiva @chrismcfeely @manofthetown and @BKilby Talking Fantastic Four, Ant-Man and more!",positive,1
3961,628322648657891329,We had David Price 1st in our #FanDuel projections today. His 22 pts today ties him for 10th on the list of highest SP scores this season,positive,1
848,629838018753527813,Oh hey David Price pitches for the Jays tomorrow.   Good luck shitwanks.,positive,1
810,638285331356364800,"yeah i love Nicki and yeah Miley may have said something but Miley has a point, journalists always manipulate what is said, Nicki just",positive,1
3172,672946951751643136,I bought Twilight again bc I lost my old copy and I'm uncool and lame and enjoy it just as much as when I read it in 7th grade,positive,1
2083,681820700592701440,"@viagogo hiya, do you know when my tickets for Justin Bieber on the 20th of October will get sent?",positive,1
7065,623104344288706560,"@RabiaAnumm Eid 3rd day, you are looking simple and sweet http://t.co/EHDh8rh7Ff",positive,1
4262,622119071186874368,Sunday is National Ice Cream Day! Get your favorite scoop this weekend &amp; enjoy the nice weather! #FunFactFriday #SundaySundae #HappyFriday,positive,1
1579,641574938025988096,Super Eagles coach Sunday Oliseh recorded his first victory with the Eagles as Nigeria beat Niger 2-0 in a... http://t.co/lRSErM7TVq,positive,1
3129,639023985959694336,"@Tom_05__: They'll confirm De Gea tomorrow.. There Real Madrid, they'll get what they want. Hmmm..",positive,1
5272,640628422134337536,I just think when Shawn dances to his own music it's hilarious  https://t.co/i1JOCftE4Z,positive,1
2769,630086698182045696,Thought about seeing the new Fantastic Four movie today. Passed and saw Ant-Man for a 2nd time instead. LOL #AntMan #FantasticFour,positive,1
4145,622103728728879104,Happy (almost) National Ice Cream Day! We're running a #FlavorFaceoff -may the best flavor win http://t.co/TSnRGB4ScW http://t.co/nNTKiGDQuV,positive,1
3614,625028309785522176,@JackJackJohnson @jackgilinsky I'm so excited for the August 8th Chicago show and to hear calibraska live oh my goodness,positive,1
5822,676203930615812096,"Kendrick Lamar,  Black Friday is gold. you're a god.  Thank you.",positive,1
4844,627200747738918912,Going to see Paper Towns tomorrow... Just remembered I wanted to re-read it before seeing the film...going to crack it out now @johngreen,positive,1
4902,626467044494569472,"Officially going to the Kenny Chesney, Jason Aldean, Brantley Gilbert, and Cole Swindal concert on Saturday!! Excited beyond words!!",positive,1
432,641669301112586240,"Almost Friday, which means it's almost Jason Aldean time! @bnoonan23 #3years",positive,1
5888,639002566840287232,"I'm going to tell Colwell we should do a JT, Bruno Mars or Janet Jackson song for hip hop next Monday for real",positive,1
2054,639968213388791808,"The Donald on whose on 1st; the Kurds, no the Quds, no, Tom Brady ""yes"", ""...I can talk abt him all day, great guy, fabulous"" #thtsDonald",positive,1
231,667266987639181312,Star Wars Day. May the 4th inch be Within You.  https://t.co/xW1kHgVJah https://t.co/cE9mJef1m9,positive,1
3755,634487300026671109,1st thing I did after baggage claim was get up to date with @RonnaAndBeverly. Bad Blood Ronna &amp; Bev style makes being home a bit more okay,positive,1
5349,630682965148696576,Sincere condolences to our friend @KathieLGifford &amp; family on the passing of Frank Gifford. May he rest in peace. http://t.co/Ah2jyThQRd,positive,1
4499,624440679264059392,I want Dunkin tomorrow,positive,1
4385,623905065179443200,We hope everyone had a wonderful Eid! The league resumes Saturday July 25th at the regular times &amp; locations. Academy resumes July 28th.,positive,1
673,624451702113050624,Calibraska released for the 1st time 4hrs ago now it's out everywhere and #1 on the iTunes charts so proud of @JackJackJohnson @jackgilinsky,positive,1
3049,630757094426341376,"According to a new poll, Carly Fiorina is the Republican presidential candidate of choice after Thursday night's debates! YEAH, CARLY! #tcot",positive,1
2356,638439927378743297,$1 monday's at dunkin is the best way to start off the week :-),positive,1
6924,635897153311870976,"I feel like Ice Cube: Today was a good day.  Not just for a Monday, but all the way around. I like today very much.",positive,1
3691,667384641947611141,Just learned in MUHI 100 that Thursday is based on mythology.Thursday is named after Thor. I will never think of this day the same. THORSDAY,positive,1
3949,638009873654001664,"Shawn is like Sun in the morning, it's bright, hot and always makes you smile.",positive,1
5508,619987808317407232,A portion of book sales from our Harper Lee/Go Set a Watchman release party on Mon. 7/13 will support @CAP_Tulsa and the great work they do.,positive,1
5931,640325195002200064,May or may not be getting ready to watch the very first season EVER of Big Brother. @JulieChen I'm so ready to see what Julie looks like!,positive,1
2616,679987382339252224,"@pop_ruth didn't briana and Louis were ""together"" around march? Well, at least that's what I read on the magazines.",positive,1
6515,632115269008162817,@WyattVW Happy Iron Maiden Friday to you too,positive,1
1939,667964119157460992,Friday night relaxin:  Watch the new David Bowie video Blackstar.  #davidbowie #spacemusic #blackstar https://t.co/LAk3avzAKZ,positive,1
3020,640608604840587264,i've never watched naruto but i love the 16th opening it's my favorite,positive,1
2042,680885673860009985,@happyfishmoon Thanks Milan a city beautiful happy Sunday  for you,positive,1
376,640879250439045120,Me today = this. Glad I took a day's leave after not getting back from Foo Fighters gig until half 3 this morning. https://t.co/Ud8dyxN8fC,positive,1
6881,626503542665269248,ENDS TOMORROW! Want to win $100 Visa + 5 copies of Paper Towns ? I just entered to win and you can too. http://t.co/nEXozW8QSf,positive,1
492,667691624055615488,FUN MEDIA FACT: On this day in 1976 George Harrison appeared on Saturday Night Live,positive,1
540,668891390848331777,@SimranPArora Saturday Night Live with Bee Gees or Take That?,positive,1
1413,636344075981975552,My dad just bought him and I v.i.p tickets to see Paul McCartney in October and I am so fucking stoked,positive,1
4147,635025222698188800,1st mobile test / supply complete! Mrs H was v happy with her Gucci's at less than the high st price. Book in #Lancashire @BuckshawVillage.,positive,1
2098,625790945745879040,I just got Calibraska and I know I may be a little late but it's amazing,positive,1
3526,640028628533645312,Ed sheeran's coming to Dallas tomorrow and I'm missing it AGAIN and I'm sad so let's not talk about it k,positive,1
6850,636702496895946752,Officially going to see Paul McCartney in October !!,positive,1
5094,623716544548241408,SHARKNADO 3 tomorrow!??? Best day of my life,positive,1
2228,640775745149792256,I really care to think about what I need to do going forward...I'm excited to be able to go out there and do it. Tom Brady on Sunday.,positive,1
4578,630808382740402176,Brock Lesnar and the Undertaker are both confirmed to be at RAW next Monday I am screaming,positive,1
3491,677159966705225729,"If Milan beat Samp tomorrow, we will face one of Fio or Carpi. IF we can win that we will face the one of Spezia or Alessandria in Semis.",positive,1
3029,628691206743191553,Gov. Chris Christie &amp; fmr Gov John Kasich get the final two spots in the Fox News debate Thursday. Gov. Rick Perry among those left out #GOP,positive,1
8,636699754857144320,Won two tickets to the White Sox game at a raffle . . . 2nd place was four tickets. https://t.co/BgCHz1bJia,positive,1
2495,636809662591995904,"@IllusionaryCake From what I understand the PC beta is the best, PS4 was good, ad Xbox is atrocious. Just got to level 2. After my 7th game.",positive,1
5730,680319553834856448,"congrats on your face #LumaGrothe! #offduty in Milan. | See more about Milan, September and Models.  -  https://t.co/Hk7oRZvEQm",positive,1
5526,641462434084048896,WHEN I THINK OF YOU by JANET JACKSON was no.10 in the UK charts on 8 September 1986 https://t.co/tzosEVkqeg,positive,1
4893,636661222771924992,"@NiallSF I do believe next Tuesday may be my first night in the seat! I'm looking forward to getting stuck in! Thanks Niall,much appreciated",positive,1
340,631144307861405696,"Carly Fiorina, considered the breakout star of the early debate Thursday, spent most of her business career with AT&amp;T. @BillOReilly.com",positive,1
702,636576788391399424,Pitchers to start &amp; get win on 30th birthday (1914-present): http://t.co/HhwA3QiFIK David Price looks to add to this list tonight.,positive,1
4291,622891732087083008,So is today National Ice Cream Day or next Sunday? I want some!      #NationalIceCreamDay,positive,1
852,681738808346329088,"Roses are red, violets are blue, happy Star Wars Day, May the Fourth be with you.",positive,1
4870,640357773050404864,Red Sox score eight in the 4th Where has this been all season?! These guys are having fun out there!  http://t.co/NjI0C19SZs,positive,1
2998,638545316749291520,David Price is the fastest #bluejays' pitcher to reach 50Ks with the team. He accomplished the feat tonight in his 6th #jays' start.,positive,1
5760,634166978899406848,"It's Wednesday night, which means an hour of Big Brother and live commentary with @rwesturn. It's how we roll.",positive,1
2126,636358562223136768,@MolsonCanAmp is it true we can go to the CNE for free with a concert tix? Going to Zac Brown Band Sept 4.,positive,1
3545,637437397068853248,Kyle Seager hits solo HR in the 6th! M's take 1-0 lead over the White Sox.,positive,1
84,672542335834583040,Watching Amy Schumer: Live at the Apollo makes me so excited for Sunday when @KentStateUSG brings @amyschumer,positive,1
4319,625511261212545024,"I may listen to the beatles too much, but oh well. Paul McCartney is love, Paul McCartney is life.",positive,1
7146,628754944439533568,Ryan Braun stays hot! He doubles off the wall in right-center with one out in the 7th. #Brewers,positive,1
5628,623814078717427712,"Prince George turns 2: His best style moments - He may be just two, but just like mom Kate Middleton, royal toddle... http://t.co/sVlYRReBNJ",positive,1
5750,660322324995055616,"I'm loving all these quotes from the cry baby Royals about Thor's 1st pitch to Escobar. If I'm Matz, I'm doing the same thing Saturday.",positive,1
3207,633476870760177664,I think it's fair to say that Brock Lesnar is winning this Sunday #raw @WrestlingInc,positive,1
2459,635625132992647168,Seth Rollins becomes the 3rd man in history (Goldberg &amp; Booker T) to hold both World Championship &amp; United States Championship #SummerSlam,positive,1
4525,641536904379408384,@woodhousecurtis see Ricky Hatton has said in an interview that Floyd Mayweather is the 3rd best of all time,positive,1
4924,641389694207569920,"@_lwill I take that back, I get paid tomorrow so what's Gucci have a nice new day",positive,1
4514,641031107442548736,"15-30 on Murray's serve, but the Scot more up than down finally and grabs the hold of serve with a couple of aces.  Andy up 4-3* 3rd set.",positive,1
1006,631951553616846848,Dustin Johnson again proves he may be best golfer on the planet on Thursday Friday and Saturday... just not good when matters most. #Sunday.,positive,1
5987,624256502895890432,"So tomorrow when Calibraska comes out, everyone go get it and make it go to number 1! #CalibraskaEP",positive,1
3939,639340896807317504,"Goodbye CBS All Access... I have you until the 30th, more than enough time for Big Brother to complete. Thanks for the live feeds.",positive,1
72,638155951539941376,Nicki did that for white media Idgaf . Nicki may act like she don't give af but she cares what the media thinks,positive,1
1836,637714326103523328,@yosp And I'm serious when I say this: this may just be the best exclusive on PS4! Well done Mr. Yoshida! Well done!,positive,1
262,633017651355234304,Can't wait for #RAW tomorrow! Brock Lesnar and Undertaker in the same arena?!? #WWE http://t.co/ZZnmYIZUkp,positive,1
4917,640477600326877184,"Today, as Islam and Christianity clash, honest study of the White Mughals of India gives reason for hope http://t.co/olpZ2G6t7a",positive,1
1945,631903661959041024,"There are perks of being an Oakland Raider. One of them: Ice Cube takes care of you. On Wednesday night, the... http://t.co/q4you0e55o",positive,1
3333,631630479326900228,Double Eviction Night tomorrow! A week of Big Brother in just one night! Gotta see it tomorrow!  #BB17,positive,1
5521,632979118737498113,We all know a fangirl who's going to see Paper Towns tomorrow! https://t.co/MoZtRdYyQ6,positive,1
7080,638643804279472128,"Why do I not remember seeing @thexfiles ""Bad Blood"" when it 1st aired? Hilarious episode!",positive,1
4454,674116222502309888,"@HeatherSchultz Did you ever read the little bit of Midnight Sun that got leaked online. Twilight from Edward's perspective, SO good!",positive,1
2162,623815549190053888,Wishing Prince George a very Happy 2nd Birthday from the Old Star! Cheers! #HappyBirthdayPrinceGeorge http://t.co/BytV0SCQYi,positive,1
5768,625047181905367040,Tomorrow is the first day of the week after Eid holidays wich means a huge # of ppl with a little # of ppl to serve them . Oh well.#vacation,positive,1
4931,638870040956260356,Instead of going to sleep i just started my PS4.. Time for some GTA 5! I have a idea on the video ill upload tomorrow :) #GTAOnline #GTAV,positive,1
3927,641480487341568000,good stream tonight will be back with more Mad Max tomorrow.....I want a PS4 so I can play Until Dawn fackkkk  see you tomorrow!,positive,1
7024,631993407624253440,"No Matter How Painful it May Be, Doing Your Best Will Open a Path (Naruto)",positive,1
863,679567798431948800,Kendrick and J Cole out here saving rap with their Black Friday freestyles....they killing it man..,positive,1
4032,635855258049249283,John Kasich is running 2nd in our question Who do you support for the 2016 Republican presidential nomination? http://t.co/jgPuAqgFGY,positive,1
3536,639376836825223170,My Ye'eh is coming down from Prince George tomorrow!! (Grandfather)  I hope. Let's see if he sticks to his words this time.,positive,1
2205,674863677712031744,The Twilight Sad @ The Barras with some of the best folk on Saturday is gonna be something special,positive,1
6043,632194511456878592,Someone PLEASE go see Zac Brown Band with me tomorrow night,positive,1
3192,634433640185749504,Prince George's County was not absent on the list of The  Baltimore Sun's 50 Most Beautiful Places in Maryland!!... http://t.co/WKrNIX2Z27,positive,1
5952,636639645435080704,i'm listening to nirvana and drinking wine from a mug how's your wednesday night going,positive,1
1104,640760390746419201,"Okay, I'm going to bed. Rt for a solo DM with Shawn!! Mbf! I'll be giving them out tomorrow :)) goodnight",positive,1
6511,630066100554698752,"Naruto volume 70 from @VIZMedia  ranks at #7, marking its 8th week on the New York Times Manga Bestsellers",positive,1
933,676317823199797248,Don't miss the The Vamps at Sheffield Arena on Apr 14-15! https://t.co/2EGttiH5i7 https://t.co/8VXKGOwJWs,positive,1
5381,638481421846319105,"Fort Wayne had 3rd Interfaith Prayers 4 the City. Hindu dancing, Miami Nation drums and chanting, Muslims, Jews, Christians all 2gether as 1",positive,1
172,638184342766784512,"This sums up everything about Kanye West. I may not like him as a person, but I love him as an artist. #VMAs",positive,1
3259,633800825916289028,You may be cool but you'll never be 'I share my birthday with Paul McCartney' cool like me,positive,1
5544,634154254006095872,"@miketothemee you got it, brother! Tune in Sunday to @SummerSlam where I think the Undertaker gets revenge on the beast Brock Lesnar!",positive,1
301,641004348860858368,Back in the loo today! We are Christians that are students. Not students that are Christian. May this be a blessed year of ministry. Go Lord,positive,1
2865,624720972600336384,Seriously CANNOT wait to see josh Hamilton play Monday. Favorite player in the game.,positive,1
5247,632939344433651713,Working Sunday's in wall with no Dunkin is not going to be fun,positive,1
5227,666787830664859648,Think the #AYTO gang is gonna pull it off tomorrow? I'm with Briana. Best timehop ever. https://t.co/xZwtUthVBD,positive,1
2159,636385053958930432,Niall on april 24th 2015 the best day he looked so good,positive,1
4853,674049021749530625,some Monday night inspiration for the weird side in you - David Bowie - Blackstar https://t.co/xNfa42vRzn via @YouTube,positive,1
1089,675663898721193985,"As she receives her 9th #GoldenGlobes nomination, read what Cate Blanchett told us about still getting starstruck: https://t.co/h3fOhxLc9y",positive,1
958,621062362859184129,National Ice Cream day is Sunday July 19th! We are ready to celebrate it on Thursday!!   We will be treating the... http://t.co/sIHzeE8ZBp,positive,1
232,623360774300262400,"One of the Best Promo I've seen in years. Brock Lesnar confronts The Undertaker: Raw, July 20, 2015 https://t.co/2TDJw8e07U via @YouTube@WWE",positive,1
514,675942303454928896,Cmon we are in the 2nd spot! Let's regain the #1 ! Less than 2 days till voting closes #MTVStars Lady Gaga,positive,1
6524,638857894239301632,Can we talk about the fact that I literally fell for Niall on Saturday.,positive,1
506,676599037827538944,"For News Tomorrow ""Mother monster is the winner"", Congratulations Little Monsters #MTVSTARS Lady Gaga",positive,1
1700,635652472170786816,This may be the fashionista in me (#ShaneIsMrX) but #ComradeOfTheDay is also bestowed upon New Day's &amp; Seth Rollins' ring gear.,positive,1
766,635264798259679232,Brock Lesnar going to kick Undertakers ass tomorrow #SuplexCity #NXTTakeOver,positive,1
615,681539046494048258,In 7th grade I was introduced to the book Twilight and that's the only book that kept me out of my world.,positive,1
6037,635947339342061568,I just got tix to Sam Smith on Oct 5. Let the countdown begin! @LiveNation http://t.co/m2Omhs5D3Y,positive,1
5839,677611300613148674,Milan is the 5th team with the best form in serie A With only one loss in the last 5 games. according to #WhoScored,positive,1
3441,640614422113853440,I just sat down in my apartment to watch the Red Sox on my very own TV for the first time...and I got there in time for God Bless America.,positive,1
5765,638314928395280384,People may laugh at Kanye west. But let's not forget Kanye is one of the smartest artist/producer.,positive,1
4800,638761005049344001,"throwback 4 @NathanKress's poster of Bad Blood, in honor of Taylor's award on VMAs last Sunday. The Law got the power http://t.co/km2fXXC5DP",positive,1
6618,624583247645667328,Happy Friday! Just because National Hot Dog day is over doesn't mean you cant still have hot dog recipe fun with... http://t.co/R0Q7ebLgJk,positive,1
6262,641038151776124928,"We're going to a 4th set!! Murray just dominated that tiebreak, wins it 7-2. He's pumped up now!! #USOpen2015 #Murray",positive,1
3355,637201751255457792,So so happy Royal Blood have been added to the Foo Fighters gigs on 5th and 6th at Milton Keynes! YAY,positive,1
6293,678598260148211712,"Centre on Religion and Geopolitics, a think tank linked to Tony Blair, says most Syrian rebels sympathize with ISIS. https://t.co/nRAX5Eu9ua",positive,1
3757,632466111682863104,All I know is I'm going to see Sam Smith tomorrow.. Like I honestly do not care about anything else in this world..,positive,1
5677,641049749081223169,"There's a little less than a month left of baseball, I see no reason why the Red Sox can't get the 2nd wildcard",positive,1
4438,639124189576843264,@TonyBasilio Iron Maiden reference... Now you're talking! New album #BookOfSouls drops Friday #uptheirons  Woooooo! \m/ \m/,positive,1
4921,669817920382509056,THURSDAY'S LIGHTNING DEAL! Praise the sun and grab 70% off our DARK SOULS range today at https://t.co/FP0MbqER4i https://t.co/MRVwHtKMgc,positive,1
2989,641664248867889152,@ caroemerald Def 'Back It Up' please! Amazing @BIC Bmth last year! This year will see you @tdellaluna in Milan on 07 Nov. Cant wait!! :-) X,positive,1
2027,632799994018402304,But on the real there may never be a bigger rapper/activist/filmmaker/businessman better than Ice Cube...,positive,1
2966,662684343450673152,"Have a little Chris Evans, everyone. It's Friday. You deserve it. https://t.co/XIITOSWAD8",positive,1
2520,639153775731732480,#KurtCobain #Nirvana And they keep asking me why do I love him this much Kurt you're the best! Love Nirvana fav band https://t.co/dGiT9wFIn3,positive,1
3704,639771022829424640,I'm pleased to confirm @1AlbertPastie as a special guest on the bill at the Foo Fighters gig in MK tomorrow.,positive,1
2681,632324607308132352,Tons of preseason football and an important jays game with David price on the mound. Ideal friday,positive,1
6118,675789462308302848,1st opportunity to earn a rap @ChelseaBoysHoop on the road tonight @ Milan. Let's get it done! #TheRealJZ,positive,1
1171,637695093953175552,"I'll finally be purchasing a PS4 in October! I'll be one of the cool kids ^.^ oh and my kill to death is pretty insane, watch out on COD ;)",positive,1
2259,626852477288067072,Prince George's latest outing at the beach may be his cutest one yet! http://t.co/hchWNblwQp http://t.co/5kDsfRHUxu,positive,1
95,675327610386317312,"The way J-Cole and Kendrick are teasing the world for the their collab album, with Black Friday is just faaaaya!!!",positive,1
5621,678437570506792960,"@CaptainLauren48 For your 21st, I got you a date with Chris Evans.  Sound good?  lol  :P",positive,1
6143,640747859411779584,I hope Nicki attends the Givenchy show Friday.,positive,1
4356,641081587069796352,i hope we celebrate niall's birthday on saturday at otra And sing him happy bday even tho it A day before!,positive,1
483,669120252349980673,"It's may sound an odd choice, but if I could bring back one musician for one concert, it would be George Harrison.",positive,1
5928,641597244857262080,"Foo fighters last night. .. tonight I get to start a new book.  Rock and Roll , it's how I Roll  and @valmcdermid gig on Friday!",positive,1
571,637335293855670272,https://t.co/U6uApTYH6R Nirvana by the waterfront...cool ass breeze...sun. All is peace.,positive,1
5018,620577402293481472,"Best HR derby,Josh Hamilton 28 monster blasts DEEP into the Bronx night,a record 1st round.Then like his career, faded,just three in finals.",positive,1
1189,622221861150003200,"@BrooksCraven I would cry so much.. I'm waiting to dunk in Sept with friends. Our theme is ""dunkin ugly. because who dunks pretty? not 16""",positive,1
947,631632202078404608,Carly Fiorina now in 2nd place in a GOP poll in Michigan ... she'll be ahead of Trump in a few weeks. http://t.co/lV2qeGFJ3G,positive,1
3316,680964202849239042,5 RT's if you want the next episode of twilight princess tomorrow,positive,1
1654,623759449069645824,"Happy Birthday George, you cutie. Royals celebrate Prince George's 2nd birthday http://t.co/4Ag2xMskpu via @YahooNews",positive,1
5605,675121798799847424,@JamieMoranUK Dark Souls 1 is my fav game of all time. Played it exclusively from release date for nearly 8 months.  Became a 2nd home...,positive,1
5289,638158161275293699,"I loved Ice Cube's son's comments about people who didn't get that ""Bye Felisha"" originated from Friday @OsheaJacksonJr",positive,1
311,623970358652067840,"As Prince George turns two, Europe marks other royal birthdays: While the second birthday of Prince George may... http://t.co/ij1pnNuNs8",positive,1
6459,677584573224509440,@HorribleIsGod @MMMoTioNs me and Kendrick are going to run PS4 this Saturday everyone will know of the return . @Taylo_ken,positive,1
7147,624031943202635777,#Sharknado3 This is a billion times cooler than Brock Lesnar destroying the catilac with an axe on Monday night raw.,positive,1
2638,638142853978451972,Kris Bryant's 21st home run on the season gives the Cubs an early 2-0 lead!,positive,1
2332,677173707618545665,@BaccaOfTheNet @HoldTheMilan if milan win tomorrow then milan are in the final,positive,1
2294,637253782980591616,I love waking up from a long ass dream of meeting Niall...........(it was so real and different than Sunday morning I'm soooo),positive,1
6599,674628628433489922,"Emma Watson, Lena Dunham, Amy Schumer, Taylor Swift, etc may be feminist women I don't agree with - but it doesn't mean they arent feminists",positive,1
3823,631322462416822272,Big Brother ends and Survivor begins on one of my best friends 21st birthday....Ima be a little late to the festivities,positive,1
703,622819249300611072,"Amazing round from Paul Dunne, fantastic to see amateurs not only making the cut but actually contending.Hope he does well tomorrow #theopen",positive,1
5905,640858463170641920,Just a reminder No Brewery Yoga this Saturday September 12th. Still come and celebrate with Aardwolf Brewery for... http://t.co/096Q8eECC0,positive,1
197,629375007920140289,"Sunday night or Monday morning I leave for Virginia, I'm stoked. Also going to watch Paper Towns with my sister tonight, wish me luck",positive,1
3519,632748297602605056,I just sat here and cried to frank ocean...... ITS BEEN A WHILE SINCE THAT HAPPENED http://t.co/yjgoMtElLu,positive,1
229,678555583465803776,"Great result for the Romans res yesterday winning 6-2 @broctonfc res goals Roome 4, Kendrick &amp; Elay who are 3rd in the table #youngromans",positive,1
1798,678794605014347778,"Sibling-wed Game with Scott and Chris Evans, Part 2 https://t.co/jumCqOBVlG La risa de Chris me dio risa, basta.",positive,1
6527,640974007483822080,Islam make her really special. In Quran there is a special chapter with her name as the Surah. May peace be with her https://t.co/TVxJ5dNyXy,positive,1
4412,640357508591190017,@teamgabrod I like pumpkin muffins from Dunkin!  Would Thursday or Friday be good for you??,positive,1
4395,628496484128919552,Bringing you these affordable euphoric music fests this august!  Nirvana: Where Time Stands Still  PICC Forum 8... http://t.co/mX8aRvpM0D,positive,1
3273,677925724645232640,Why am I just now finding oht about Black Friday J. Cole and Kendrick Lamar,positive,1
3428,632983292594229248,My Twitter feed just blew up with the fact Paper Towns is out tomorrow,positive,1
5534,676301500197568512,How am I barely finding out about these Kendrick and J. Cole remixes that dropped on BLACK FRIDAY?,positive,1
6983,630160636903845888,"One of the advantages to living in SC is we get to meet candidates in person, going to meet Carly Fiorina tomorrow, a competent honest woman",positive,1
1689,632045145307779072,can it be Thursday already I'm trying to watch the new Naruto episode,positive,1
5984,622056991691800576,National Ice Cream Day is this Sunday. Be prepared to stay healthy with this delicious 3-ingredient recipe. http://t.co/3wa3pRgWld,positive,1
3455,641309219908661248,I love how Randy comes back in time to be involved in a ppv and we all accept it because c'mon it's Randy Orton,positive,1
4795,623784703380860928,To celebrate the 2nd birthday of the beautiful Prince George I will be offering personalised children related... http://t.co/DwajC0kqyP,positive,1
6526,632297302040838149,@kingkatycat and I are gonna cry throughout the entire Sam Smith concert on Monday.,positive,1
6739,629266254235324416,1st day of school outfit. Iron maiden shirt Black skinney jeans Black converse. I AM OFFICIALLY PUNK ROCK OKAY.,positive,1
5924,626824935256780805,Seattle's best Iron Maiden tribute band Maiden Seattle plays the Blue Moon on August 8th with Schudge and... http://t.co/KiKOPZenoX,positive,1
1610,622894102204547073,"Paul Dunne, Danny Willett, Anyone of 25 players can win the Open tomorrow, exciting stuff, on that note Goodnight my friends",positive,1
349,672951639481847808,"@Jack_Septic_Eye # Dark Souls 3 comes out in March. I know you love it, and you've tried with Dark Souls 1 &amp; 2 to no avail.",positive,1
2483,626015525664124928,Kris Bryant may be one of my favorite ball players all-time when it's said and done.,positive,1
1719,681326797766561792,I liked a @YouTube video https://t.co/bclsIBZyST Justin Bieber Full Interview October 4 -2015 (Selena Gomez and What do you mean ),positive,1
3875,639171942046650368,"@NicoletteKelley Set a reminder: October 6. Get ready to join the celebration around #AllDayBreakfast, Nicki!",positive,1
6119,638196116526366720,"I feel like so much happened on the VMAs.  Kanye, Taylor, Nicki and Miley, Miley released new music.. The news is gonna be CRAY tomorrow.",positive,1
1549,638934183658676224,kanye west may be the only soul i value more than my own,positive,1
5553,630895548686536704,Alright Randy Orton's body is the 8th wonder of the world,positive,1
975,678126160018980865,"I thought Star Wars day was May 4th, because ""May the forth be with you"". Now it's December 18th too? ""Go December eighteenth yourself.""",positive,1
2590,620765747095183360,Let's celebrate the days leading up to National Ice Cream Day on July 19 by eating ice cream. Then let's have a... http://t.co/4HQG3V93fD,positive,1
2595,632282119616765952,"Me and @MyNameIsJ0ee did a Popptartvision based Big Brother simulation and Kaliopi won, this proves she's queen of everything. Esma got 2nd.",positive,1
4423,632244608253206529,"@NinDorkKnight @SpinelessOyster I am so hyped for tomorrow, the clip at the end of Ant-Man was enough to get me excited",positive,1
5937,640497992492036096,@greenroofsuk There is more Islam in Austria than in Saudi Arabia and the Gulf states. May Allah bless these Austrian folks.@sunnysingh_nw3,positive,1
3747,638605767831105536,"Real Madrid clever play paper work in late, Navas stays and the get De Gea for next to nothing in the January window nice new year present.",positive,1
1292,681082328878321664,"You may ask, Jarrica what are you doing at 7AM???!!? I am listening to As The World Falls Down by David Bowie.....so yeah",positive,1
3083,624242769909927936,"Two American staples celebrated in one day!  Today, July 23rd, we celebrate National Hot Dog Day as well as... http://t.co/YaWEUcdb7d",positive,1
3971,632024140011012097,Find out how Ice Cube changed the world with #StraightOuttaCompton in theaters TOMORROW! https://t.co/V7zsAsmZng,positive,1
6398,631552094231597058,Carly Fiorina moved up to 3rd place in the poll.  She moved up from 16th so a huge jump.  She's a fan of the Dream Act &amp; TARP.,positive,1
578,680568766221135872,"Thank you for the Christmas wishes! May YAHWEH bless and keep you, your family, and the sovereign nation of Israel. #BenjaminNetanyahu",positive,1
537,634210063511453700,"#idf15 is to techies what religious retreats are to Christians. Sure it's fun and sure you feel a bunch of stuff, but there's work tomorrow.",positive,1
5319,638799043745984512,me the first day of work: ok so I need off next Sunday I have tickets to see Seth Rollins,positive,1
1835,630505546970497024,Who's going to Jason Aldean Thursday! I got tickets and wanna party it up!,positive,1
3610,671874255127187456,after J cole &amp; Kendrick Lamar dropped their Black Friday gifts and I wasn't paying attention... I am going to their concerts idc I'm going,positive,1
5824,635864931221409793,"Take it up with senior clerics @macaryos @Papakila @IzetBin3 http://t.co/wtBDfPS177  http://t.co/Bkz48mLlb0 ""have nothing to do with Islam""",positive,1
3347,625779857834811392,Nothing like working on my back porch in the sun listening to some Nirvana. #PLAYITLOUD #NIRVANA #KURTCOBAIN,positive,1
1725,640702783193247745,Best day watching some Baseball in the sun. Go Red Sox! #fenwaypark #boston #redsox @ Fenway Park https://t.co/LLE8g1Yb4T,positive,1
6209,620760083450871809,Getting my copy of Go Set a Watchman tomorrow morning . . . should be interesting given the comments of the early reviewers.,positive,1
5499,620581212848017408,Happy Monday! Did you know that today is National Ice Cream Day?! This Monday isn't going to be so tough after all... http://t.co/pQvGYXChjw,positive,1
963,640787870496739328,@amessageofpeace dear misguided Muslim brother Ahmadiyyat is True n beauty of Islam... May Allah Guide u to the right path @RMinhas9002,positive,1
2152,628003307647315968,Tomorrow I'm doing the coolest thing of my life. I'm going to be in a Taylormade commercial as Dustin Johnson's playing partner!!!,positive,1
79,622818771217055744,Super round from Paul Dunne! Exciting day ahead tomorrow! #TheOpen,positive,1
1328,640036597472227329,SEPTEMBER 5 so it means 8 days to go  before Niall's birthday huhu and 9 days to go before Cj's Birthday i miss this girl so much huhu,positive,1
1059,625305209263255552,"@LouBrutus #MyFaveAlbums -P'way Drive Atlas, UFO Strangers in the Night, Iron Maiden 1st, Mach Head Ashes of Empires, UFO Strangers in Night",positive,1
716,625025226976268288,"Monday's #booksbeneaththebridge @BklynBrdgPark is hosted by @CommunityBkstr, discussing To Kill a Mockingbird and Watchman. Don't miss it!",positive,1
2605,625569018678611968,I saw Paper Towns on Friday with some friends and it was AMAZING! It might have been different from the book but I absolutely loved it!! :D,positive,1
6001,634495063293325312,I might have a pair of Janet Jackson tickets to giveaway Friday morning on The River 100.5 FM. I'll update you... http://t.co/hJtE6FE44g,positive,1
4903,639371166264627200,that Fourth of July remix thingy in Paper Towns just makes me feel something weird and good and refreshing like !!!,positive,1
2743,632222670977826817,No surprise: Dustin Johnson had a strong 1st rd Thursday at PGA Championship. Can he sustain it through weekend? http://t.co/goOqMTpsuy,positive,1
4138,623771318027202561,Happy Birthday Prince George! We hope that you're having a lovely camping themed birthday party #PrinceGeorge  https://t.co/KjWRsYLfEj,positive,1
1852,635353403443445760,@sociapark Think your right .. was the last Friday prayer call of the past EID.,positive,1
3423,676578287888437248,"Tomorrow will know the nominees from 'Phoenix Film Critics Society', hopefuly 'TIHTY' gets a nomination #MTVStars Lady Gaga",positive,1
3376,631785768126676992,this work day needs to be over vacation starts tomorrow! first stop jason aldean with my sisters and roommate @raeanne_xoxo @Brittie514,positive,1
1235,660671168773496832,"Does it burn right now? Yeah. Harvey tomorrow, deGrom game 6 and Thor in game 7 with everyone available. #GottaBelieve #LGM #Goodnight",positive,1
2982,631227024456024064,"Zac Brown Band, Mexico &amp; You: Want to hit the beach for four sun-drenched days in Mexico featuring the Zac Bro... http://t.co/YUWNij20m2",positive,1
5313,639985116069007360,Tom Brady. The only man with class and integrity throughout the #FrameGate saga. https://t.co/pKKvEFtIiZ,positive,1
6990,641028198600470528,"@Joannalangfield Concerned. If Murray can win this 3rd set, I think/hope he can win the match :)",positive,1
5006,632258739144294400,"Ant-Man starts tonight! PG-13.  Showtimes 7pm each night, 4 &amp; 7 weekends.  Monday matinee, August 17th.,  - Fried... http://t.co/cNOXzR7U9N",positive,1
7093,627252090755223552,This was probably the best Rowdy Roddy Piper thing ever - living in Alcatraz before fighting Hulk Hogan http://t.co/b6tszvBeFE via,positive,1
2979,638030142950871040,Can't tell you how badly I wanna see Ed Sheeran thursday in Houston,positive,1
5441,637815780852166656,The Gucci hijab bye I'm crying but she looks stunning https://t.co/dMrvvpVRcP,positive,1
5299,625133270280175616,"I just saw Floyd Mayweather at the Fashion show &amp; I was like ""love you Money May!"" &amp; he's like ""thanks I appreciate you"" lol",positive,1
1515,636963705134125057,I feel like Sam Smith may be the reincarnation of Jesus Christ,positive,1
864,623042689110421504,"#Sport - Paul Dunne can make history on Monday, says Jordan Spieth following Irish amateur's heroics at St An... http://t.co/YudpucRZR6",positive,1
3718,640704720206721024,@eli_gone_crazy @SignBeetle (I may have been expecting John Cena but I love the song regardless.),positive,1
3754,637638623253278720,"805 pm tonite, 1st time on PTV, I'm on air with U2 &amp; Bruce Springsteen. answering #Sophie's q's about going from doctor to rockstar.Tune in!",positive,1
1764,641605388698300417,@RaruShopping The expected arrival date for Iron Maiden's album The Book of Souls is 11 Sep. If I preorder will I get it on Fri or after?,positive,1
2686,624058618518749184,@anuparno3 @IKalmeshh_ Eid festival have only 3 days n some ppl celebrate for 2 days Monday was a last day of Eid,positive,1
2320,673798088251805696,Saw Carol last Friday-beautiful beautiful film filled with incredible acting. Love Cate Blanchett.,positive,1
3375,622846633210957828,Pic: This guy will make a nice profit if Paul Dunne wins the golf tomorrow http://t.co/tOqK4PCWK3 http://t.co/86i5A7lhrl,positive,1
4511,623809125303066624,Can you believe it's been 2 years already? Happy 2nd birthday to Prince George. #PrinceGeorgeBDay http://t.co/ErsMvDGar2,positive,1
5164,635064258896764928,Their first music video without Zayn and it may just be their best one yet. #DragMeDownVevoRecord,positive,1
1073,631950039338889217,"If you could win a golf tournament on the 1st day, then Dustin Johnson would have 9 majors by now.",positive,1
5098,640973904127901696,"David Wright's ""SAFE!"" celebration while still sliding is going to be the cover of at least one of the NYC sports sections tomorrow.",positive,1
2455,633575288862048256,I support Sunday Oliseh 100% on this new Super Eagles list. Make us proud boys. We believe in you. #SourEagles,positive,1
1512,633235013841088512,@DevotedRowbrina I hope so!  I might see Paper Towns today and I'm going to theme park tomorrow I'm trying my best!,positive,1
3735,664028108882731008,Todays #ullukapatha is Rahul Gandhi . You may ask WHY ? Nothing . Just that he is a filler on days we have no Ullukapathas . Happy Diwali,positive,1
6968,634732465119035392,I love how the video came out august 21st. Zayn is always making his presence known.,positive,1
2603,641258964697546754,Carly Fiorina may make some inroads toward some Dem support if she  support some Dems initiatives including admitting Obama did some good!!!,positive,1
6127,675463081879736320,"..now disappeared, sun gone for the day. Twilight with soft skies to say goodbye to Friday.  We must all remember we are blessed. #GodsWorld",positive,1
3788,636060699760922624,"The Foo Fighters may be my favorite concert, ever. It's one of the only times I've truly ""felt"" the energy between the band and crowd.",positive,1
551,669918243163922432,I am thankful for @bitchy_antics for pointing out how all the animals in the shop sat up when Thor strided in there!!!! ROFL #Thor,positive,1
3511,641170341621039104,People may talk ill about Sam Smith 's orientation. But I must state that his songs still remain my anthem in the morning! @samsmithworld,positive,1
3804,636231441303629829,A BIG day at Cardiff Airport tomorrow for Iron Maiden fans! Watch this space to find out what's going... http://t.co/DEwGX4a9u4,positive,1
761,632088211607580672,"@InJoshITrust in October they are releasing both The Last and Boruto in English.I love when hinata was basically like ""fuck you Naruto"" lol",positive,1
4823,633735298065633280,The #ByeFelicia scene is brilliant in @ComptonMovie considering that it originated from #Friday which @FGaryGray directed and Ice Cube wrote,positive,1
1293,634680621667749889,"Pinoy Big Brother celebrates it's 10th year on air! Happy 10 years, PBB! #PBB10years",positive,1
3340,638374881923461120,Kanye West @ the Hollywood bowl Sept 25th. That would be amazing tbh.,positive,1
3349,639938812890644480,You better! And we going to gay pride.  https://t.co/LmWlt4yva5,positive,1
610,634981517429620736,@JohnCena I cant wait to see how you will break a Seth Rollins nose or her knee in summer slam on tomorrow only and triple h oh man,positive,1
1938,622818736882348032,"Wow. Paul Dunne!! Great job kid! Hope he can stay in it tomorrow and show these pros how it's, dare I say, Dunne?! @TheOpen #TheOpen2015",positive,1
4336,637748743694106624,"Haven't seen 2nd half but James Rodriguez is something else.  Great display boys HALA MADRID!  Scrappy win for Milan too,but it's a win.",positive,1
4773,622414052564840448,"Seriously though, you guys have National Ice Cream Day? That's soooo Coool https://t.co/jm9WzImKhe",positive,1
5093,666482970992222209,So excited for new Thor on wednesday. I just finished @jasonaaron's last run and it's been so wonderful.,positive,1
4231,681468311809441792,@rebeccalhorner I thought Star Wars Day was May 4th (be with you) #theforceisstrongwiththisone,positive,1
408,677882821495627776,"TONIGHT (FRIDAY!) AT UPTOWN BILL'S COFFEE HOUSE 7 pm. Victorian Christmas Concert with Curtis and Loretta,... https://t.co/hMomJ7Hhta",positive,1
5310,627661635658862592,Catching up on WWE for the week thanks to the Saturday night reruns. Seth Rollins is underappreciated.,positive,1
6499,628362922545270784,C'mon we all know Seth Rollins is going to win. #WWEchampionship #RAW,positive,1
899,635577296703893504,@WWE @JohnCena @WWERollins John cena will be the champ for the 16th time,positive,1
5405,622089766369120256,The husband of one of our Associate Producers just made Rolling Stone's list of Top Ten Bands to Watch! http://t.co/Z67xLxzPUK #music #film,positive,1
6243,670498581485371393,Bee Gees - Saturday Night Fever (John Travolta) [HD] yeh boyy you know you're all dancing and sing to this one!!!  https://t.co/0a6rbvqC9l,positive,1
6391,633037224133677056,"Saw Caitlyn Jenner @Kathbum at the @edfringe today. She was hilarious. Nice to see @WeeMissBea there too, we have tickets for the 28th yay!",positive,1
6190,623114596061184000,"What makes Monday better? Final round of @TheOpen golf championship! Scottish amateur Paul Dunne, who attended UAB, is tied for the lead.",positive,1
332,641092823811383297,Tomorrow Yoga practice is about connecting with our Third Eye! New Soundtrack too!!!! #reveilleyogastudio #RiversideYoga,positive,1
599,639207983537332226,Can't wait til Next week I'll be back reunited with the PS4 yall players safe til September 25th doe believe dat,positive,1
6905,634897403821191168,Zayn's roller coaster is the most emotional of all emotional roller coasters https://t.co/Z5pTo3uoY6,positive,1
390,630171070167973888,@thedoctor2016 @japancuriosity @MangaUK I hope that they attract the right audience and some that may not have seen DBZ or Naruto before.,positive,1
4070,641429128739201025,"Tomorrow is the day, see you all soon!  Event: FH Club x MYMILAN MILAN Luxury Clearance Sales Date: 10th-12th... http://t.co/ox4t9fPpse",positive,1
5979,640621622651711488,I'm seeing Ed Sheeran on Tuesday im going to cry,positive,1
5303,626345579740819456,"Rainy weekend helps power surging UK box-office, as Disney scores double with Inside Out and Ant-Man at 1 and 2: http://t.co/BqzCEsDgMZ",positive,1
1618,630701112983724032,I just heard about Frank Gifford. Anyone who ever watched Monday Night Football enjoyed it more with him. Rest in peace.,positive,1
5479,661069250732367872,"He was like the sun, the flowers and the moon. - Bob Dylan on George Harrison (It seems that my post has... https://t.co/bDMZ6I5m6m",positive,1
5316,672983730450014208,Shout out to Kendrick Lamar ..for coming threw dat next fire line up ..black Friday let em know you wit EM FLAMES!!,positive,1
3994,635931670487695360,"@xavjos89 Your also a WWE Pro Wrestling Fan? I hope we the ""Feud"" between The Undertaker vs Brock Lesnar is over after Sun ""Summerslam""?",positive,1
855,621066477576306690,Sunday is National Ice Cream Day!   We will have SUPERCold Science Shows at 2:00 &amp; 4:00pm with samples of Liquid... http://t.co/xppe1YuNCA,positive,1
5826,681879579129200640,"Iran ranks 1st in liver surgeries, Allah bless the country.",positive,1
1606,634207149380374529,My mom has Intel that Caitlyn Jenner goes to the Starbucks down the road every morning. My brother is pleading to go tomorrow. That's my day,positive,1
241,639948764271235076,"This is what my Friday night has come to, arguing with my da about Kanye West.. How can you not love Kanye like?!",positive,1
3249,641155797112766464,"Morning everybody - weather's great, and I hope you all enjoy this Tuesday.   As U2 would say.... http://t.co/Oue1VI4DgA",positive,1
3416,639757134280785921,"Roar by Katy Perry was #1 on my 18th birthday, which makes it the theme tune of my life! Find out yours: http://t.co/HxlaLxqBjI",positive,1
3124,638296604089319425,"Holy mother of all that is good, Kanye West's speech at the Video Music Awards on Sunday was all sorts of burning... http://t.co/wU8wPOosac",positive,1
6359,630700077611401216,"I just sat here explaining to meme how hungry I was and then she looked at me and drove past Dunkin, smiling.",positive,1
636,631998508061425665,"Ant-Man was high on my list to see, but didn't get the chance until Tues night. It was such a fun movie! Ant-man v Falcon...classic!",positive,1
6545,623133669935423488,Fancy this Paul Dunne at the open at 40/1 would make it a good Monday,positive,1
937,624028706621771776,"All you HNN All-Stars know who I want to send a big birthday shoutout to...Prince George!  Happy 2nd birthday, your future majesty!",positive,1
6278,637958509817151489,i want dunkin tomorrow morning lol,positive,1
5747,634745181770784769,Tbh. Drag me down music video was so good that I didn't notice Zayn was missing until the 4th time I watched it,positive,1
3437,635966102342791169,Woah! What a way to kick off Monday Night Raw with Brock Lesnar!,positive,1
4770,620645999242047488,"Hey! Our August book, Go Set a Watchman by Harper Lee is out tomorrow for all you eager readers!",positive,1
4005,623159858813120512,"May the auspicious occasion of Eid , bless you with peace and bring joy to your heart and home. best regards Hamayoon Amanzai",positive,1
292,626961274820272128,Texas is the Walk-Off State tonight. Josh Hamilton just singled in winner in 9th vs Yankees.,positive,1
2762,624289212754477056,Tomorrow's national hot dog day apparently. I'm excited.,positive,1
740,681058447622709248,my dad is enjoying twilight lmao... he keeps tellin me to shush while i quote every 2nd line bc he wants to watch it,positive,1
4226,674330864952676356,Kendrick leads all with 11 #Grammy nominations.  Don't miss out on February 16th! https://t.co/NrjmvbsXpj,positive,1
1817,632994420292366336,I love Kris Bryant. The way he plays 3rd is Santo-esque. But  damn that was a nice play by Herrerra,positive,1
6034,622685818361147392,This is going to be a fun 5 years. The makings of the next Prime Minister... George Osborne.... https://t.co/bqQ04NZcBV,positive,1
6536,636326890488225792,"I *COULD* see Ant-Man today, OR, I could see the live action Attack on Titan movie in theatres tomorrow....",positive,1
5866,675918688931946496,Conor told Dana White that he'd knock Aldo out in the 1st minute... He did it. Wow.,positive,1
3128,638130014890946560,I may watch the VMAs just to see Nicki's performance but dassit,positive,1
355,622971909542674432,Do you know who Paul Dunne is? He may make history tomorrow. Hear how! @ZachKleinWSB has details now!,positive,1
4945,622180925946736641,"YUM! National Ice Cream Day is Sunday, July 19th. Enjoy a treat from Dairy Queen in the food court or at Nieve de... http://t.co/4yzNJduZ8i",positive,1
2787,634872676771737600,Rousey vs Holm's on January 2. Holms has the best kicks of any ufc woman fighter. I'll give her at least 2 minutes with rousey,positive,1
6891,640436841431347200,Beautiful Sunday \l/ Let's practice Yoga! NEW SUNDAY CLASS ALERT! 11.30am starting today with the gorgeous Anina... http://t.co/KLaALWAoK5,positive,1
5740,622863897415041024,"Also in tomorrow's @metrosportHQ, all the details of a fabulous day for Paul Dunne and an enthralling third round at St Andrews. #TheOpen",positive,1
3733,632598338479783936,Bring on the housemates! Celebrity Big Brother kicks off August 27th @ 9pm EXCLUSIVELY on TV3! http://t.co/A2Qv4hrd8F,positive,1
1107,637468707145543680,Seeing Big Green tractor be performed by Jason Aldean tonight threw it back to 7th grade homeroom with @legendracer16,positive,1
1585,627766547113746432,"Best-Selling Books Week Ended July 26th. FICTION 1. ""Go Set a Watchman"" by Harper Lee (HarperCollins) 2. ""The Isle of the Lost"" by Melissa",positive,1
6678,681165317129789442,Twilight spent in hottub with my beloved. No vampires or lycanthropy in sight which was sad. But he kissed me better as we watched sun sink,positive,1
699,640210119784071169,This time tomorrow I'll be waiting for the Foo Fighters to grace the stage with @StephanieJ2104 #foofighters #RoyalBlood,positive,1
3879,639225541476880384,I'm pleased with my lord and Islam is my deen may we die by these words allahuma amen,positive,1
3924,679516781195718656,I like Thorburn with Copp and Halischuk on the 4th line.  Really like Thor on the 4th line.,positive,1
4136,637431289981894656,"Listening to @alyankovic's ""Smells Like Nirvana"" with the hubs. That's how we roll on a Friday night. :)",positive,1
4573,668788194381398016,Thor and April love the laundry basket. #catsofinstagram https://t.co/tU4ZJpZaG2,positive,1
6432,681811463745482752,"I'll make icons &amp; headers of Lady Gaga from the full year of 2015 &amp; I'll post them tomorrow, Little Monsters!",positive,1
62,679165443592994817,"Twilight Market tomorrow 3-8pm All you need for a very, merry Xmas Ham,Pork,Vegies,Wine @BundarraPork @angelicaorganic @PeregrineRidge @",positive,1
6806,640385094335729664,SELLING 2 JANET JACKSON TICKETS. GOOD SEATS. SEPT 11TH. HMM FOR DETAILS &amp; rt/tag  anyone you think might want them! Thx guys!,positive,1
1825,638762323201630208,"@Nebubae_ I'm pretty sure he still doesn't. The only person with real answers IS JOHN CENA, THIS SUNDAY NIGHT AT THE THUNDERDOOOOME @Gnowuh",positive,1
4484,636363390361796608,"If tomorrow my wrestling promotion was up and running, it would be Brock Lesnar. You need someb... http://t.co/8kIe471xQf #WWE #TNA #Raw",positive,1
5125,670663506077884417,Giving solo DMs away with The Vamps if this gets 100 RTs! https://t.co/YawrskzLgE,positive,1
2361,676632130760392705,Curtis can take her essay and shove it where the sun doesn't shine #finalsweek,negative,0
3422,640426119745945600,To all Christians on Twitter: have a blessed Sunday! To ALL Tweeters: have a great day &amp; happy tweeting!,positive,1
19,634503878877298688,"OMG.OMG. can't wait guys,it's tomorrow!Don't think about how Zayn's not there.It's his fault,not ours!Remember that. #DragMeDownMusicVideo",positive,1
6857,634855302878375938,"@DunkinDonuts new location?, 3rd ave &amp;12th street, NYC. Make it happen... East village runs on Dunkin! http://t.co/fiSeCNfLRi",positive,1
1136,678440652527427584,I'm just waiting for the day when it's announced that there will be a 5th twilight about Jacob and Renesme,positive,1
124,678964785380114434,Live ass Kendrick concert with my boy Harper lastnight live ass Rockets game with my boy Woodley Saturday NS won my weekend was great,positive,1
4146,664101941853581312,"Fell in love with Chris Evans, wanna download all of his movies tomorrow.",positive,1
3623,634735567444406272,"@gma broke the story for @RondaRousey fight. As if Rousey couldn't get cooler, she is bringing MMA mainstream https://t.co/liMDO9XJho",positive,1
4862,680430655692476416,I'm seriously going to my 3rd but best Justin Bieber concert I want to cry thinking about it,positive,1
4448,626535124117516288,Vegas Sept 12 Floyd Mayweather undercard. Make sure you there!!,positive,1
968,623904134777991168,Who's going to be 1st in line tomorrow for FREE hot dogs to celebrate National Hot Dog Day??  First 100 people get FREE Fenway dogs.,positive,1
2541,641237594009915392,Classes tomorrow... Have you ever wanted to try Pilates or Yoga?  Great exercises for both mind and body.... http://t.co/NSTSIV4a4S,positive,1
2706,680018395279036416,"Cute &amp; good idea: show the real Israel, far away from biased headlines! https://t.co/IK95G9Tnak",positive,1
3982,635786949849153536,Feeling down this Monday? Check out this guy who dressed as baby Prince George for a week - it might cheer you up! http://t.co/PNwNBanIvr,positive,1
5323,680625796818419712,"Kim Kardashian Strikes Gold W/ Kimoji App, Lands No. 1 Spot: Apple said Tuesday it is tough enough for Kim Kar... https://t.co/UCjJUfWHtl",positive,1
2900,632000569578795008,Anyone going to Zac brown band that needs a spot to camp? Sunday night?,positive,1
6217,623355083758022656,Welcome Back all Friends after Eid Holidays. Today Tuesday 4 Shawal 1436 AH 21 July 2015 AD 6 Swan 2072 BJ Have a Nice day Take Care,positive,1
3805,640800149808111616,HISTORY - Cristiano Ronaldo is the 1st player in Real Madrid's history to score 14+ braces in a European competition.,positive,1
2354,639754997266313216,"Kevin Sullivan talks about nWo ceding power to Hulk Hogan, Greg Valentine accidentally knocking himself out and more! http://t.co/Z5Qb9NUWoQ",positive,1
6072,634408132056248320,"I'm not 100% sure but if everything goes like it always does, something is gonna happen with zayn tomorrow, preferably zayn drops a single.",positive,1
1470,640870143573258241,@LFCAFFILIATED  @BBCSport they won la liga in 94 and got to euro final in 94. They were 2nd best team in world. Milan were just the best.,positive,1
2296,623627361309851648,Saudi's Eid present to Taiz. Big thank you @SaudiEmbassyUSA. This is best Eid present ever for Taiz #Yemen  https://t.co/gRF2CBhFZQ,positive,1
6982,623916822312546304,"Who wants a free $20 gift certificate? Come in tomorrow 7/23 for NATIONAL HOT DOG DAY, and for every $5 you spend... http://t.co/95UiE6xE6b",positive,1
1913,662778984216682496,@ShawnOnTheNBA We did.  He says it should be corrected tomorrow.  Thor is available on Twitter @ThoreosNmilk,positive,1
713,641437433079267328,@trevor_theobald Jays have scored 4 in the 10th. Thanks for the mammaries Red Sox. This game is over #Trevsniptweets,positive,1
4134,637348179558555648,Republican candidate Carly Fiorina tweets that she is OK after getting into an accident with a deer Friday. http://t.co/AvWr312Qc7,positive,1
4130,625582957852397568,"Ant-man was good tho. And props to the guy who mention about the 2nd extra scene at the end of the movie, you da real mvp.",positive,1
111,638819074726715392,"MusicTimes&gt; Janet Jackson - Monday night in Vancouver, Janet Jackson returned to the touring circuit once again wi... http://t.co/81iY4jKSpD",positive,1
6555,677477202766766081,"STAR WARS DAY! I'm dying here, only 11 hours now!! May the Force Awaken in us all! #TheForceAwakens @starwars @JohnBoyega @HamillHimself",positive,1
611,675504188294582273,"I purchase Kendrick, Cole, August, Lito, Drake etc. they give you records that mean something, that relate to life",positive,1
3186,641048931091267584,Taco Tuesday has a full line up!  6:15am Baptiste Yoga with Alice 9:30 BarSculpt w/ leslie  10:30 BarSculpt... http://t.co/PY3V4iffrE,positive,1
3152,622728091773874176,"And if it being Sunday weren't enough to make you happy, Hip Hip Hooray for National Ice Cream Day. Follow us all... http://t.co/BXk8eP8yjp",positive,1
5027,640772424951296001,@NiallOfficial if you met me Niall you'd be laughing like there's no tomorrow bro.. @1alexsummers,positive,1
2009,636578770833571840,@shanny9876 love her! Went in December with my Dad and going back to see her tomorrow with Shawn! She's incredible.,positive,1
2468,625458727215308800,"Ant-Man may have cliched and formulaic structure, but it's a whole lot of fun.   The final 40 mins is superb.",positive,1
980,630570603351642112,@YvonneLiz25 the Zac Brown Band is coming to SoCal in October! If you know who they are ahaa,positive,1
250,638272171828215808,Taylor and Nicki performing together may be the best thing,positive,1
1488,627028215110991872,"@xee_moonflower on the 11th, or as I like to call, the day the chosen one was born, and by chosen one I mean Hulk Hogan",positive,1
2272,637202669883498496,Naijaprizes Proud of the Super Eagles - This perfect Monday the Super Eagles bowed out of the World Column.... http://t.co/SjLW5boyqy,positive,1
4799,630367188638040064,Looking for someone to go with to a Zac Brown Band concert on August 21st at Citi Field. Anyone interested?,positive,1
3030,680353413901750274,gonna continue to watch twilight tomorrow i've been leaving the rest of the movie that i didn't watch yet for a long time lmao,positive,1
4610,640447916696473600,"@rosequartz0518 @_claudiaw Beep beep...! Yep, Murray and Federer into the top 16. Phew! :) See you tomorrow!",positive,1
844,641333641616953344,Gucci gob spiritual being promise august nurse the dyad yours being friendly relations procural unto functiona...,positive,1
1100,631228070243004416,"No matter what happens tomorrow, the important thing is whether or not Frank Ocean puts out another album",positive,1
795,638895784482705409,Hope to see @austin_laws break out the Gucci sign Friday,positive,1
3690,674621641289293833,"Friday, December 18 will also be Star Wars Day on @kojoshow's Politics Hour. Guests will be encouraged to join the show in costume.",positive,1
3118,630753704992444416,What is it with female politicians?  Carly Fiorina (who I absolutely adore) was the darling of the Sunday shows... http://t.co/sMpy8BD1qh,positive,1
522,634509890342531072,someone come see janet jackson with me in march since my mom is forcing me to go lol,positive,1
5437,631988387025670144,"@chambleebrandel hey bc watching gc if Dustin Johnson had won a few of those majors , he would be no worse then 3rd in rankings , he's solid",positive,1
2953,679537864728809472,"Lady Gaga is clearly delighted at the gift of a grey horse, delivered on Monday to her ... https://t.co/xdt9p057mH https://t.co/7c2n6sEvaA",positive,1
1239,668908525473669120,"THOR has always been a GREAT seller for us! But it is the 4th Thor #1 in the last couple of years, right? (including THORS)",positive,1
5690,632592831438323712,Going on me hols tomoz so a break on my Sunday routine. I'll be saving the Nirvana ep of @RamAlbumClub til Monday at the poolside.,positive,1
1529,680405838649888768,jeonghan looks like one of the characters in twilight wearing that hoodie tho https://t.co/gPaRO5IajL,positive,1
3681,677627337761005569,Festive Friday and Star Wars Day is just around the corner.,positive,1
5532,641391903141953537,Ed Sheeran either Jan 30 2013 or Nov 1 2013 the best days of my life https://t.co/crsnvlnnpl,positive,1
6220,632111203763027968,I guess one 80s action star is much the same as any other. Can't wait for Chuck Norris's remake of Junior. https://t.co/SLIaOSUzP2,positive,1
2273,681164312078106624,honestly i will die if Briana gives birth on February 1st that would be the funniest thing ever,positive,1
3157,628735222033608704,super excited for Jason Aldean and Kenny Chesney on the 15th because it has been way too long since i have been at a country concert.,positive,1
4788,678320951663153152,"@brianawrites happy Saturday, Briana. I just left my biggest family Christmas gathering of the season. How are you?",positive,1
836,631197722729709568,My dad and I were the only ones who stayed to see the 2nd extra scene after the credits for Ant-Man.,positive,1
5130,631668667072155648,"Good morning, start this Thursday with #WPop130815: Naughty Boy feat Sam Smith - La La La ; https://t.co/DSwsKp9WU3",positive,1
829,636854244448972800,paul mccartney is coming to detroit and columbus in October!!! does anyone want to go with me??? @deannaniese @deannaniese @MaddyTooman,positive,1
5446,626625949413572608,"@alexisgraboski oh sweet! I'm going on Friday, me and my lady are gonna be at the main stage waiting Paul McCartney pretty much all day haha",positive,1
2050,640986994424856576,I will be oddly satisfied if the Red Sox can finish the season in 3rd place in the division.,positive,1
5068,662420349380902913,Celebrate the life and music of George Harrison with a free special streaming event on 25th February. https://t.co/AukwQfla8x,positive,1
4885,630887663407661056,TODAY remembers 'triumph' Frank Gifford: See his best moments http://t.co/tiPajPGIYY via @todayshow May he rest in peace!,positive,1
594,674618006786473984,Tony Blair  was the best Prime Minister  and the best Labour Leader .God Bless him and long may he live.,positive,1
6028,627318719438553088,Lithium may just be my favorite Nirvana song oat,positive,1
2646,629507609070977025,John Kasich should feel proud of his performance at the #GOPDebate Thursday night. He looked more presidential than the rest of the field.,positive,1
1648,622762267197595648,Here's the scoop on how to get free ice cream on Sunday for National Ice Cream Day. http://t.co/g2uVZh5vIF,positive,1
2575,640409826003132416,@camilacabello97 I want to spend late nights with you and listen to Ed Sheeran with you and talk with you about everything under the sun,positive,1
4108,638285183582662656,"@goldsborohall Haha its like Big Brother watching. Sorry we didn't see you, what a fantastic wedding saturday was though. Catch up soon.",positive,1
4081,639578687831040000,@NiallOfficial  hi Niall  tomorrow is my 17th  birthday mean the world to me if you wish me a happy birthday  thanks niall  I love you,positive,1
5039,620428030188589057,"Be on the look out for my Miss USA 2015 recap tomorrow! Hear about my favorite gowns, swimsuit bods, and... http://t.co/rfX7QmvNEk",positive,1
720,676705673774678016,"No matter what Monsters! So proud of yous! Hopefully we won it for our girl, @ladygaga  #MTVStars Lady Gaga https://t.co/Gnjx5XpmQI",positive,1
3900,630630353502236672,"David Price's 2nd pitcher of the week, Josh Donaldson's 2nd hitter of the week, Corey Kluber's 3rd pitcher of the day.",positive,1
2825,627493398048452608,3 time going into this dunkin cause they can't figure out my order. Also they wouldn't accept my coupon that expires in October.,negative,0
3816,634261262742892544,"To be honest, I just can't wait for Frank Ocean on Saturday",positive,1
5793,637757593159659520,Not a bad Saturday... Bit of Call of Duty Ghosts on PS4 with some MOTD.... Perfect!,positive,1
6108,660618277647810560,"Drink a Tank 7 every time they say ""Thor"" on the #FOX broadcast and see if you can make it 'til the 5th inning. #BoulevardBeer",positive,1
6535,632476613624614912,"Is this the 1st time Kpop has been nominated in the TCAs? Even if we don't win, isn't that still an achievement we should be proud of!",positive,1
4450,641407251845136384,I got two tickets VIP to Ed Sheeran tomorrow at the American Airlines arena. Hmu if you want them,positive,1
6589,625514306856218625,@erix0x Now we want Dunkin' Donuts for breakfast. We may just have to get those tomorrow morning. Thanks for the (unintentional) suggestion!,positive,1
2691,666801300806463488,Amy Schumer and Jerry Seinfeld headline a show in support of the 15th anniversary of Baby Buggy https://t.co/mcBWyZ8Ezp via @WSJ,positive,1
523,677964913348878336,@nintendomad888 @MaireadRalph i'm working to make masked lumen and in March i'll go to cartoomics in milan with a big italian group for bayo,positive,1
4009,635947608326950912,David Wright will play in his 1st game since April 14. Wright sat out after being diagnosed with spinal stenosis. http://t.co/4skFDRTsWX,positive,1
1555,637796574857334788,Why John Kasich may be strongest GOP prez candidate - even if he may not be able to get nomination. Read @FrankBruni  http://t.co/COOWT1Uv5X,positive,1
1350,639575967258689536,@BBVACompassStdm Ed Sheeran was our wedding song in April. We'd love to see him from the floor tonight! #LiveBright http://t.co/DkftyfhKf4,positive,1
425,632993574062280705,Sunday let me clean the whole type of day and do absolutely nothing consists of Frank Ocean songs from A to Z,positive,1
3080,641303524387762176,@YousraFazal Chanel is favourite brand - Gucci comes in 2nd place! I have a big addiction when it comes to buying perfumes. I need to stop,positive,1
4297,641488027848732672,So the #usa is awesome because all #Republicans are having gay marriages tomorrow!  #freedomofspeech,positive,1
2020,668026745531011072,"let this poor Chris Evans beat the real Chris Evans for once, would treat family to a holiday :-) https://t.co/Gzhfj0YiD8",positive,1
4346,677449631211630592,"Though the films may have faults, the soundtracks to the Twilight movies are perfect for writing. (Especially for Gothicists). #phdchat",positive,1
3444,627463841270530049,"The price creep is real, but the 3rd generation @Motorola Moto G is a huge step forward http://t.co/ujKE7k8WVh",positive,1
5646,636121983579631616,Jason Aldean Sunday with this beauty #sundayfunday #summernights #concertseason2015 is not over yet  #staytuned4more http://t.co/UsjfqMZBej,positive,1
5686,636118903291117569,"Oh, My, 'Celeb' Big Brother is back on Thursday.  Time for the annual game of Who The Fuck Are You?  #CBB",positive,1
6159,677538414347055104,Look forward to auld Guy *battering fuck out of ye in the SFV beta tomorrow.  *Going mental on here because it doesn't play like Dark Souls,positive,1
5637,635743409580470272,Kudos to the COAS and the entire military 1st by leading the troops on the ground against Boko Haram and 2ndly for... http://t.co/gM3Fpu7NNs,positive,1
6360,623310062002409477,"Monday Night #RAW: Roman Reigns, Dean Ambrose, Luke Harper and Bray Wyatt put on a good fight tonight. http://t.co/Dt1IASxsen",positive,1
5012,621227549805428736,This may be the coolest thing on the 'net. Def my favorite. &gt; Soul Train - Papa Was A Rolling Stone https://t.co/O9ib4Ylm7z via @YouTube,positive,1
3929,634699618622771200,I saw Paper Towns on Wednesday and I really loved it but I was a little disappointed in how Margo was portrayed in the movie....,positive,1
2589,632568845182472192,Lol i cant play mj on the 7th month. Eid's power kinda maxed out on the ghost month lol. Anticipated my tiles and kalongs beautifully.,positive,1
4427,674080902650138624,"@evamariasaralyn Bee Gees always been a FAVORITE...Musical genius!  Their music soundtrack made the film, Saturday Night Fever.  LOVE them!",positive,1
3336,641401844988821504,Somebody should bring me a ice chips ahoy from dunkin donuts tomorrow I'll pay you back,positive,1
210,634936977570275328,they need to make a new Friday with Ice Cube son &amp; DCYoungFly,positive,1
5687,622765623836323840,"July 19th is National Ice Cream Day When you get the urge for a snack on a hot, humid summer night, what's (cont) http://t.co/CU1ZT8jS54",positive,1
5944,635744584400699392,FACT Bigbang is the only 3rd Generation of KPOP grp that are still complete. (cr.Seungrisenpai),positive,1
4897,624752046873260032,"@imasillypirate @triadvstrinity @DavidHasselhoff He's in Sharknado man, we may as well get him to swim the ball back to me! Well played Hoff",positive,1
3970,624796108670177284,I can't wait to go to the Angel game tomorrow vs. the Rangers and talk shit to Josh Hamilton,positive,1
4533,629280133015293952,A very good maxim - one that Boko Haram had the privilege to enjoy during the Jonathan Administration &amp; may still! https://t.co/8gxflzMrGx,positive,1
6291,640703751339175936,"Sunday fun night. come hang out and be loved, Revcoak on the PS4 tonight: http://t.co/hhp7rOIuVK",positive,1
101,636711239931031552,@darkside1502 noooo like he sang that song! The 1st op of naruto!,positive,1
4080,628667076165537792,The Zac Brown Band will play Fenway Park this Friday - Sunday. Don't miss it! http://t.co/je5jPXRpBC,positive,1
6350,628841706046246912,We start the morning with news that Floyd Mayweather will face Andre Berto on Sept 12!  Odds: http://t.co/HdxCJoV40k http://t.co/K9XKvf9WBV,positive,1
6597,635169280976384000,@WWERomanReigns Are you ready for tomorrow? I'm ready to see you win to you and Dean Ambrose (You brother) #TheRomanEmpire #TheUnstableDean,positive,1
3133,622438941887631360,Tomorrow is National Ice Cream Day! Here's every place you can get free ice cream: https://t.co/IAkiZSiy1N http://t.co/RHXWAg32Pl,positive,1
5337,671381595392221184,My life: I'm going out to lunch with Captain America* on Saturday. (Not Chris Evans. :p Cosplayers make life so much more fun.),positive,1
5529,678015852915113984,"Obama signed a law TODAY making gifts of up to $100,000 from an IRA tax-free again. If you want to give to the Foundation, call us Monday.",positive,1
2532,669358129365188608,@linda_x_senpai if you are enjoying Bloodborne you may enjoy Dark Souls too if you didn't already played it,positive,1
1049,632248248787406849,@fanvav This is my 3rd or 4th time sending this out to the twitterverse. First Jays player to respond? David Price. Pretty cool.,positive,1
5021,628221789521313792,"@MattSpiegel670 @JayZawaski670 Can confirm first-hand, Paul McCartney was fantastic on Friday night. Worth dealing with the human detritus.",positive,1
892,676406226993979392,"As powerful as I believe the internet to be, I'm sure I shall find the Star Trek Beyond trailer b4 Star Wars Day this Thursday!",positive,1
3263,673513230044647424,"When it comes to body empowerment and feeling comfortable in your own skin, Amy Schumer is the role model we look up to. On Thursday",positive,1
2536,636477494808473600,@julesmattsson I recently got oddly misty-eyed over that night George Osborne sat in the wrong carriage,negative,0
1853,638075375961153537,just checked for events happening at Gila River Arena in September and I got SO excited to see that Sam Smith is playing. On September 30th,positive,1
3791,641055498033213440,Murray's form has been tremendous this year ... a win tonight would've seen him reach 60 victories in a season for just the 2nd time,positive,1
2008,627890310362718208,"Going to see Ant-Man today for the Sunday Matinee, just need to put the roast beef in the crockpot and I'm good to go! :D",positive,1
6171,622823455357018112,Paul Dunne kept the poise going in the Rinaldi interview. This could be awesome if he gets off to a decent start tomorrow.,positive,1
4082,634043129763598336,Still two tickets available for Zac Brown Band on Saturday!! Let me  if you're interested,positive,1
2926,637895248170065920,Zayn is the only reason that I might watch the VMAs tomorrow,positive,1
3044,639590279109058561,We're at Paper Towns tonight because Thursday. I'm not sure it's not still June. Mom is excited about her peanut m&amp;ms.,positive,1
1002,637528404091359232,"@TheyCallMeDSP Hello Phil, i hope you play this game Knock Knock it comes to PS4 on September 10 http://t.co/lN7cOWndKw",positive,1
2745,680923096971255808,#FollowMeHayes @HayesGrier I share a bday with Justin bieber lmao remember to wish me on March 1st ;),positive,1
5059,641078606643490816,I love me some College Football but I can't wait to watch some Tom Brady and the Patriots play on Thursday. #NFL,positive,1
6210,629740039606534144,"if frank ocean drops the first part of 'boy don't cry' tomorrow, all will be well .",positive,1
6106,641009150454067202,Haha I'm going to see Foo Fighters tomorrow Jesus Christ that's just hit me,positive,1
5572,622893202811580416,Some day at #TheOpen2015 . Incredible stuff from Paul Dunne and Padraig Harrington. Baffling round by Dustin Johnson. Monday will be great.,positive,1
5073,638850775322632192,Eid is September 24th and Drake is releasing his new album that day this will probably be the best eid gift I've ever received alhamdullilah,positive,1
6491,641163850386153472,Morning from #Woking where it is a dull start but hoping for sun to break through later. Couldn't stay up for end of Murray's match. :(,negative,0
2223,637918309195902976,"tomorrow it's my birthday and well, it would mean the world to me if a specific guy names Niall would notice me @NiallOfficial",positive,1
4152,637211523983765504,Katy Perry was all smiles&amp;#160;when she&amp;#160;headed out for a Broadway show Wednesday night in New York City.&amp;#160; The singer wore a,positive,1
5875,640219926272327680,Watching David Price dominate... from Greece. Nice way to end a day of sun and souvlaki. #committed,positive,1
3951,681173227570380800,Is it wrong that Justin Bieber is growing on me and may even like him???? #Beliebers,positive,1
2142,633360261068423169,Straight Outta Compton's success hopefully convinces New Line Cinema to give Ice Cube the right budget for the last Friday movie.,positive,1
4020,622882850401058817,Did you know today (July 19) is National Ice Cream Day? :D What's your fave flavor? http://t.co/pdSiolOa5I,positive,1
3907,631751819295879168,Happy #40th birthday to one of the most dependable human beings I know. May your light never go dim my Big Brother and friend @Audu!,positive,1
298,623683257704382464,My plans were to Sharknado 1&amp;2 it up for tomorrow's big premiere... But OITNB won. 1/2way thru season 3.. I need more hrs in the day..,positive,1
6659,622819306913579008,And as it stands the amateur Paul Dunne will be going out last tomorrow with Jason Day! What a moment for him! #OpenChampionship,positive,1
1524,623941523307130880,This may be pathetic but I'm soo excited for Sharknado 3. Best to watch with lil kids tho.,positive,1
3549,637805883586703361,"But when Luffy does reach his max, I have no doubt that he'll beat Naruto. (Maybe even currently if we find out how strong gear 4th is)",positive,1
4435,633369520112050176,REHAB ALERT: David Wright will continue his rehab assignment with us on Tuesday. Game vs. Bradenton at 6:30 p.m. #Mets,positive,1
2911,670535146630680576,Seen a advert for today's Saturday kitchen ... Chris Evans looks like he's just come out of a ket gaff from Saturday ! The shuffling twat,negative,0
3905,680259073409990657,"@Santa I want Justin Bieber tickets, my birthday is May 18 and he's coming may 10 and 11 to Boston",positive,1
3607,621805057173004289,"Sunday is National Ice Cream Day, but we have the best creams minus the calories #constantcontact http://t.co/4N7lo5wN3X",positive,1
1980,635548487027847168,Kris Bryant just knocked his second homer of the day (and Cubs' fifth overall) to give Chicago a 9-2 lead. His 19th of the year. #CubsTalk,positive,1
2563,627886110996197376,"going to see Ant-Man today then will get pasta, I'm doing all my birthday stuff today because I have band camp tomorrow and that's all day",positive,1
2224,639787782458634240,Kpop ignites the capital with its 2nd biggest concert in India: Kumkum Chourasia New Delhi: Delhizens witness ... http://t.co/2MaF54cPjw,positive,1
6921,629863845297717248,@RajivMakhni #motog The ever evolving Moto G 3rd gen firmly stands out as a beauty with the brain for gennext. Let's swim with it awhile.,positive,1
5742,631866069108416512,I'm excited to see Sam Smith on Saturday with loml @Kels_Cee,positive,1
737,623572030663852032,Sharknado3 tomorrow night! The original Sharknado is on tonight at 9:00 in case you've been living under a rock. Only on Syfy #BestMovieEver,positive,1
6224,640553549886287873,Just watched this for the 10th time...Foo Fighters invitation from 1000 people playing 'Learn to Fly'  https://t.co/EqgUxY7iqi via @YouTube,positive,1
6356,637461505500278784,My excitement to see Kenny Chesney and Jason Aldean tomorrow is through the roof,positive,1
134,629453328309714944,"@haysnyder1212 don't worry bro, I'm going to get coffee alone tomorrow. Dunkin hotties may be there",positive,1
6092,632205270551126017,David Price is pitching today for the Jays. I feel a 12th win in a row coming tonight,positive,1
4665,630697636937334788,Frank Gifford and Al Michaels are the voices I hear when I think about Monday night football @MikeAndMike,positive,1
5974,624023164167843840,Come celebrate National Hot Dog Day tomorrow with us at #spsmarket and get a $1.00 off any of our hot dogs all... http://t.co/gCKysLp6gR,positive,1
6717,673233758934331392,"Strider comes from the Norse gods. https://t.co/HhqUxiEB4T Thor was his friend, so was Hermes.  He is a Sun King of old.  MANLY. HANDSOME.",positive,1
4611,678435526676885504,Niceday in H-town to watch the sunset &amp; enjoy some music at @dayfornightfest Day 1 complete! We're coming for you tomorrow Kendrick Lamar!,positive,1
6202,630426352244666368,"The pool is cool, the sun is hot, the breeze is soft. I have attained Nirvana. #thespiritualstate #nottheband http://t.co/052JGiqWVK",positive,1
2169,630600012850794496,"It's very impressive that Frank Gifford, who died Sunday at 84, remains the leading touchdown scorer in the history of the New York @Giants.",positive,1
388,661754438521065472,Thor's going to make Herrera pay tomorrow night. Mets have the enforcer on the mound https://t.co/qzXkM2hiXn,positive,1
3916,679291428141420545,Fab day of photography in Oxfordshire today. Planning the twilight shot for later. There again tomorrow,positive,1
1880,678111828858167297,"Kim Kardashian Is A Big Star Wars Nerd?: Even Kim Kardashian is getting into the Star Wars spirit. On Friday, ... https://t.co/y3pwer2wB8",positive,1
6429,632263214768746496,"On Monday my next blog post ""Smells like team spirit"" will go live. Will it reach Nirvana? :)",positive,1
918,641427005439897600,"What I wouldn't give to see the Zac Brown Band, at Wrigley, Friday night, September 11th, as they sing Chicken Fried. #MayFreedomForeverFly",positive,1
6510,622970748374642688,"@SportsCenter Hands down the Irish amateur, Paul Dunne, thrilled the world.  More to come tomorrow!!! #SC3stars   https://t.co/kTYNkltfl6",positive,1
179,637808949907972097,Everyone please sacrifice your dogs to satan so Justin and Shawn meet tomorrow at the vmas,negative,0
6255,633603985992126464,Short drive to work this morning with Bad Blood--Raspberry Beret--Out of Style as my soundtrack.  Tuesday gonna be a good day.,positive,1
4590,641063502933815296,"I'm seeing Ed Sheeran tomorrow for the first time in like 2 years, I'm going to fucking explode from happiness BYE",positive,1
6911,628292668729237504,Wow. If the UFC follows through with Co headliners of Mcgregor vs Aldo and the next Rousey fight both on Dec 5th... Im buying that fight!!!,positive,1
1908,638926580887236609,@ToastyGerm66423 I'm naming my cat champ So Sunday when I look for him I won't be able to see the wWE SUUUUUUUUUUUPPER slam champ JOHN CENA,positive,1
3123,633024975297974272,I need to get up early tomorrow and finally see Ant-Man.  My local cinema only has one showing and it is just after 12pm.,positive,1
2148,638123851742736384,Dunkin is the most important one so go there first  https://t.co/M9ag4L8utq,positive,1
4810,621371215958159360,"Whatever thoughts and feelings Watchman is giving you, come along on July 29th to chat all things Mockingbird! It'll be a lively discussion!",positive,1
3984,629325594950549506,In other news I saw Ant-Man! It may have a few flaws but I absolutely loved it! So funny and the character is brilliant,positive,1
1476,628900490038935552,Sat for 3 hours in a restaurant to watch Rousey for 34 sec. &amp; I would do it again!!! #Rousey #BestFight @MikeAndMike @Espngreeny,positive,1
277,640272112247287808,"Picked up a PS4 controller for PC gaming, very pleased. Day and night difference compared to the cheap 3rd party gamepad I've been using.",positive,1
4399,641125417282199552,Caitlyn Jenner on Ellen: I've got my 8th grandchild ready in the Oven. I automatically thought of The Visit. LOL,positive,1
1159,674770207458496512,Congratulations to @FutbolAndrew confirmed 2nd toughest ultra on this platform behind myself. Up the IRA,positive,1
3284,633109993668145152,I'm going to see Paper Towns tomorrow finally! AYYEE,positive,1
2163,635271652167798785,"Watching the movie #Friday, realized Smokey was the first one to be #catfished in a movie LMAO! Girl said she looked like Janet Jackson  0_o",positive,1
2546,638849835936952320,john cena may be the best rapper out there honestly i feel like crying when his voice soothingly covers my ears,positive,1
6994,637677000401010689,Gucci down to the socks like I'm Biggie Poppa. Babbbyyyy!  https://t.co/mz4PQrLxWo,positive,1
6490,639232924550692864,"@CelebsAllNews hello, can you help me out with Ed Sheeran info for Sep 5th ?",positive,1
5312,624478461675986944,When I get to my mom's house on Sunday I'm going to force her to listen to Calibraska just for Jack and Jack's sake,positive,1
3008,681007105180971008,gonna go see Justin bieber with dylan in March on my birthday!!!!,positive,1
264,630606002199461888,Sending my prayers to the family of Frank Gifford. May the strength of God comfort you during this difficult time.,positive,1
3933,661582599484239872,@GodInGreen Thor just layed on the couch even he heard him. He sat up and juat ate by himself.. on the balcony..right around him no rain,positive,1
2577,678046848293171201,"I may not be a lot of things, but I can write songs and I can sing.  Lady Gaga just showed the world that she fucking owns herself. Yes.",positive,1
460,669693834826088448,"Whoever The U hires as HC, Curtis at least deserves a coordinator look. Recruited SoFla well when he was there. https://t.co/iWMP0f6lF2",positive,1
416,640613196689182728,Carly Fiorina enjoys hearing what you have to say and then bushes up for hrs on history to make herself look good  https://t.co/tcLBng1J7N,positive,1
4505,629468185780178944,We'll see you this Saturday for Hollywood U2! U2 cover band playing at Sagebrush with NO COVER! Get here early!... http://t.co/cLlBI2VZx2,positive,1
1970,640898850161586176,"@david_garrett  Thank a lot to you,  David,  for the magic music night in Milan on 2nd last!!!  We wait for you back  (with orchestra)",positive,1
1070,635952423920627712,"The push for October begins and the captain is back to lead the way. Welcome back, David Wright #Mets",positive,1
1989,670804003328929792,"From my 2nd family, Katherine M., a student in NYC, got an internship with Amy Schumer...now that's cool.",positive,1
6367,640840752977833984,"Excellent gig Friday, Pantera &amp; Iron Maiden tribute bands. Those are the times you wished you hair to head bang : ) #heavymetal",positive,1
4604,636634966672179200,@TheBull1017 please play toes by the Zac Brown Band in honor of my vacation that starts next Tuesday!,positive,1
4521,623891371611529216,"Happy 2nd #birthday to Prince George of Cambridge, as he celebrates his cherished day in #style. #Royal #Fashion http://t.co/gvEskE0XmI",positive,1
2983,678795104153300995,Kim Kardashian launches Kimojis including image of her bum: It may just be the ideal last-minute... https://t.co/tIvoOk84DQ Daily Mail UK,positive,1
954,629301071509221376,@RonHoonFox10 Agree Ron ..... John Kasich will get the chat after its all said and Done ! Carly Ferino will get the chat frm the 1st debate,positive,1
4544,639296241755648002,"@JohnCena yo wanna visit Canada in March? Our school is doing a cancer fundraiser and our teams theme is you, John Cena",positive,1
4849,627073019777839104,It's Friday! Finally seeing Paper Towns tonight! It's going to be a good day! #wallofcow,positive,1
1164,637141917000671233,"When Ostrovsky, 33, finally addressed the charges dismissed, Kane did claim one victory Monday, a Pacific Standard partner site.",positive,1
6938,627299590438387713,Is there anyone out there that wants to go with me to the Kenny Chesney Jason Aldean concert tomorrow for free!?!?!?,positive,1
6324,635517084093419520,FYF Fest: Kanye West saves the day after Frank Ocean cancels: Kanye West was just a few songs into his headlining set at Saturday's o...,positive,1
4572,623204523650248704,Asad Umar &amp; Zubair Umar on 11th hour with Waseem Badami for a candid Eid interview. Interesting!,positive,1
6283,681415815615377408,"Justin Bieber, wrapped up a generous qualifications, which could speak to the better than she may endeavour at first private",positive,1
1317,673147022401216513,Happy Saturday!!!!  Bee Gees with How Deep Is Your Love https://t.co/bZQwzrVdRP,positive,1
1573,630482805747793920,This was my Monday Nights as a child and I just heard the news #RIP Frank Gifford https://t.co/dmQfJ27k2G,positive,1
6786,626562953538613249,I just saw Paper Towns today and I kinda wanna go see it again tomorrow,positive,1
3667,639192082159026176,Stuff A Bus starts tomorrow at Shawn's No Frills We have some great draws for you to enter when you visit! http://t.co/LdQqKO4NmQ,positive,1
3,639928877351997440,"Only one listen so far, but thought the 1st new Iron Maiden disc was excellent, while the jury is still out on the 2nd.",positive,1
201,633873327401013248,"#Brewers Ryan Braun went 2-for-5, left on base four times and hit his 23rd double of the season. #MLB",positive,1
5178,640622553837338625,@LewisKing__ @LouisWhyman @DCBlueStar I'm saying Murray was good but it great. Randle and dmc are just as good if it better. CM is 4th RB,positive,1
4552,672449867973656576,Thursday: Thor's day. Bring me your bolts your breezes your squalls your everything. We can handle it. xx,positive,1
4131,639087725090488321,#TrumpOnCNN  Please add Carly Fiorina to the primary debate Sept 16th. Please start interviewing her on CNN she deserves more time on CNN,positive,1
791,681645716889014272,May God bless the people of Israel and keep them safe. https://t.co/ZvC7gHbuXR,positive,1
7097,625582788616425472,Best part of Ant-Man is how Hank Pym's treasured photo of his wife covers up her actual face with a large sun hat.,positive,1
61,678285665621020672,@EloquentSpur @LongLivTheGreat i just got back from a trip to saudi arabia. Enjoyed a great catholic mass there last sunday.,positive,1
5409,660271619202527232,"Grandy showing some real nixe range our there in RF, saving a 2-out double to end the top 5th. 12 straight retired by Thor. #NYMvsKC",positive,1
1538,631141359785676801,#usatoday First-place Mets may get their best hitter back: David Wright went 1-for-3 with ... http://t.co/6bDmlBN0b6 #sports #sportsnews,positive,1
1513,677341031273275392,"Me with a bow . Getting shipped to my boyfriends house in Milan , Paris strip club then back to his house https://t.co/qHVtRO08FT",positive,1
1088,622586401570320384,Tomorrow is National Ice Cream Day. Do what you will with this knowledge. I'm probs gonna eat some ice cream.,positive,1
4398,679694371218800640,@footballitalia suddenly remember he is ex Milan player.. and also his 1st goal for Milan when he was just &lt;1 minutes on the field...,positive,1
4952,637675246154317824,@AJBrooks @SkippingDiva good we too love you back came Monday  night raw soon fan 1 John cena boy friend along  miss love,positive,1
302,641375129528856576,Kane is going to a jobs fair tomorrow and I just read the first CV he's ever written.  It's awesome!   Is give him a job :-),positive,1
5175,633434707896762368,My Monday went pretty well and I am 100% convinced it's bc my Dunkin cashier gave me a large when I ordered a medium,positive,1
516,624247020186812416,"@JackJackJohnson @jackgilinsky Omg! I can't wait Calibraska is coming out tomorrow. I can't wait, to get it.",positive,1
5315,633849120378195968,Definitely going to have to take a trip to Dunkin on Saturday before the early ass scrimmage,positive,1
4075,632065281158856704,@RayvonOwen I thought your mash-up of Katy Perry &amp; Frank Ocean was BRILLIANT. That may have been my favorite song of the night! #YouKilledIt,positive,1
4714,634025368307961857,"@HVatsal Two good options, Xiaomi Mi4 and Moto G 3rd Gen, if you want dual-SIM, expandable storage, 4G, Moto G would be the way to go.",positive,1
5251,666197359777308672,Criticizing her lack of preparedness isn't wrong. Ira's post didn't say it was.  @feministph https://t.co/8fwAdjh8Tm,negative,0
805,641344062142832640,#Halifax #Students are you ready for some FREE HOT YOGA? Sept 13 - 19 enjoy one free week of sweet sweaty goodness. http://t.co/I95ehmUKUy,positive,1
2826,676641459441901568,"#TDIM ""George Fest: A Night to Celebrate the Music of George Harrison"" Coming to CD on February 26 https://t.co/ZyYQKrS0C2 cc @fzwaan",positive,1
6593,640373619856658432,"Wide awake on a Sunday morning, listening to Ed Sheeran on the radio, such a good start...",positive,1
2207,623045189549051904,"Dustin Johnson was in the final group Sunday, shot 75, and today he and Jim Furyk are paired 12 games before the final group @TheOpen.",positive,1
948,636367049569226752,@littlestkinglou may I have a dm with Niall?:)),positive,1
711,626775555124281345,But I'm even more stoked about seeing Gary Clark Jr and Paul McCartney tomorrow,positive,1
5942,663063503851360256,"Study David Bowie, James Bowen and 2Pac Watch the sun set with best friends from a rooftop",positive,1
5112,634923392253173760,"@JacksonsRadio Happy Friday yall.....can u play ""feel it boy"" by Janet Jackson ft Beenie man &amp; then nthin (compares to you) by the Jacksons.",positive,1
5642,629773215036895232,I plan to see the Fantastic 4 movie Tuesday. I went to see Age of Ultron and Ant-Man the Thursday night before.,positive,1
3222,630108505148534785,@JimWebbUSA   - Carly Fiorina really came off very well in her 2nd tier Rep debate. Jim you need an opportunity to the same with the Dems,positive,1
2582,638900223021064197,Very exciting. Love David Price and he is going to love CRazy Corn. Go Jays Go!!! https://t.co/YnT5VpLr9I,positive,1
3038,678725660580388864,I may or may not have created an army of mini Phil Coulsons who are infatuated with Chris Evans and hate Hydra. Merry Christmas @clarkgregg,positive,1
4850,641384872787861504,Floyd Mayweather fights Andre Burto this Saturday. All I gotta say is where all the hype at????? Lol,positive,1
2643,637896579249147904,Nicki needs to take a pic with Fifth Harmony tomorrow.,positive,1
4128,632189113727385600,"Rolling Stone crowns Bob Dylan the best songwriter of all time, Paul McCartney second, John Lennon 3rd http://t.co/sh0P3XLddR @davidlinton",positive,1
5423,636664932067512320,"Elvis's .455 (15-33) career batting average versus David Price ranks 2nd best among 43 pitchers against which he has had 20+ PA (C.C., .481)",positive,1
463,672586015727468545,i miss you like the moon misses the sun at twilight,positive,1
7105,636015590298255360,"@takerman15 I never once thought, it would be Kane until the last hr. people starting it may be Kane.",positive,1
2555,633436363174490112,Sheamus is going to win on Sunday since he was pinned by Randy Orton more than once since Battleground.,positive,1
884,626018805169283072,BBTN: Kris Bryant hit his 1st career walk-off HR for the @Cubs last night and he seemed to enjoy it. pic.twitt... http://t.co/knpVqg604i,positive,1
4587,640858015504203776,Rise and shine! Start your week with yoga at @SkyGalleryNYC every Monday at 9am,positive,1
6579,623883641278607360,In honor of Prince George's 2nd birthday. Who wore it better? https://t.co/P7ZR8LyDqc,positive,1
6582,626940455809323012,"But really someone come with me tomorrow night to see ""Paper Towns""",positive,1
5596,622836181210898432,"Hey, freeloaders? It's National Ice Cream Day. Chow down and worry about your hips tomorrow, Monday. Or the 1st... http://t.co/GNrJwaHcFr",positive,1
1570,637094608158199808,"MGSV pre-purchased on Ps4, for those of you also getting ti on Ps4. Looking forward to MGO in October. Purchased GZ as well for FRI/MON",positive,1
1925,670909623281385473,When is Top Gear back on the BBC? New presenter Chris Evans reveals date of show's return: BBC Radio 2 and TFI Friday host discloses ...,positive,1
4992,622130037286916096,Here's a list of every place you can get free ice cream for National Ice Cream Day this Sunday! http://t.co/0x3OSeqZnR,positive,1
1739,627219982540242944,"Finally going to see ANT-MAN tonight, then off to see ROGUE NATION either tomorrow or Sunday. Looking forward to both.",positive,1
6477,620173983179231232,"At last, evidence that George Osborne's drive to make work more attractive that benefits is working. #makeworkpay https://t.co/M8Nrr4DSX3",positive,1
4106,630148310515482625,I may not be a huge U2 fan but Bono's mullet in the 80s was superb!,positive,1
2076,639503993824219136,Tune in for gay stuff on @GayAgendaRadio on @FabRadioInt tonight. I will probably say 'Bye Felicia' for my 1st time ever. #KimDavis #byeeeee,positive,1
4867,623100786738790400,It's a 3rd day of Eid. We are blessed with nice weather and owsum feeling of freshness. Alhamdulillah,positive,1
2843,640316348422340608,It's been a good day.  A busy day. But a good one.  New glasses prescription. Ordering new frames Tuesday. Did some drawing.  NOW YOGA!!!,positive,1
5179,674253710202183680,"@Itz_ray_ray @HipHopParallel @blackb0ifly couldnt have said it better, Kendrick is the best, but Cole is Definetely 2nd and deserves more...",positive,1
1552,632758175238746113,Unpopular opinion but I don't get the hate for U2 or NickelBack? They may not be the greatest ever but I like both.,positive,1
458,622445669752655872,I hung out with Paul McCartney last night!!! It may or may not have been while I was sleeping and dreaming about it.,positive,1
3890,630813234640068613,The String Quartet Tribute To Nirvana -  Smells Like Teen Spirit | I'll play this all day on the 31st...just because http://t.co/TAMekQ8t0R,positive,1
118,630486663286927360,"Always enjoyed it when Frank Gifford was on Monday Night Football, especially when he was teamed with Al Michaels and Dan Dierdorf.",positive,1
5699,631916630415544320,"Dustin Johnson rolls to a Thursday clubhouse lead in a major, of course: Perhaps it's a good thing Dustin John... http://t.co/5wBjjjeb6f",positive,1
1539,622809916126986240,The Leader on the Sunday of the British Open and Paul Dunne is still 20/1. Crazy!,positive,1
2458,620156193026252801,"This is soooo good! Sunday Jam ""@LucyRoseMusic covers Taylor Swift's Bad Blood in the Live Lounge"" https://t.co/aNRI5T5Wdq",positive,1
6868,681182530725359616,Chris Evans says goodbye to TFI Friday as he moves into Top Gear for new motoring show https://t.co/IcOkMD0PeL https://t.co/Uox99VoElk,positive,1
1493,681816181834121217,@maydayparade I'm doing everything I can to be there on 13th February at the Legend Club in Milan 'cause you're the best band out there,positive,1
2264,635634210523455488,@Allie_Davison  Team Undertaker right here. Thinking we may see Kane tonight though.,positive,1
531,639516543349620736,"@Joanovarc am heading to see the Foo Fighters on Saturday, but if I'm honest, am more excited to see u lot at #Balstock - don't tell my g/f",positive,1
4748,638780475616665600,Receiving an email from BAM in which Ice Cube and Ingrid Bergman were uttered in the same breath may have just made my day.,positive,1
3317,623038119407955968,"Today isn't the first time George Osborne has written for the Guardian, his early columns make for fun reading. http://t.co/e7O7iSl04H",positive,1
2731,632653322902630401,"Even with the loss of the 5 dudes, I think we'll feel better about Hamels in December when the Dodgers give David Price $200 million.",positive,1
2261,669198121575038976,Okay so Chris Evans and RDJ will be on Jimmy Kimmel tonight and if tomorrow I wake up to a Civil War teaser I will lose all my chill,positive,1
5913,677591049531990016,Family time then I'm going to fire up the stream! Either more SOMA or I may jump on the hype train and give Dark Souls a go! 930pm tonight!,positive,1
1144,641476304798359553,"well it may not be 1:30am, but the Red Sox lost 5-1, my little brother got carsick, and most importantly it's way past my bedtime.",negative,0
6327,639645639681314816,Gay af just remembered I have to work early tomorrow lmao,negative,0
542,674745393855528960,Wow strong 20 hour cast of Dark Souls. The zwei addiction is real! I'll be back at it tomorrow evening probably after another DaS dream lol,positive,1
691,674201392936935424,Rahul Gandhi expresses solidarity with Chennai flood victims: Congress Vice President Rahul Gandhi on Tuesday ... https://t.co/Dk3MU44xKs,positive,1
847,626269251226087426,"@CMShehbaz happy Eid greetings to you too, May Allah bless you",positive,1
6963,665199343197151232,Listening to David Bowie's #Fashion to get in the mood for @TPOYes  Can't wait for Sat night https://t.co/TFyqQnDJ7x,positive,1
2053,624194423761584128,@GloriaChapa1 Sorry about the Sharknado 3 tweet. Forgot you must wait until Sat. to see it. Won't say any more but think you'll enjoy it.,positive,1
512,670917637338173440,Foo Fighters and The Vamps on the same list?!! thats why i love New Music Friday playlist on Spotify @TheVampsBrad https://t.co/8QaKkJl1pQ,positive,1
4829,621728532629221376,This Sunday is National Ice Cream Day! Celebrate it by making some delicious homemade... http://t.co/klTNbWWI4F http://t.co/6gyr8kEeDM,positive,1
4411,623943392523911168,"Happy 2nd birthday, Prince George! How much does the little royal look like his dad?! http://t.co/VBWdHJ0dx0 http://t.co/BJI6XUJILn",positive,1
764,632771544222052352,"I would love instead of the Miss USA pageant, we would have like a Miss SAT pageant",positive,1
6748,630240459319844864,@1D5_69 @_infinitehoran_ I've been a fan for 4 years now. KPOP is kinda different from what you may be used to. T-ARA is my FAVE group!,positive,1
6162,627114097545383936,Loving Friday with Jason Aldean on Today! #JasonAldeanTODAY,positive,1
60,677312211686035456,You kinda look the same Kendrick look a little different lol  https://t.co/D6kwHIL4iq,positive,1
6031,640798016018845696,Gucci raft shadow coolness august enlarge the couplet yours singleton on good terms hookup into graduate inhab...,positive,1
1748,672045189452726273,For our Wednesday morning we have one from the 60's starting us off..  Bee Gees with Kitty Can https://t.co/FMxreHFecn,positive,1
6480,625870269098254336,"DTN Pakistan: Eid frenzy finally over: Islamabad Though the official Eid holidays were over on last Wednesday,... http://t.co/t0f4s32qGN",positive,1
959,622831751883304960,.@NoLayingUp Paul Dunne should rock shorts tomorrow because as an amateur he can. #TourSauce,positive,1
1276,624185423749849089,@YesItsColin  Always a good time with Sharknado and Twitter. Plays again Saturday at 7,positive,1
3774,633053651834118144,Look for Carly Fiorina to take Donald Trump on - she may win - we shall see.,positive,1
2584,639677138598146050,"#SmartNCAA: It's another 'Yes para sa tres' for the ""Ant-man"" Mark Cruz! Letran stil on top, 72-53 with 1:53 remaining in the 4th!",positive,1
3310,633402417925648384,Can't wait to see what's going to happen between The Undertaker and Brock Lesnar on tonight's @WWE #RAW before #SummerSlam this Sunday,positive,1
2405,638220042761580544,Kanye West may be one of the most influential celebrities of all time man,positive,1
6462,661665633659191301,Tuesday is the best day of the week.  #Briana's Deli San Pedro #Belize #PigtailTuesdays @ Briana's Deli https://t.co/aAdkaMtQEy,positive,1
2299,629368619919650816,How I'm looking at life rn: Big Brother is on tonight and Sunday  Bachelor in Paradise is on Saturday and Sunday.   #AllILiveFor,positive,1
5216,675779449560764416,"Haha I love this post from Lady Gaga. She may be a huge megastar, but shes just like the rest of us! #MTVStars https://t.co/0dyLJRpSMx",positive,1
5317,668851142470840320,"@ClarkeMicah What did you say to Tony Blair to make him tell you to sit down and stop being bad, may I ask? Found it funny, is all.",positive,1
103,638043929988964352,"Niall is so beautiful his blue eyes, his smile he shines like a star or a sun he makes my day he's just so unconventionally beautiful.",positive,1
6977,676389683677523968,"is Kendrick Lamar on course to be the 1st artist to top p4k's ""song of the year"" ""music vid of the year"" and ""album of the year""? good if so",positive,1
4284,635153350254837760,Chuck Norris is the only jan to ever defeat a brick wall in a game of tennis.,positive,1
5343,635533953026400257,Getting @WWE pay-per-view tonight for 1st time in long time. @SummerSlam will be cool.The Undertaker vs Brock Lesnar! http://t.co/4gdLqHmcbt,positive,1
5610,678052699179364352,"Today is Star Wars day, may the force be with us..",positive,1
3659,628295288944463872,"Wow. New Jay pitcher David Price comes as advertised. 8 innings, 11 strikeouts, 1st win as a Blue Jay! Bring it!",positive,1
1525,638856475767635968,"#REVIEW #Phillies @ #Mets B2-1o: Phillies challenged (play at 1st), call on the field was #overturned: David Wright grounds out,... [1/2]",positive,1
3906,674677996310036480,We get a 2nd Christmas in February with Kendrick and Coles collab album,positive,1
1642,628241574699397121,Final shows for Pixels &amp; Ant-Man are Thursday! Opening Wednesday: Shaun the Sheep &amp; Thursday: Fantastic Four!,positive,1
5020,640434657771827200,@foofighters Two tickets to see Foo Fighters at Bowl tonight (Sunday). Face value. Leighton Buzzard or Milton Keynes area. Any interest?,positive,1
1603,630559375392903168,My plan for tomorrow's surprise day off is to finally see Ant-Man.,positive,1
6980,664539129577734145,"For those reminding today is Thor's day, you've all won a prize! You may collect your commemorative hammer at Ragnarok.",positive,1
3528,681182176373813250,I will cry til oct/nov if I get to see Justin bieber in a private box at the o2,positive,1
1960,675725053829505026,"@SoccerManager #Wrong He played only 2 seasons at Chelsea, was injured most of the time &amp; in 3rd season he was on loan at Milan. #BadLuck",negative,0
3288,632984135204601856,Watching Dustin Johnson on Saturday and Sunday is amazing. The guy just can't do it. Ever,positive,1
6248,622075910095814656,Your Pie Greenville is celebrating National Ice Cream Day this Sunday by offering free gelato! Make sure you stop... http://t.co/0lgu9l8AA7,positive,1
1218,638885072570085376,"I may not watch as much baseball as I did when I was younger, but there's nothing like the Yankees beating the Red Sox. #Classic",positive,1
5311,666740641049788416,Aj already seems to be cracking and all he did was go with my dad to pick them up from the airport ; Briana and I may win this bet LOL,positive,1
4488,640988223792119808,#crosbynet Yoga every Saturday at Beach Lawn Garden 10-11am. Going to carry on outdoors every weekend until defeated by the weather! :),positive,1
6055,680830381227159552,Youngest into 5th hour of Justin Bieber on her new karaoke machine so now's the perfect time to get me to confess to pretty much any crime.,positive,1
4426,629513879383617536,Moto G 2nd Gen 16 GB (Black / White) at Rs.8099 - Motorola in association Flipkart is back again with a bang where... http://t.co/6hDQjE6SjT,positive,1
4520,634923847024701440,@asap_biscuitt 3rd and most important would be to free Gucci and make him head of state,positive,1
6271,635114191247044608,"I'm going to see Paper Towns. Saturday, 22 August 2015 at 17:40 in Leigh #Cineworld",positive,1
6872,627536879362179072,"Was going to wait and start ""Go Set a Watchman"" on the plane tomorrow, but I don't think I can wait that long.",positive,1
6057,641124581109927938,Hot yoga was intense tonight. Hope I can handle the power vinyasa class on Friday. Eeek,positive,1
5326,666714199171670016,Then the Bee Gees came on...and I had to #Tuesday #TuesdayTestimony https://t.co/oKBGuXKEpN,positive,1
2238,638729101566722048,Had a blast @ the Red Sox game last Fri! Share your pics on our FB page! http://t.co/lWh9D9bPwn,positive,1
2931,641401301318897665,"Nice 'W' tonight with @bigbuckbrock shooting 38, Milan 44, @FerrellWade 45, Chet 48 against FM. Be ready tomorrow as we take on the Buccs",positive,1
967,632827695898869760,One thing though: when they show Ice Cube wiring the script for FRIDAY... that was inspiring as hell. A lot more tomorrow.,positive,1
2201,674615090105073664,28 January 2016 - Workshop in Milan - Digital Transformation the door to success! https://t.co/BbdJq3KJRv,positive,1
5672,631626078939844608,@Beth_Annie315 maybe if it was our musical but ehh Sam Smith is so much more amazing c'mon Bethany,positive,1
3445,640719769172205568,"Christians - I have a mission for you: If you haven't see the movie War Room, see it tomorrow. http://t.co/6FE4GwVS3n It's very, very good.",positive,1
1134,636574559769001984,My favorite part of Straight Outta Compton was when Ice Cube said Friday was going to be funny.,positive,1
6102,639614282427146240,"Balotelli in his 2nd Milan debut:a goal in 3 minutes, assisted the 2nd, and won a penalty. Final score:3-2 http://t.co/EAVnQg8LXO",positive,1
10,638457017695211520,"Been enjoying playing Command and Conquer for it's 20th birthday.  Love the Commando, Love the Rockin' music and Kane, what's not to love!",positive,1
5536,677323658856169472,"Really banking on the hopes everyone knows it's Star Wars day tomorrow, cause anyone who doesn't and sees me is gonna be freaked TF out",positive,1
3782,625870587324428288,"My cousin snapchatted me ""Ant-man tomorrow. You good?"" And these are the reasons we get along so well.",positive,1
1482,633813451345948673,@CMPuLs3 He's going to beat Seth Rollins THIS SUNDAY NIGHT AT WWE SUUUPPPEEERRSLAMMM!!!,positive,1
3379,627612158927470593,"Spent the last hour listening to Van Halen, can't believe I've not listened before! Tomorrow it will be Iron Maiden. Holiday tunes sorted.",positive,1
1024,636402427617517568,Happy birthday to my dude @SamShoe1! Jason Aldean bout to be live come the 5th,positive,1
2180,627565426478874624,A happy fun loving Saturday 2 the wonderful @TaraReid true CHAMPION of Sharknado films an always shows the love 2 everyone across the world,positive,1
2658,676311647389003776,at https://t.co/m3Fi9nZ3OC you'll see they're also doing a David Bowie night at Los Globos January 23. My band is called Gene G. Nee. JOIN!,positive,1
1162,636941670542626816,The weeknd rips off a mask and it's really Frank Ocean and FRANK OCEAN'S ALBUM DROPS TOMORROW,positive,1
6307,630599435102191617,Always remember Frank Gifford doing Monday Night Football man you're going to be missed rip,positive,1
2481,630259594904870913,"i haven't watched Naruto since I was like 9, but tomorrow is the day I start watching it again.",positive,1
3037,622798222524837888,"July 19th is National Ice Cream Day, are you going to celebrate with your favorite flavor? #therealhungergames #yummy http://t.co/HYuoOA7Uw9",positive,1
6736,639101544097382400,"@PeteSchaad @footysoldiers and he was 4th top scorer in Prem last yr after Kun, Kane and Costa honestly surprised no one signed him #vhappy!",positive,1
7038,676956035660300288,Sat here at nearly 3am with David Bowie on repeat. All I need now is food.,positive,1
6658,622867635483602944,@MolloyJoe This Paul Dunne story is Unbelievable but I hope this Legend does it Tomorrow! #helookslikemaryrobinson http://t.co/O0t8yvXJSV,positive,1
1809,635538803575361537,@xrvmz john cena was the love of my life ok I watched wrestling when I was in like 3rd grade,positive,1
2210,641390386628427776,I get to see Ed Sheeran on Thursday. And Stephan is going with me. My excitement levels are through the roof. :D,positive,1
6809,633259288358715392,"It's #WWE #SummerSlam on Sunday! We make Brock Lesnar 13/8 to take out the Undertaker, who is 4/9. Full odds here: http://t.co/D7CGEK0MWd",positive,1
719,637131935949520900,@Sexxandbottles @Peaches_HQ damn this is like the 12th post. Either Gucci got slapped or he didn't.,negative,0
3294,630289133861212160,It warms my heart when I see Muslims on here wishing Christians a blessed Sunday.   And when Christians do the same on Friday Muslim prayers,positive,1
4723,675123859893395456,Nu op Radio Zaanstad Bee Gees - Will you still love me tomorrow 1,positive,1
6882,621980265880096769,Friday tunes!!!! Best band in the world is Iron Maiden =P  #PS4share http://t.co/vbgaEAhi5o,positive,1
1160,672154312458375168,@ThorSmite_ @smite_sol Just relax Thor the area is so nice and quiet. I may meditate for a bit.,positive,1
6680,677520240977276928,STAR WARS DAY! May the Force be with anyone resisting the urge to spoiler.,positive,1
1625,640610352573583365,"Also the band at the pub is making an OK-ish job out of the Foo Fighters so my Sunday night has been wrapped up in a weird, sweet kinda way.",positive,1
5845,625902229619249152,"1st day training Taylor Swift for her MV ""Bad Blood"". She was a sweetheart and picked up quick! http://t.co/oTSKXhY4pp",positive,1
558,635618868384399361,myB get able for a crimson debut with their 2nd symbol teaser! | Oh! Kpop stars celebrity news... http://t.co/TbO8dCQShE,positive,1
107,679987365243400193,"Not that I normally retweet Justin Bieber, but this time I thought it may be worth it. Merry Christmas everyone. https://t.co/Pmar8QUYRa",positive,1
2400,641477001828667392,"I may regret this later in the season, but I'm so happy for David Wright.",positive,1
4629,633983507698724868,#EDsummit15 is an opportunity for candidates like Carly Fiorina to flesh out education platforms for the 1st time: http://t.co/8pZepejiW6,positive,1
3834,640489160076316672,"Sunday Oliseh never see anything as coach of Super Eagles, just having a goaless draw against common Tanzania. #AFCON_2017_qualifier",negative,0
638,636570349732253696,"Hey guys! We'll be closed tomorrow (27th). D'Wan has been blessed with a ticket to the Foo Fighters concert, so... http://t.co/6u4NSzOCXT",positive,1
866,623147645758869504,Check out the post How celebs celebrated Eid on Saturday! on http://t.co/zsQZeBBTsL  http://t.co/NLPumVfL01 via @itimestweets,positive,1
4722,625682322671706113,"needed something to read on the 4 hour plane ride on Friday so I bought Paper Towns by John Green and I really like it so far, it's funny!!",positive,1
3989,630528684886216704,Carly Fiorina  on Fox News Sunday picks up where she left off Thursday .Still focused.,positive,1
647,630450574283018240,"John Kasich may not subscribe to my political views, or me his, but he very much handles himself with grace and compassion. #Kudos",positive,1
4234,641104124369616897,"a month ago I saw 1D, today I see Ed Sheeran, in one month I see twenty one pilots. the 8th is such a good day",positive,1
6018,639771908116885504,My 4th time playing Thinking Out Loud by Ed Sheeran. I love this song so much it's one of my wedding songs,positive,1
1217,676507534459576320,"@jwilds41 &amp; what if by g eazy, and  black Friday by Kendrick, and dark time the weeknd",positive,1
2876,638397945809907712,I can't wait for the concert of #r5  Sete you @officialR5 in Milan on 20 September!I love you @rossR5 @rikerR5 @rydelR5 @rockyR5 @ratliffR5,positive,1
129,677965566607540224,It's the holidays and I'm going to Milan tomorrow so cheers guys https://t.co/vY94eNvALi,positive,1
1823,679782375841083392,If you're at the mall and wanna sing Justin bieber songs with me come to pac sun,positive,1
4562,634157858154610688,"@SDuncovered My bag got checked at the Edwards Mira Mesa this past Saturday. I was going to see ""Paper Towns."" :p",positive,1
106,637272522581508096,The weeknd released the new album and Ed Sheeran is on it. Happy Friday everyone,positive,1
6816,640724250542874624,"I liked a @YouTube video http://t.co/mjPn11l11g Foo Fighters, Aurora, Live, Milton Keynes Bowl, from the front, Saturday 5th",positive,1
6822,631023583406338048,@123nitin Go with Moto G 3rd Gen its best in this range :),positive,1
3776,641169609605910528,"The name's Smith, Sam Smith. The songsmith's just been confirmed as the #SPECTRE singer, hear his Bond song ""Writing's on the Wall"" Sept 25",positive,1
2377,641127433496739840,"Tickets almost sold out!, see me at the Queen Mary in Long Beaxh next Saturday with Ice Cube,, Ashanti,, T pain,, 2nd to None,, #shutdown",positive,1
924,678218805823348736,"@milansteskal Perfect timing on this, Milan! Got tickets for the new Star Wars movie yet? May the force be with you!",positive,1
3405,680299769172852736,Enjoying a relaxing day today in Milan. We start our shows at Blue Note Jazz Club tomorrow. #Gospel #Concert... https://t.co/UEFqtKZPfB,positive,1
4749,640807808494010368,"it was year 12 character day at school today, so some guy dressed up as john cena. its monday but honESTLY the highlight of my entire week",positive,1
749,630448023840116737,@foxnews sunday #FNS  The debate did greatly change who I was seriously  considering for the nominee. I now love Carly Fiorina.,positive,1
1008,620552365096206336,"Miss USA on Sunday, wearing a hot pink strapless dress as she deftly fielded the interview BEST THINGS IN LIFECOME FREE TO US CUZ WERE OOOH",positive,1
4041,638416015404101632,@aalsi_aadmi @Sab_mile_Hue you must also do some learning in Islam and you may get content to your reason and logic.,positive,1
468,678090990909939712,"Well, Twilight is out of the wash. In her original colours no longer dampened by dirt. Days of sun-drying ahead.",positive,1
7018,678499251056476160,"@Michael5SOS I saw you in Milan, May 9th and it was absolutely incredible",positive,1
1301,622604270563528704,"Tomorrow, July 19, is National Ice Cream Day! Here are some of the specials you'll find around the country:  My... http://t.co/pbhTUK7zrK",positive,1
1919,639836987025924096,@cesarin06 the sun is already shining for me. Tom Brady can play football and that evil Kim Davis is rotting in jail #gooddays,positive,1
624,640262388214837248,"This time tomorrow I'll be watching Foo Fighters with one of my best friends ever, eeeeeeeek",positive,1
4796,641354561924415489,John Kasich may be the only Republican Presidential candidate who I feel like wouldn't completely ruin America if elected.,positive,1
2093,641579029724823552,"After the exciting news of ""U2"" announcing Irish dates in November, here's an interesting little fact, :)  When U2... http://t.co/l6Z8eSVLez",positive,1
5144,681482251461373952,@Forbes and @wef like Israel as a good place to do business. #Israel ranks as the 25th best place. Proud #IoT https://t.co/kA7Gs1Kgkw,positive,1
32,677981140343476224,Can't wait to see Amy Schumer with @_stephaniefrey_ tomorrow!,positive,1
5282,631500255503192064,"Cinematic double bill tonight. 1st up is South-""as subtle as a punch to the face""-paw (@rosstmiller), then MCU's latest expulsion: Ant-Man!",positive,1
1597,625470811521073152,@Simonjenkin #simonika hivemind!   We should watch sharknado tomorrow...it might just blow your mind #sorry #notsorry,positive,1
5560,639569558106447872,"@JohnnyWujek My dream is to meet Katy Perry this October 6 in Chile , I want a meet and greet with it , please help me to fulfill it! please",positive,1
2010,624714524386557952,Had the best idea for a Hulk Hogan photoshop. I really hope nobody else has the same idea by the time I finish work tomorrow.,positive,1
6564,635630065829707776,Last tweet until John cena wins the WWE world heavyweight championship for the 16th time,positive,1
2923,636683100806713344,GUYS... GUYS.... Sunday is the VMAs. I recommend you unfollow me now if you don't want tweets about Katy Perry's awesomeness in your feed.,positive,1
4895,630211168456474626,Excited to see that Boruto: Naruto the Movie is coming out in Malaysia on the 5th of November!,positive,1
4244,675773315785486336,I'm in Love with Mr. MARCH #MTVStars Lady Gaga https://t.co/USgpyBNKbn,positive,1
6892,630501540302876672,Sad Frank Gifford dies today at 84( turn out the lights the partys  over)If you remember that its from Monday... http://t.co/nLOwA1RUed,positive,1
2295,665298386560659457,"Thanks George Bush &amp; Tony Blair, you are both the reason for all this starting in the 1st place!",negative,0
6424,628152054066872320,"We saw Ant-man last Saturday - it was very good. Proves that no matter your size, you are still a super hero! http://t.co/KC5X82KBJq",positive,1
1983,625431077553745920,Heather &amp; Steve: We're WAKING UP YOUR WORKDAY tomorrow with Dunkin' Donuts! Tell us where you'll be between 10a &amp;... http://t.co/KRDigdjNJ7,positive,1
398,635576593264607232,"Kris Bryant is on fire homering twice, finishing with three RBI and four runs scored in Sunday's 9-3 win over the Braves.  #Cubs #MLB",positive,1
5981,661739020754399232,Thor the dog loves Tuesday night D&amp;D. https://t.co/HKHfrWuq76,positive,1
3694,629542499535724544,Love the way Floyd Mayweather only refers to himself in 3rd person,positive,1
6695,629529769030254592,Sulli is my 1st bias the one who brought me into Kpop. I will miss seeing her in F(x) &amp; I will still support her. http://t.co/cr9xUuOTzz,positive,1
3653,680597932114968576,I hope someone blesses me with Justin Bieber tickets before March,positive,1
6512,639675436679630848,One time in the 4th grade my friend brought a CD player to recess and I brought my nirvana cd and we listened to rape me the whole time,positive,1
82,674815968275746816,@ColemanESPN I find that Kendrick Lamar is good to listen to when you're out on a Friday night driving for Uber. 'Sing About Me' is a cut!,positive,1
3850,633923623288471552,I want to rewatch naruto subbed I may soon,positive,1
3282,624163416912068608,"July 23 is National Hot Dog Day, a celebration of the humble wiener. We are proud to celebrate them on this occasion! http://t.co/XPf17TVw27",positive,1
5956,640699589452918785,"March 28 will be the first One Direction's concert without Zayn as member. They'll sing at a sold out stadium, over 90,000 fans!",positive,1
2369,635174819915366400,As much as I love John Cena and respect him as a champion I want Seth Rollins to win tomorrow night!,positive,1
3399,634589500711178240,"I'm going to an Angels game tomorrow, but I'm not a fan. It's a great thing David Price is pitching tho!!!",positive,1
1620,628401950942474240,Great day for baseball. David Price kills it in his debut for the Jays and then the Braves walk off in the 12th.  Love this game!!,positive,1
1011,640193377296875520,70000 tickets sold for the milan derby next Sunday,positive,1
6469,635760227497984000,Finally going to watch Ant-Man tomorrow @Marvel its still getting good ratings #Excited,positive,1
4513,641227050146107392,seeing shawn tomorrow is the only thing that's getting me through the day.,positive,1
5421,637357549902282752,"@maggie162 @tpgMets @MarkHimmelstein I mean, apparently he was the guy who got the Mets hooked on the very cookies David Wright served Tues.",positive,1
4711,629245022068736000,"Paper Towns is out here next Monday, I need someone to go watch it with!",positive,1
3862,637079262713896961,I want some Dunkin tomorrow morning,positive,1
6260,635604683051167745,Taking Johnny to Zac Brown Band on Saturday and Summerslam on Sunday makes me brother of the century. Right?,positive,1
5907,679969292281098240,"I may congratulate you will not hear from town, but feeding and while Justin Bieber, let them pleasing.",positive,1
3576,664760325065969664,"@BrianaBowers why hello and happy Thursday to you Briana, it's been a while, I love your new profile picture btw, gorgeous",positive,1
420,640289334256537600,the only thing brighter than the sun is Niall's smile -my brother just made my day,positive,1
3393,631486323702960129,"oh, hi! just listening to sam smith's ""like i can"" and weeping! happy wednesday!",positive,1
2675,622842030625046528,Class act! Wishing Paul Dunne the very best for tomorrow at The Open http://t.co/48EEtllbgF,positive,1
6403,664524693374951424,@johngibsononfox @GibsonRadio England's Tony Blair is feeling like Bush and Cheney should be where he may be indicted.  They were illegal.,negative,0
2386,640220744711032832,"6-0. Shelvey stakes a claim, Delph impressive too and Kane back in the goals in some style. Sets Tuesday up very nicely. ML #BO66Y #England",positive,1
4816,622592324976009216,Tomorrow is National Ice Cream Day so make sure to get the cream in your mouths,positive,1
6755,679940549214908417,"He is the God of Abraham, Isaac n Jacob - Israel! He's alive... then who is Israel? u may ask?",positive,1
1080,670929458023501824,Carol is the most stunning film (and Cate Blanchett should win everything) - 5 stars from @KermodeMovie says is all: https://t.co/hcA4uyBH9n,positive,1
1615,638804735001272320,"These ratings speak more to Naruto than One Piece. Not bad though, better than it usually did at 1, somehow. https://t.co/n3ahCApNAn",positive,1
3854,625733731949649924,"Tickets to see Ant-Man with @HannaK108 and @TheLostLaurens this Friday! Looking forward to it, heard such mixed reactions to the film",positive,1
2403,675368131263488000,"Kendrick on the 20th, so damn ready",positive,1
6913,622904263665168384,Really torn on the final round tomorrow. I'd love to see Day finally get his major or for Paul Dunne to take it. Still want Spieth though,positive,1
3765,637682536982933504,"PS4 is all packed up with the rest of my gear, moving day tomorrow!",positive,1
4084,671007459713130496,"listen to david bowie! hes my savior. like honestly he will change ur life 4ever. I listened 2 him 1st in 2nd grade, &amp; ive nvr been the same",positive,1
4947,624024650222276608,Sharknado 3 may be the best film I've seen yet. #Sharknado3 #America,positive,1
1867,621149890161307648,K-Rod is just trying to set up Ryan Braun for a walk off grand slam in the 9th. He's all about making his teammates look good. #selfless,positive,1
1210,640863381478617088,Sam Smith blew my mind and pulled on my heartstrings at #ElectricPicnic on Saturday. Best act of the weekend! @samsmithworld you da best!,positive,1
5563,630548979017773056,"@CarlBanksGIII  never seen Frank Gifford play, but grew up watching him on Monday nights , thanks you Mr Gifford  rip",positive,1
4682,623892771078737920,"National Hot Dog Day is tomorrow!  Sonic is doing ""Dollar"" hot dogs....the 6 inch size.....all day tomorrow.  I... http://t.co/VINhiZJ52N",positive,1
70,639027448080920576,Floyd Mayweather is heavy favourite to go 49-0 on the 12th. Bet on the fight here - http://t.co/SI0bSwuAyR #Boxing http://t.co/Scy6xKHFdH,positive,1
6763,679742623087636480,Lady Gaga Is Living All Our Dreams With the Actual Pony She Got for Christmas: We may all joke that we want a ... https://t.co/dMQaQ4KK0I,positive,1
4781,629327230905286656,UGHHH. I love Thursday nights because Big Brother is live and I honestly don't know who will be sent home tonight #BB17,positive,1
3356,633055505557024768,@ajhmate Yes!!!! Lol. I think Andy mentioned her on the July 12th show and Audrey actually mentioned him on Big Brother too lol. Loves him.,positive,1
4492,628380979212742656,David Price is gonna be hellafun every 5th day.,positive,1
6941,623856205379817472,"Only the best were born July 22nd: Oscar de la Renta &amp; me. Ok fine, I guess we can include Prince George too.",positive,1
4518,672019698381430784,When you start listening to Black Friday By Kendrick Lamar more than Tale Of 2 Cities By J. Cole,positive,1
2047,664210192217714688,"We get to keep Curtis, right?  He's going to be a regular?  He's going to be in the Arrow Cave soon? https://t.co/oZZf9QhN05",positive,1
563,624356956325593088,"April is the best part of sharknado! If April dies, Sharknado will jump the shark @TaraReid #AprilLives #Sharknado3 #OhHellNo #AprilLives",positive,1
6468,678309528044048385,I want to go see Kendrick tomorrow,positive,1
5641,634814702682554368,@duresport @JESnowden Yes truly. Oh and Rousey really is a world class Judoka for all the comments about 3rd place. https://t.co/bnVYsWy6f0,positive,1
4673,637172088944599040,"@filiptepper I guess if you run Android, the performance matters quite a lot ;). My wife is really happy with Moto G (3rd gen) perf vs Nexu4",positive,1
6764,641253717178757121,Andrew Luck featured in the latest Rolling Stone and on the cover!  NFL Kickoff is this Thursday!  Colts regular... http://t.co/dpJNhZiixc,positive,1
5155,673012402754031616,"Chapter two of Twilight done, yay :D If I'm really lucky I may get a third done before we hit the road on Wednesday. Fingers crossed!",positive,1
6904,630492702719672320,RIP Frank Gifford. He was the voice Monday Night Football when I was growing up. Great player as well.,positive,1
4605,680796654056935424,"tickets for the concert of JUSTIN BIEBER booked !! @justinbieber dreamed realized OMG !! PORPOSE WORLD TOUR , 20 sep 2015 Paris BELIEBER &lt;3",positive,1
4647,629388320598921216,I'm surprised that was only Harper's 3rd walk of the year after falling behind 0-2. Kris Bryant leads baseball with 10.,positive,1
314,636722431147704320,Fly to the Sky to go back After a Year on September 14 | Oh! Kpop stars celebrity news and gossip! http://t.co/MT1CrFMcPj,positive,1
1971,674687823195316224,God it even looks like the setting of Twilight in the background. https://t.co/LdNiVvpFgo,positive,1
4709,633660493429895168,Brock Lesnar on sportscenter talking about his fight with the Undertaker this Sunday.... What a time to be alive,positive,1
5583,624228243911114752,Come celebrate Eid with us on Saturday at London's free festival in Trafalgar Square! http://t.co/ImHYO0Mwpn #EidLDN http://t.co/v6LDXH2aA1,positive,1
6295,679440410528223234,So I stood up for Kim Kardashian today lol! Someone sd she's a gold digger &amp; I said she may be a lot of things but she makes her own money!,positive,1
2043,663915723236859904,Thanks everyone who came and hung out through the challenge! Tomorrow I'm starting my first full playthrough of Dark Souls!,positive,1
1480,640994413137821697,@5SOS Yepo I came in Milan it was my 1st concert and it was so good you guys did an amazing job! You are flawless live like PERFECT!,positive,1
50,630214208278298624,Carly Fiorina the clear winner of Thursday's undercard debate http://t.co/zMDRPycNGB,positive,1
6012,639456274824867840,"Determined to share the Gospel with many Christians on Sept 30.  This is #GoEverywhere 2015.  On Sept 30, the... http://t.co/b6XAwgOdfR",positive,1
6586,640909210042134528,"George Osborne sat giggling, sums the Torirs up, it's all a game to them #SyrianRefugees",positive,1
637,638155608743616512,Lord @J_Snyde and I killed the floor Friday when Bad Blood came on!,positive,1
4342,623387443799068672,"Sunday On National Ice Cream Day the @HillsboroHops Hops got licked. Today, anniversary of Moon Landing @Ferr_Ozuna launched a walk off HR",positive,1
4378,679886331334529024,My submission for the Dark Souls story contest.  You all may as well quit now i got this in the bag.  https://t.co/spFrFwzwKG,positive,1
5359,679166691318751232,"On December 19th I came over to your house, we put on Twilight and slept together on your couch. slept slept, no sex. it was lovely.",positive,1
1260,679415556068380672,@asianenterprise 1st time I hear a White House shiver over Iran. Looks like they got you by the ----cz you folks sold us out to the enemy.,negative,0
6152,640663671681753090,Saw the Foo Fighters at Milton Keynes. The songs started. It was summer for a day and the sun went down. We walked home on unbroken legs.,positive,1
3063,624859496930758656,"@BBCRadio2 @rocking_bob Bought my 1st ever single at woolies. 99p Iron Maiden, Number of the Beast. Still got it.",positive,1
5704,675368534428491776,@Sallywally94 Kendrick and J.Cole album in Feb!!!!! I beg it's true! Mans bless you? Getting waved I need to get off Twitter asap,positive,1
5400,628703199008952320,ET Review: Motorola Moto G (3rd Gen): We have always recommended the Moto G for budget-conscious users w... http://t.co/xMamzHcmJt #News,positive,1
418,636312215642075136,yay for going to see jason Aldean on the 3rd :-),positive,1
3873,641194662183763968,Check out our new timetable for Round 4 - note the addition of Fit Yoga on Tues (tba) and Fridays!! Healthy Heart... http://t.co/PZIejUkFxt,positive,1
6114,638203305345306624,goodnight have a great night I need to go to bed because I have school on Tuesday and sleep schedule is messed up ok Shawn loves you,positive,1
4274,640416505394364417,September 6th and Bad Blood is still the best song of all time,positive,1
4980,635369989566889984,"Zayn still looks ethereal, the world is still revolving, the sun still shines bright. Nobody cares :) https://t.co/Wdvp0rgUY6",positive,1
94,634330941255778304,"Like rugby,  Iron Maiden and ale? Course you do! We have @IronMaidenBeer at Rodney Parade Beer Festival this weekend! Start Fri @ 3pm!",positive,1
4594,638616078709424128,"Crazy asian Driver with the Need for Speed can't wait November 5 Official E3 Trailer PC, PS4, Xbox One https://t.co/k4Jeir7DP4 via @YouTube",positive,1
6094,674628158675664896,Selling 2 tickets for The Vamps tour London O2 on the 2nd of April Block 108 Face value. Dm for more details!! @SeatSurfer !!,positive,1
5706,627061618304663552,Hey happy Friday!!! Today T&amp;P will be giving away a pair of tickets to the Zac Brown Band's August 7th show at... http://t.co/Pp0A4fQyor,positive,1
115,625235809621295105,"Watched Ant-Man for the 3rd time for free, technically because it's with family. :)))",positive,1
3307,637480203497832448,Is anybody going to the radio station tomorrow to see Shawn? Me and my friend may go but we would like to make new friends/meet there (:,positive,1
5865,628943871448252416,"Review: Motorola Moto G (3rd Gen): Motorola's mid-range masterpiece, the Moto G, is a formidable smartphone th... http://t.co/sF5OkTfctt",positive,1
3583,629509338000797696,Jumma Mubarak to all Muslims. May Allah bless you all. http://t.co/YIoV1bRGIw,positive,1
5859,674932964216602624,I laughed at the end of Kendrick's black friday,positive,1
2019,681017140988653568,"@justinbieber Justin just so You know, i may have been freaken the past few days, it's just that time of year for me, I'm OK! Justin Bieber",positive,1
6006,622837513657417733,Anyone else just realize it's National Ice Cream Day and wanna join me in starting our diets tomorrow?,positive,1
3894,635999265651712000,Free by Zac Brown Band is like the 2nd national anthem.,positive,1
502,635343622003683328,As if another reason was needed to love the Foo Fighters...not the 1st time they've made their stance known in KC. http://t.co/uZQME9MgAR,positive,1
4855,621679290728345601,Singing Rising Sun out loud has got to be one of the most exhilirating and stress relieving things known to KPop fans haha  RISIIIIINGGGGGGG,positive,1
874,632998652013883392,"For those who are so excited about Paper Towns tomorrow   HA BITCH, I SAW IT",positive,1
2845,639866385355681792,Want a chance to win 2 tickets for Jason Aldean's Burning It Down tour on September 11th at First Niagara? Stop in tonight!,positive,1
1661,630121195443105792,Kris Bryant's smile when he gets a homer could fuel the sun @KrisBryant_23 @Cubs,positive,1
4954,637361562358022144,Join Thousands of Christians and people of good will September 1 2015 for the World Day of Prayer for God's Creation  http://t.co/BLptJSMxuU,positive,1
389,621373933548359680,"Congratulations to Ylianna Guerra! 1st runner up @ the Miss USA this past weekend! Photo:Darren Decker,Josh Brasted http://t.co/UhYftP7yAN",positive,1
1619,625337471845335040,Congrats to Disney for managing to keep ANT-MAN as the #1 movie for a 2nd weekend with a paltry $24.7 million take.  #BoxOffice,positive,1
1572,620718775877419012,Whoa! National Ice Cream Day is in six days?! You may want to pay special attention here and on our Facebook &amp; Instagram accounts on Sunday.,positive,1
3663,620680006939742208,"Please, please, please come true. I'm counting down the hours until Watchman's release. https://t.co/kUSvDa1zW7",positive,1
4432,664503374671409152,"I will record tomorrow and maybe even continue the Dark Souls playthrough. - Best regards, the Youtuber with no followers there nor here.",positive,1
36,637713496138977280,SDHS is very proud of Mary Satchwill and Sam Smith who participated in the Swiss Ambassador Program on August 29th. http://t.co/rD4j1EItSu,positive,1
270,630496064383025152,Sunday is a sacred day bc that's when our lord &amp; savior Caitlyn Jenner has a new episode of #IAmCait,positive,1
2860,641435179374931968,Always give music a second chance bc the 1st time I heard Ed Sheeran I didn't like it but here I am willing to give my leg to see a concert,positive,1
2279,641263553006182400,"Hearing a few tracks from Sam Smith. He may work out singing the new Bond 007 ""Spectre"" song. May be a good choice for vocal.",positive,1
65,636945273487552512,Sat in Starbucks listening to two transgender Americas talk about Caitlyn Jenner. As you can imagine it's interesting.,positive,1
5174,629318310342062080,I just entered to win 2 tickets to see Zac Brown Band on September 5th! You can enter too! Thanks Hoffman Ford! http://t.co/MRvAIzdOri,positive,1
3153,641050234349592576,Holy shit Murray &amp; Anderson have been battling for 4+ hours on Grandstand. Only the 4th set. #USOpen,positive,1
3131,638212927426809856,@kiaspeaks oh. I may have been watching a marathon of who do you think you are on tlc. Wasn't paying attention to Twitter. Good for Nicki!,positive,1
1587,635992595219410944,first day of KPOP club tomorrow! I'm super excited! http://t.co/M5SXLayqYH,positive,1
3484,625526785980010496,Kid free dinner with @JonReiter10  Paper Towns on Sat and  Harry Potter weekend on TV! What a great bday weekend! #wallofcows,positive,1
6276,680152654517911553,"Blanchett brilliant in 'Carol': (1 of ) The Weinstein Co. Cate Blanchett as Carol Aird, right, with Rooney Mar... https://t.co/X4ezURbmJo",positive,1
5078,641200558796312576,The 34-year-old was seen swooning over the blonde beauty as the couple shared a hot bath together in Celebrity Big Brother on Saturday,positive,1
4826,640017683627552768,@Nashaly021 see you there Wednesday bring dunkin iced coffee 6&amp;6,positive,1
3713,639022186829844480,Watch her stock go up Sept 17th. How Carly Fiorina earned a spot on the big stage at the GOP debate http://t.co/Mta9eP1FpB,positive,1
4415,638547011755712512,@MObaseball5 ugh right I sat right back down. Woulda been so great to beat the Red Sox with a grand slam...,positive,1
976,623328018421846016,So we're on the road to the 2nd biggest show of the year and RAW just ended with Cesaro standing tall with RANDY ORTON AND JOHN CENA.,positive,1
2512,622081038169317377,THIS should brighten the day AND make your weekend even better! Free ice cream on Sunday for National Ice Cream Day! http://t.co/BbrCR2UFgK,positive,1
4098,630415996055089152,Seeing all these concert pics makes me even more excited to go see Jason Aldean Thursday with my favorite people,positive,1
5254,630500341008699392,You may remember Frank Gifford as a great football player or broadcaster. But I remember him as the guy who wanted anal from a stewardess,negative,0
161,677615535501262849,It's Star Wars Day in the LLC tomorrow! Don't miss it!! #WheatonNorth https://t.co/epPuP1mREx,positive,1
3672,679427625530486784,I really want what Thor had in that flask in the 2nd Avengers. #Drank,positive,1
5575,665365759909085185,this is from January after the Charlie Hebdo attacks... a beautiful moment of UNITY in the midst of tragedy. #paris https://t.co/oXNuwqsYy0,positive,1
1122,637695997984923648,"Went and saw Paper Towns, got Baskin Robins, sat in the car and talked about life for 4 hours, got home at 3 AM. I'm gonna miss Shannon.",positive,1
3354,630528372112793600,"My thoughts go out to the family of Frank Gifford, great on Monday Night Football and in The Hall of Fame in football. #RIPFrankGifford",positive,1
1811,632999813131468800,"May the souls of departed faithful Muslims find solace in the blossom of Allah, may our good deeds put down our evil deeds",positive,1
6608,638016357146206208,Looking forward to Thursday bc that new episode of naruto is going to have me on my ass,positive,1
1409,641306176274173952,@jmcatee I think I may have to make Kris Bryant my Best Man now.,positive,1
1824,630484732346765312,I love Monday Night football.  Frank Gifford was so great with Dandy Don Al Michaels.  We love you Frank.  @KathieLGifford Sorry 4your loss,positive,1
721,678350949606232064,Kendrick giving a free concert in watts the 22nd.... Who's going w me,positive,1
1368,630751382274985984,A very young Dobber had the privilege of watching Frank Gifford providing commentary on Monday Night Football. Much respect #RIPFrankGifford,positive,1
1735,622829646032338944,"David Duval, who needed to birdie the 18th last night just to get qualify for the weekend, is now only two shots behind Dustin Johnson.",positive,1
3613,631497977962430464,I was Saddened to hear of the death of Frank Gifford. I only saw him on Monday Night Football but he was great. He will be missed.,positive,1
4619,676866989772505088,"Ah, twilight w/ the run to yourself! MT @PCski: Laying down final tracks of the day. See you tomorrow #OneParkCity https://t.co/SCrG60dZ5j",positive,1
1420,635337069217255429,Foo Fighters in St. Paul with Bennett on his 17th birthday. A spur-of-the-moment decision that ended up working out! http://t.co/XZKVWSmSLC,positive,1
3256,629050481583632384,Thanks again Eastside! We're off to party with the fancy Hollywood types at Big Brother. Back at it on Fri. Post the spots tomorrow night.,positive,1
3432,677603313014165504,Great. Glad to see Lady Gaga honored so. Wish the Grammies paid more attention to who buys than their SUITS. https://t.co/mQFiorQyST,positive,1
2635,637741131816673280,"With the sun on your face, Dunkin, Anna Karenina &amp; the music of @StevieNicks how could anyone be in a bad mood? #relaxation #selfcare",positive,1
2096,680924486070222848,'Born This Way' by Lady Gaga became the 8th best selling digital album in US after only its first week of release. https://t.co/JJCOmQN9g9,positive,1
2660,623940536546693120,@angel_928 magic girl don't stress yourself and you don't need to say sorry health come 1st take care and I hope you had great time on Eid,positive,1
480,622821349107609600,Great round @TheOpen for Paul Dunne #doingirelandproud can't believe I'm going to miss the last day tomorrow,positive,1
5172,629613672474779648,"@Abdullahbats Here it's 1:20 PM, I can be around that time but maaaybe I'll be gone since I may watch Ant-man today",positive,1
4857,620416297382252544,The Miss USA pageant was tonight so that means there will be a lot more girls at the gym tomorrow,positive,1
6373,620671260859699200,Meet the new NSA; Major General MT Monguno.... May almighty God give him the wisdom to defeat Boko Haram! Amen http://t.co/YIWi87aH5L,positive,1
6439,639058306145873920,A @CNN rule change should allow Carly Fiorina to earn a spot on the main stage for the 2nd Republican debate. http://t.co/acd6aSL1tu,positive,1
294,637145533145088000,@Rowan_Courtney no actually i made a video for the john cena meme ill tweet it tomorrow and ill tag you iTS COMEDY GOLD I SWEAR,positive,1
154,660184675764330496,In the words of Chris Evans. T F I Friday....... #WeAreCARTERS &amp; tonight we party. FREE ENTRY* | FREE SHOTS,positive,1
4425,632579065837416452,"Yesterday was a great day!!! I felt like Ice Cube in the movie Friday ""Today was a good day"". I got one of my... http://t.co/dW7uTaA5Tv",positive,1
1125,677336105658793985,Not even kidding when I say Alright by Kendrick Lamar may be one of the best songs ever written,positive,1
6660,630519742995001344,"Add my good buddy @BobPapa_NFL to tomorrow's guest list talking the late, great Frank Gifford, JPP and the Giants.",positive,1
3884,676285983751462916,May our hearts be full like our drinks tonight #MTVSTARS Lady Gaga,positive,1
5618,636521124961103872,"I'm so glad Shawn is going to London, Spain and more countries in Europe since he has much more fans than he had back in February/March",positive,1
3127,637841663587655680,Already in love with Ian and I'm 12 min into the 1st ep. Why are the gay characters always my fav.,positive,1
6038,636018151696633856,someone bring me doughnut holes from dunkin tomorrow morning. I'll marry you.,positive,1
4720,634499094199824384,"Proper throw back Thursday playing Frank Ocean in the pub, so happs rn",positive,1
6297,631202580190760960,@BananaSlapdick kris bryant is the 3rd best defensive 3b either,positive,1
5045,622105561459372032,National Ice Cream Day is THIS Sunday! See you at Cold Stone? #icecreammonth http://t.co/xuowLhujoe,positive,1
123,664128744114814976,"Todd Haynes excels again with the exquisite #Carol from Dec 4, starring Cate Blanchett https://t.co/9KPnn3bFHT https://t.co/sGwf74d9TN",positive,1
5087,672332423548542976,"@IamAkademiks Did you miss the Kendrick Lamar and J Cole subliminal disses to Drake on their black Friday jawn? Come on, every1 @ da PISSGOD",positive,1
3177,641507004448681984,i'm gonna to see you in Milan in november. I cannot wait @NikkiSixx,positive,1
3214,640664216030986241,Monday is our Free Day of Yoga.  Each year we serve our community with three free days of no charge for classes.... http://t.co/BsbYwkBQz6,positive,1
3802,670935259278635008,If the sun is shining down on you today.....thank george harrison and smile because little darlin' it's alright.,positive,1
336,661974452209610753,Briana has a normal sized bump for how far along she supposedly is its the same size as the girl i work withs and shes due in feb,positive,1
7052,641077472621129728,"@NICKIMINAJ hey Nicki, wish me luck on my first day tomorrow ? Lol",positive,1
6021,680379946871566336,Thank you @netanyahu @IsraeliPM. May God bless and keep our friends and allies in Israel.  https://t.co/nwdr7MKwrS,positive,1
195,640558738248626176,I thought they may censor it like in Bleach and sometimes in Naruto. Major props to Toei Animation for letting it stay uncensored.,positive,1
1067,633813214330028033,Friday morning special guest live in studio.  Drake White just got the opening slot on the Zac Brown Band tour... http://t.co/5W5OGtQj5O,positive,1
4116,624306117150048256,.@TaraReid April needs to be alive! Sharknado wouldnt be the same without her! #AprilLives,positive,1
6836,671482904577335296,Decided that I'm going to cut weight with Curtis so tomorrow all you'll see me eat is a nice salad (he said I couldn't do it),positive,1
5492,638614837921124352,"@KingSalman its not the 1st time religion is manipulated,in this case Islam. Raif spoke out against the establishment, he's a hero.#FreeRaif",positive,1
4340,639823587235524608,Happy Friday! Please watch the video and consider donating to help change Emily and Shawn's lives by getting them... http://t.co/PhWJyfDOWQ,positive,1
1640,638918953834713088,DC Young Fly and Ice Cube's son GOT TO make Friday,positive,1
6460,640194115037233152,@promiseetim25  Super eagles will get better with Sunday Oliseh . do you think that today outing was good?  @bigsammyx @Planetradio101,positive,1
6064,635366736510869505,@micohalili: Can't spell Star Hotshots without the word SHORT. Go Ant-Man!!!  https://t.co/7Onfnd9sLs,positive,1
7017,630554721091239939,"With Frank Gifford's passing, you REALLY should track down &amp; watch ""Monday Night Mayhem."" Incredibly entertaining TV movie about MNF history",positive,1
4374,636805573112041472,Tonight going to see Foo Fighters in Concert + Friday Kenney Chesney :)),positive,1
5225,640337778832748546,"Crew gets a fumble at the 4, Murray and the O can't punch it in. Kick a FG to make it 17-7. May be Murray's team now. Crew has been awesome.",positive,1
4549,638117691136409600,@anaaheartbeat @Aliina57 I'm watching the red carpet for Nicki mostly. They're gonna air the show tomorrow night so I might go to bed after,positive,1
6173,629921396861210624,".@krishamoud Chuck Norris once roundhouse kicked a man into next week...in fact, I believe he's due back tomorrow.",positive,1
3523,622607930609790976,"Sunday is National Ice Cream Day. To celebrate, the following retailers are offering some pretty sweet deals. http://t.co/ONws88EOUK",positive,1
3023,640346833114505216,@OhApache well make sure they are good then we be gucci I may have one,positive,1
1947,633006806709764096,Paper Towns comes out tomorrow and I'm going to see I after work and omg I'm so happy I could literally pee myself with excitement,positive,1
1902,641460569279610881,"@rbohlender I will hear a U2 when I pass through the pearly gates. too bad I'm not a Sunday school teacher, I'd teach that",positive,1
6531,637169581732184064,PS4 packed in shipping container from Sony. Dropping it off at FedEx tomorrow. Hopefully it will come back soon.,positive,1
774,639688604151709696,Man the features on the NFL Sunday Ticket app on the PS4 are on poooooont. I feel like I'm in football heaven.,positive,1
1762,630491948680355841,"Condolences to the Family, Friends and Fans of legendary football  player and broadcaster, Frank Gifford. May he Rest in Peace.",positive,1
330,679980649395130369,I love Kendrick's 2nd album as much as anyone but it doesn't compare to Good Kid Mad City,positive,1
4052,637901642709340161,@katyperry I know you're gonna rock the fan's tomorrow... why because you're Katy Perry #nocommet,positive,1
4977,641473311239745536,Congrats to Wayne Rooney for breaking the highest goal record for England. Super Eagles coach Sunday Oliseh... http://t.co/CNXjXpoodw,positive,1
5786,679917696016859136,@bdutt @narendramodi in muslim countries like saudi arabia and iran they are sung with respect. law should be obeyed.they may go where not.,positive,1
6611,634826449854296064,"I liked a @YouTube video http://t.co/0rGSSZ3J1b WWE RAW August 4 2014 - the authority (Triple H, Stephanie , Randy Orton, Seth",positive,1
31,640119548285468672,Such a good weekend planned. On route to the Foo Fighters today and then a beautiful wedding tomorrow!,positive,1
2374,638196368172036096,"Kanye West Is Running For President In 2020 - Kanye West, greatest human on earth, announced Sunday that he will b... http://t.co/RyVqttlYW8",positive,1
6550,636314794463772673,1D in Chicago Sunday was awesome! So sad about the 1 year break but they totally deserve it! Niall owned the show! http://t.co/HqhykLmHCx,positive,1
4456,634314368423956480,The intruders are coming.#TheBachelorAu is turning into Big Brother. Bring on the Friday Night Games. #BachelorAu,positive,1
6712,639675639289671680,Can you write me two tickets to the U2 concert at the garden Friday night? I love U2,positive,1
2776,640989674522017792,So Niall's tweet increased my already existing pcd....I need the 5th album to make me feel better...just saying.,positive,1
5269,666159123462037504,"Briana's 20th bday bash in January , just wait on it.",positive,1
5903,641360978689421312,"Yoga's been around for 2,500 years but the sun salutation has only existed 100 years. Interesting programme on BBC4.",positive,1
3070,632284248305745920,Dustin Johnson might be the best Thursday/Friday golfer on the tour. If only a tournament was two days.,positive,1
4151,677092488948133888,"Incredible!! Any pupils able 2 bring it 2 our Star Wars Day, Sat? Not sure even our master model maker could top it! https://t.co/NupFlgEGkU",positive,1
4042,637942081583992832,"Hisashi Iwakuma worked around four walks in Saturday's win over the White Sox, allowing two runs on seven hits over 5 2/3 innings. #Mariners",positive,1
2287,639789687918346240,"#happy #beautiful On May 15, within weeks of the Iraqi government's recapture of the city of Tikrit from Islam...  http://t.co/XHBE2SN9zZ",positive,1
3792,634769685968494593,The sun starting coming out from underneath the clouds and beautiful day by U2 started playing on the radio. Sometimes life just cooperates,positive,1
2857,639636871815950337,Hosmer has the most Strikeouts on the #Royals 84 other MLB players have struck out more. Kris Bryant has the 2nd most Ks in the MLB,positive,1
717,637722151672418304,Hmmmm Balotelli may have came back to Milan at the right time ...Adriano and Bacca both stepped their game up... #wearemilan #ACMilan,positive,1
3114,632206813107212288,Dustin Johnson took advantage of favorable morning conditions to take an early lead at the US PGA Championship Thursday while Tiger Woods,positive,1
660,639289525961801728,I miss Niall so much he made me so happy on Saturday I felt at home and god I want to go back,positive,1
5958,625188062151229440,I reached nirvana. Walking back from camping on a sunny Sunday morning listening to some good music. Can't beat it.,positive,1
6661,629484412888051717,Excited to sleep cause excited for Dunkin tomorrow on the drive home,positive,1
1145,631956628707934209,"Bloody hell, ok so in 3 days thats Mad max, Big hero 6 and Naruto: The last. Now about to watch the Lego movie, Think I may OD on good films",positive,1
3257,635624063600300033,#WWE #SummerSlam Seth Rollins has become the 1st in history to win the #USTItle &amp; have the World Heavyweight title at the same time,positive,1
917,635960182791536640,Check ignition  and may God's love be with you!!! moon shot welcome back David Wright #mets,positive,1
2669,639199724738867200,"I may be 30 years too late to say this but The Trooper by Iron Maiden is fucking great, For some reason Id never heard it before \m/",positive,1
4281,674420133838888960,"I just liked this song ""And The Sun Will Shine"" by Bee Gees https://t.co/kL7IsehpZP https://t.co/0nJStrprjX",positive,1
6754,640262567034798080,"I liked a @YouTube video http://t.co/aCZISHWQI0 Josh Mathews questions the look AJ gave Kane: Raw June 4,",positive,1
2614,624056211479072768,#AprilLives  No Sharknado without April.  Love a chick with a sawhand,positive,1
3270,640251784418693120,At least I think it was a good start for Sunday Oliseh and the Super Eagles #CompleteRichness #SharingHappiness,positive,1
6713,631910422615097345,"I liked a @YouTube video http://t.co/JNs5uMGHLX Relive the buildup to Brock Lesnar's clash against Roman Reigns: SmackDown, March 26,",positive,1
321,637828684058095616,ONE LAST TIME HAPPY 22ND BIRTHDAY LIAM ANd Goodnight Shawn all the love,positive,1
1449,660262127110922240,Nice drive lead by Chris Evans and 2 pt. conversion good to make it 14-14 7:59 left in 3rd  @ISNation @IHSAA1 via @mopistatguy,positive,1
80,640601612516524032,Rob Brantly did what  ALOT of White Sox have not been able to do. Runner on 3rd less than 2 outs and he brings him home with a sacrifice fly,positive,1
657,640300375610892288,Niall's laugh at the end of that snapchat is honestly the 2nd best part of the best snapchat every recorded,positive,1
1393,640277884553273344,Getting really anxious about this Foo Fighters concert tomorrow night haha cool :),positive,1
6244,639446614667591681,Miguel Sano hit his 15th homer Wednesday off the White Sox's Carlos Rodon. #Twins,positive,1
2184,633474319469821952,Gotta put the Nirvana shirts on hold until Wednesday. Guess I'll try to look decent,positive,1
7074,669260389436231680,"I know you miss me all, but don't fret, I will be back! Thursday 10am CET we will take on Dark Souls once more! Looking forward to it :D",positive,1
2368,624433023178645504,I have a three hour car dried tomorrow and CALIBRASKA is gunna be on repeat the whole time #CalibraksaEP,positive,1
347,636997739839156224,ice cube song today was good day wel mon only thing we know souix wak hunk terres nel kota can dia gila,positive,1
3552,624891530738814976,2 world exclusives happened on @ZeeCompanion last night! Rpt Mon at 9am! Now off to 'Eid in the Square' w/ ZeeTV :) http://t.co/0tFnDH1Byh,positive,1
100,637781781211693057,@bengal_coach @RotNScoundrel We saw the Foo Fighters Thursday night. It was an awesome show!,positive,1
2699,624070854335418368,Royal birthday @ work. Happy 2nd Prince George from all of us across the pond. @ Constitution Park Pool https://t.co/GnqcWRuFt6,positive,1
1248,622883581057069057,"No matter what happens in tomorrow's final round at the  #TheOpen, Paul Dunne has given @UABathletics the best exposure at the highest level",positive,1
2828,622819512207982592,"Paul Dunne is going to be so nervous tomorrow, awesome he's in that position though. Hope he has a chance to win late tomorrow!",positive,1
3798,666757304021336064,Tomorrow I may be 100% geek and do a Star Wars day (skip 1 &amp;2 obvs),positive,1
2774,631909820077993984,"It's the Rd 1 Dustin Johnson show rearing its head again at another major. He leads by two, but Sat and Sun will tell the tale #PGAChamp",positive,1
840,638578775798738946,@TheMikeLjubsa Blue Jays beat Red Sox with a huge rally in the second half of the game back in June. That's the best one I remember.,positive,1
4558,626713612757807104,"I had a really great time watching Ant-man, reminded me of the 1st time watching Iron man , where the character tries to learn who he is",positive,1
5558,635257491694186496,Pretty sure I'm going to be the only person at this Jason Aldean concert tomorrow who's not wearing boots or a flannel. &amp; I'm okay with that,positive,1
1898,675044309595496448,"Busy day in Milan tomorrow, four meetings. Hopefully no fog...",positive,1
577,628653717634596864,"// So, I thought Ant-Man was out of the question for the cinema Saturday but my boyfriend said the films he's seen are 'awesome' and that -",positive,1
436,639724211489996800,@ZayniieBo I cant stop watched the video that have those 2nd pict.Harry dancing in front of Zayn and he looks so happy.ha!,positive,1
2434,621326803148259329,@BaekDoXiuHun Hi! My bias is KAI bc he stole my heart the 1st tym I saw him in Growl. He is my 1st love in KPOP &amp; it's not changing til now,positive,1
3537,625870359334551554,"Loved the Today Show peeps on 3rd installment of ""Sharknado""!! @TODAYshow   @SharknadoFans",positive,1
6187,635199503507681281,Wednesday's matchup will be fun now with David Price vs Colby Lewis @adamamin  https://t.co/Ey4adC0PWa,positive,1
5541,634481791961665536,Rolling stone magazine talk about REAL MUSIC for once in their piece about Rituals de lo Habitual's 25th anniversary!,positive,1
1033,637059407516336129,@Breakdownbutera watch adele release it late december and block the charts... and then when she's done sam smith is coming,positive,1
2781,681171667868106752,"@PetesByDre @kidhaggis His birthday at start of March, may start saving now haha. Did wee btts double for tonight in Israel &amp; late Belgium",positive,1
1833,680642817551552512,Its like the 26th now yet im not sleepy...i blame twilight series,positive,1
2576,635641944366936064,Seeing Undertaker laugh at Brock Lesnar may have been the greatest thing I have EVER SEEN! #BrockvsTaker #WWE #SummerSlam,positive,1
5970,629478851110903808,If John Kasich starts polling better before Super Tuesday he could be my primary vote,positive,1
6779,639470197930336256,Who's reppin' #KXCountry at the Zac Brown Band show tonight? 1st of 2 @MolsonCanAmp Let me know where you're at so we can party!,positive,1
6832,623791139158683648,I hope when I have a son he's as cute as Prince George. Happy 2nd birthday you cutie! http://t.co/Kt54DRu1HG,positive,1
2917,666324759290998784,Who was the best 'Saturday Night Live' host? Amy Schumer. 50% of voters agree with me. https://t.co/EeDuFef6Tf,positive,1
5120,639685870732185600,@FFDP I'm buying it tomorrow! Along with the new Iron Maiden!!! #GotYourSix #TheBookOfSouls,positive,1
2346,675040685662347265,Lemme see if Kendrick Lamar can become the 2nd Hip Hop artist to win Album of The Year at the Grammy Awards....,positive,1
1076,678196698485817345,"@iyad_elbaghdadi @JZarif Iran's democracy is super healthy, Iranians may vote for whoever the murdering mullahs want",negative,0
2906,640195601192366080,@sunshinesplat Leaning Scott Walker actually. Liked some of Carly Fiorina. Ted Cruz would be my 3rd (albeit over the top personality),positive,1
491,639487442362331136,@WillKimbrough Wow!  Thank you for providing that link.  I nominate her to the 6th Rolling Stone.  Imagine her and Keef together.,positive,1
6453,641446388497313792,I was thinking about Niall and how he was really cute at 16 and then I remembered his 22nd birthday is in five days and I can't cope with it,positive,1
5275,666288138692796416,"@AXS_UK It is for the concert The Vamps in Manchester, I wanted to know if it was possible to replace my place of April 17th concert to",positive,1
5916,638136656932040709,New Adele album coming in November along with The Weeknd two days ago? Now I need a new Ed Sheeran and Frank Ocean album and I'll be good!!,positive,1
3785,637528996029186048,@SonicOnAir please help me get tix to see shawn at hard rock tomorrow it would mean so much. please!,positive,1
1182,633138864345907200,Dude...... I'm going to see FRANK OCEAN NEXT SATURDAY. IN 6 FREAKING DAYS. I'M LOSING MY SHIT RN,positive,1
2286,677563786950152192,Tomorrow! Finally! Here are 8 money lessons from the movie Star Wars Day: 8 Financial Lessons for May the Fourth https://t.co/w9vsyEBwXR,positive,1
283,625152103732776960,Who's going to Eid fest tomorrow,positive,1
6734,677509624694632448,Happy Thursday and here's a picture of David Bowie from the old Tonight Show. https://t.co/yLRky6FZOO,positive,1
5459,634813515044229120,It's a Foo Fighters Friday on 933 The Wolf..  Fast Freddie has your chance to win tickets all afternoon. When you... http://t.co/Q3Ul8yJiBd,positive,1
2943,641038624868429824,Come on @andy_murray!! Tempted to make my way across to Flushing Meadows on Wednesday if Murray comes back to win here! #USOpen,positive,1
3448,630525081807126528,Your were awesome Frank Gifford Monday night football isn't the same,positive,1
6974,624346176188510208,"I want them to amp all the way up to an 11th Sharknado, then do 12th where two guys in shark costumes just reenact ""My Dinner With Andre.""",positive,1
2606,634747508409942016,Chance the Rapper concert Oct 14th then Janet Jackson concert Oct 27th...,positive,1
7054,675313510096703488,"@brianawrites Happy Friday, Briana! If I may ask, how does writing a book feel to you? *mini-research going on* :D https://t.co/WTvEDx4u7D",positive,1
4782,632427697617129472,"I don't know why but the song, Staring At The Sun by Jason Aldean makes me feel better",positive,1
6874,678278291166490624,"Got to get behind Curtis and the boys tomorrow, but I think we will win!",positive,1
91,665499206593835008,"@OfficeOfRG Rahul Gandhi is doing a march to airport to welcome the new tolerant,friendly and peaceful face of Congress Mr. Khurshid.",positive,1
4313,679890806841458688,Ever since the 4th grade all I've wanted for Christmas was Justin Bieber.,positive,1
1926,638183088267362304,if kanye west runs for president and gets it this means Kim kardashian will be the 1st lady oh my god the world is a beautiful place,positive,1
1112,639860776468135936,@mishecollins Shit. Foo Fighters are amazing live too. I saw them in May. Least you got your car fixed tho.,positive,1
5163,636047862137131008,@comicsaquarius I may have um.. borrowed a John Cena sticker from a store today and put it on my phone!!! no regrets though,positive,1
1731,622454075548807168,Here's the scoop: Sunday is National Ice Cream Day http://t.co/BOhjLgBo4S #usa #top #stories,positive,1
7140,625511182552530944,Saw Ant-Man tonight with friends. My 3rd time. Fun.,positive,1
5219,635960572412997632,David wright first at coming back from going on DL in April = a upper deck home run! Welcome back Captain!,positive,1
750,640146113274728448,Metal-Saturday with new Amorphis followed by new Iron Maiden. Hell yeah!,positive,1
169,622837175999180800,Beat the heat by taking advantage of National Ice Cream Day &amp; don't forget that #fundraising goes until July 31st. http://t.co/0OmBs8UWQ8,positive,1
372,641084988448997376,So Shawn is meeting up with the jacks tomorrow I'm expecting some hot ass pics,positive,1
3057,678184079557169152,"OMG. I don't know why I'm just hearing ""Black Friday"" but J.Cole murked Kendrick big time.",positive,1
4553,640526261232791552,"#EddyK Sunday inspiration: Where will your wedding be? How about an urban chic celebration in beautiful Milan, fashion capital of the world!",positive,1
2310,621077777287135232,"Don't have plans for National Ice Cream Day this Sunday? Well, now you do! Come celebrate by getting a Dole Whip... http://t.co/SKCYewlguZ",positive,1
1161,635105467841118208,@adampeacock3 @TheRealBozza @RobbieSlater17 Kane's best service in the 1st half came from the keeper! Says it all,positive,1
3300,635573461935595521,Not sure if I should keep going or just go home and get ready... FOR THIS SUNDAY NIGHT WITH JOHN CENA AT WWE SUUUUUPERSLAM,positive,1
1988,630626236973379584,"No, Caitlyn Jenner may not be a war hero, but she's been such an inspiration to many young people who need someone like her to look up to.",positive,1
2884,639276207326887936,Ed Sheeran tomorrow!!! You ready to be up close and personal with my future husband @RomeroM_18?,positive,1
4301,675996593091420160,"Kim Kardashian and Kanye West welcomed their son into the world on Saturday, and on Monday, they announced he shall henceforth be known as",positive,1
108,633357138895765512,It would have been cool if Ice Cube was staring out of the window at his neighbor when they showed him writing Friday. #HeyMissParker,positive,1
4279,680897766462066688,"All glory, Honor and everlasting Thanksgiving to the God of Israel! Happy 3rd day!!! #MCGIThankfulToGOD https://t.co/p1IP9capS4",positive,1
1203,626841008236593152,The new Moto G may be the best budget phone... again. http://t.co/GXy3TDlRpC  #News #TechNews,positive,1
724,635959040468758528,David Wright 1st at bat back from 4 and a half months of injury and he goes upper deck vs the Phillies!!! Welcome back cap,positive,1
490,624329089625669632,Can I just go back to June 19th and relive seeing Paul McCartney,positive,1
1873,634598885030105088,@thesammysworld Go with Moto G 3rd Gen http://t.co/CxuEwKryIZ Best phone at this price :),positive,1
3258,623220573854797824,Thursday is National Hot Dog Day! JE will be serving hot dogs to our staff &amp; raising $ for United Way of Manatee! How are you celebrating?,positive,1
5868,638889429306867712,@xiCardinal interesting...I just got my PS4 today. We may have to link up at some point before you go back to the dark side!,positive,1
2517,631242068556423168,Threw out 1st pitch tonight and David Wright was so nice to sign it #StLucieMets #TraditionField http://t.co/09YJrEFna5,positive,1
6829,629220123300204544,Saw Ant-Man on Tuesday. Great film. Much more character driven than the big epic MCU films.,positive,1
1336,641437562234515456,"@zaynmalik Hi, Zayn!  Tomorrow is @TheLightinItaly's 15th &amp; she absolutely loves you. If you could please tweet her, it would make her day!",positive,1
1500,630787897940164608,Ahhh then one may attain nirvana at the supermarket. https://t.co/f4nV9AD2xl,positive,1
1998,636947940968300544,It has been almost 21 years since Kurt Cobain the lead of Nirvana died.I find it truely amazing that his legacy still lives on. May he R.I.P,positive,1
2136,624037973797961729,Tomorrow is one of our favorite days of the year: National Hot Dog Day! Stop in for our yearly $1.50 hot dog to... http://t.co/aFkkGM0FfG,positive,1
6572,623093051439902720,Ollie Schniederjans joins Paul Dunne &amp; Jordan Niebrugge as the 3rd amateur in the top 10 at #TheOpen2015! Remarkable http://t.co/5INeu6Rgwk,positive,1
7145,637388919735197697,I want to see Paul McCartney in October,positive,1
664,639978553602371585,We should probably take this opportunity to inform you that the Mets have the bases loaded with 2 out in 8th and David Wright batting.,positive,1
682,641568115311161344,Yoga with kids! All welcome fun beginner yoga class Mooroolbark $5 tomorrow morning 9:30am :) http://t.co/l7h0bpc6zv,positive,1
555,633401645125103616,"According to Janet Jackson's long time producer Terry Lewis, the album is due in October.  STAY CONNECTED!... http://t.co/VMZrL5gsAc",positive,1
1670,638622765063405568,"Hasan on Eid: Every day a Muslim obeys Allah is itself a celebration: Ibn Rajab reported: Hasan Al-Basri, may Allah have mercy on him...",positive,1
4201,622840588291981312,For first time ever I can't wait to wake up at 6am on Monday! Love the Paul Dunne story but pulling for @JordanSpieth #TheOpenChampionship,positive,1
704,630554888817246208,I always enjoyed watching Monday Night Football when Frank Gifford and company called the games.,positive,1
2082,635560059255320576,"Frank Gifford..Born Aug 16, 1930 to Aug 9, 2015..Football will never be the same to me without Frank http://t.co/QQ68mYwF7Y",positive,1
4074,620556893954641921,"Surprises in ""Go Set a Watchman"" may make readers re-examine ""To Kill a Mockingbird.""  http://t.co/978ANj8K4k http://t.co/OSDOClikib",positive,1
2424,637276598195089409,@KingPMoney thats good to know P! im picking up a PS4 on monday along with Metal Gear!,positive,1
2521,629397355163299840,"Randy Orton is one of my favorites, despite everything. Why? Because he's so damn good in the ring. Randy may not... http://t.co/kMX1PHS5cN",positive,1
3987,664156554397007872,"Selena Gomez, Amy Schumer Get Cuddly on the Red Carpet: See the Cuteness Here!:  https://t.co/6woDJnSw2T #Videos #May",positive,1
5460,673986090756415488,Wale's content may have similarities to TPAB's but the difference is Kendrick executes it EXTREMELY better,positive,1
2168,667903910540087296,this is a big deal! everyone make sure to Shazam when you hear it! #MTVStars The Vamps https://t.co/7Xu3rgCoi6,positive,1
394,634394092949127168,"Who's ready for Jason Aldean tomorrow at Klipsch Music Center?!   **Follow us, like &amp; tag 3 friends along with... http://t.co/qjfa7W4PFg",positive,1
2145,640002389571989504,goodnight I'm super tired and I'm going whale watching tomorrow so I'm gonna get some rest ok have a great night Shawn loves you so much,positive,1
1308,633829796821213184,Funimation's Tokyo Ghoul trailer was very strategic putting from the studio of Yu Yu Hakusho &amp; Naruto &amp; Bleach. Put the highest quality 1st,positive,1
1870,627594640959664128,@MissWhit83 If you were told you were going to lose to Floyd Mayweather in the 5th round you'd be rightly concerned about the first 4 rounds,positive,1
6083,637567028241432576,"We are the 4th Power from the Philippines! Hi! Rita Ora: Aloha! Uhmmm, Big Brother, 3 points po kay Rita Ora kasi hindi educated",positive,1
143,665689611319033856,Re-reading M Palin's 1st diary. Some of the most influential comedy of all time being created while IRA bombs are going off almost monthly.,positive,1
3915,624082716011593728,"Really has to start watching the Sharknado movies now. They'e already on 3 and announcing a 4th movie, and I have yet to see even 1 /o\",positive,1
5201,625721516336939009,@PaperTownsMovie Watched Paper Towns (Cidades de Papel in Brazil) for the 3rd time yesterday. It's really addictive! http://t.co/TRGKwKznkD,positive,1
4797,638547070090117121,"The Red Sox may be god awful, but beating the Yankees while they are in the thick of things is always nice.",positive,1
763,639579024788987904,Missing D.C... But it's ok... I'm seeing Ed Sheeran on Tuesday... That makes everything better.,positive,1
3246,636923363445895168,"@Gaelec stop, sry @ArmelloGame: SEP 1st is the correct! a MUST BUY in PS STORE! (I wish PS4 would have a #Wishlist ;) ) #BetterPSN!",positive,1
3334,640593169332219904,LABOR DAY SALE TOMORROW!!!   15% OFF EVERYTHING in the store!!!!!! (10am-6pm)  Yoga Classes (6am-7:45pm)... http://t.co/3FmmgUuNmO,positive,1
136,635821455821946880,"fuck everything, i will go see Paper Towns tomorrow and nobody can ruin my day",positive,1
4741,670596602436919296,Love a good bit of 'Tony Blair shame on you' on a Saturday. #DontBombSyria,positive,1
5344,637669302724861952,"Jon Pardi last night, JJ Longhorn and Moonlight Drive tonight, @thecadillac3 next Friday, and Jason Aldean in 2 weeks...I like concerts",positive,1
5109,631972251458502657,Iron Maiden is releasing a new single tomorrow 8/14/2015.  100% jacked about that.,positive,1
3509,630967574503649280,oh my god it just hit me that I'm seeing Sam Smith tomorrow night,positive,1
5333,622011958104051713,Saturday is National Hot Dog Day.  Celebrate accordingly with ketchup &amp; relish.,positive,1
6131,633498807582502912,Carly Fiorina may not make it to be President but she would be an excellent Secretary of State!... http://t.co/HX1QQnhEXO,positive,1
6826,678381028629741568,Kendrick Lamar's Black Friday is prolly the nicest thing he's done recently,positive,1
5927,679940049320808448,Kendrick Lamar's Black Friday is flame Only he can go that hard for 4 minutes damn,positive,1
1820,624164042316210176,CHEAP Hot dogs TODAY! Thursday is National Hot Dog Day http://t.co/Je24WWYWAF ADD @HYVEE to the list as well! http://t.co/hmgROU02Lq,positive,1
3559,637271959361978368,As Friday shines in the heart of Muslims may you be among the ones who will receive the peace and blessings of!!!...Friday Prayers. Ameen.,positive,1
4964,680613550679834624,"wow tomorrow is my birthday..i really can't wait and the best present would be a""happy birthday""wish from justin bieber",positive,1
1840,625432196095078400,Catching up on films tomorrow with 2nd watch of Ant-Man in 3D. Then 1st watch of Maggie and Southpaw.#Southpaw #Films http://t.co/piIvrCj6th,positive,1
1821,637719291056537600,The new Fantastic Four movie isn't that bad at all! Tomorrow I'm going to watch Ant-Man! :),positive,1
4177,639060772727967744,We pray for unity among Christians: May all who bear the name Christian work toward healing the wounds of the Body of Christ.,positive,1
4515,681187003539570689,Well done to Justin Bieber - Love Yourself is the Ultimate UK Chart No1 for a 4th week. Can he hold onto the top... https://t.co/3bgDcITGPE,positive,1
3471,623987032528957440,"Tory is meeding with federal NDP members tomorrow morning, followed by: National Hot Dog Day celebrations.",positive,1
4753,681719615299432448,5 point's out of 12 under Curtis... only 5 out of a possible 24 with Monk (Before Departure)... team already improving... C'mon Swans #SCFC,positive,1
116,640390400729989120,On last sunday i was hearing the speech of kanye west at vma's and that was vry amazing and heart touching. I just loved it!!@kanyewest,positive,1
979,638657588578635776,"4th week running going out tonight hahaha, gay nights are so good",positive,1
5274,626578472958316544,Michael Douglas may not be coming back for another Marvel film...he did so good in Ant-Man though,positive,1
4746,640568795887742976,going to a Red Sox game tomorrow even though im a Yankee fan its fine :),positive,1
356,639556421118488580,"greeted this morning to the sight of a boss who shall remain unnamed sat by himself paying bills to Katy Perry's ""The One That Got Away""",positive,1
2934,631233088505409536,@KathieLGifford so sorry for your loss. May you and Cody And Cassidy smile everytime you think of the great Frank Gifford,positive,1
1834,629721423557230592,trying to finish reading Paper Towns so that i can go see the movie tomorrow!,positive,1
6877,667611873228005376,"New David Bowie tune to start Friday and its ten minutes long, good work David. A tour announcement now would make today perfect #Blackstar",positive,1
5327,672673683908001792,@Campbell_Soupss I liked it a lot. Held my attention much better than Dark Souls. I may have to go back to that now.,positive,1
3395,639669464544505856,Game today. Gainesville tomorrow. Labor Day on Monday. Ed Sheeran concert on Tuesday. Holy shit what a fantastic 6 day streak.,positive,1
3346,641113419010191360,So can I skip school tomorrow and go to the city to see Shawn the Jacks &amp; Justin,positive,1
6625,638166461379313665,@zaynfleek he has been happy ever since he sat next to Zayn at the Louis Vuitton fashion show (':,positive,1
2087,635909293372538884,"@AwayGivedm I wanna a Zayn one to my friend cuz her birthday is tomorrow, and she loves Zayn as hell , and for me +",positive,1
2407,641251826231185409,Can't wait until Thursday night for football and watch the best QB Tom Brady come out onto the field a starter and finally be free. #goPats,positive,1
5607,629956549587419138,"August 8, Happy Birthday Dave Evans aka the Edge from U2. http://t.co/Nzpfk8yroa http://t.co/FVFSF61MPt https://t.co/mv9kBVzTVB",positive,1
126,639725943087583232,Listening to Foo Fighters all day to prepare for tomorrow yeeessss,positive,1
5614,632069320760147973,Remembering how normal it was to see Ice Cube at our high school all the time   Sat right in front of him at a play too lmao,positive,1
6437,661777461382791168,"Paps: this one if for the sun!! Briana: *stands behind Louis and poses*  So not set up, nope nope nope, not one bit",negative,0
2461,627808801685569536,@kp_85 @YesImprovisers @MotorolaIndia enjoy the vibes with Moto G (3rd Gen.) #MotoBffRevealed http://t.co/zjeNPFx1Sw,positive,1
1857,631621349010731009,Wondering About Carly Fiorina's Stance on the 2nd Amendment? Wonder No More... http://t.co/zRsEnvnGMp,positive,1
6478,633650490610331649,Happy 9th anniversary to the group that brought me to kpop! Continue slaying. #BI6BAN9 http://t.co/XJmWFlQFlj,positive,1
7102,637069157956083712,"@mrvnz_ OMG NARUTO! Im hoping FMA, has to be. Oh myyyyyy im so excited! Mine's been in aus since the wednesday, hope i get it today!",positive,1
3727,626711343383457793,"We're going to watch ""Paper Towns"" tomorrow~",positive,1
1683,680578494380785664,May 11th 2016 is the day I see the love of my life Justin bieber,positive,1
4970,634722720001884160,Harry is so cute and I love them all and I love DMD but I can't help crying watching #DragMeDownMusicVideo the 1st time bc Zayn's not there.,positive,1
2191,681768136572538881,"Justin Bieber, may be any thing that it is very rich; and having done just the affirmative.",positive,1
4752,631220531665080320,you know what's tomorrow is Phoenix? Sam smith concert. you know who isn't going? this lemon,positive,1
708,638913383832485888,"@LeilaOicles the game where I took that photo, that was my Mother's Day gift to my mom...Toronto vs Red Sox on May 8 this season",positive,1
630,669762779356659712,Aah I love this night. Watched Thor again with the husband and we get to sleep in tomorrow before all the cooking begins.,positive,1
3944,634196927614087168,"So, I get to work the Jason Aldean concert this Sunday at @riverbendpnc ! Find me at the @NashCincinnati booth!",positive,1
6212,641056870774493184,Kris Bryant helped the Chicago Cubs to a sweet victory against the Arizona Diamondbacks Sunday when he smashed the record for longest hit,positive,1
4487,639568752649093120,"@Ashton5SOS  9 May 2015 in Milan, it was the best day of my life",positive,1
3213,675980584632602624,My guest mix which aired on Friday as part of Curtis &amp; Craig Presents Trance Action 100 hope you all enjoy https://t.co/Pi4Umxa5Qw,positive,1
1966,635388876929036288,"I really wana see Foo Fighters for the 3rd time, so unreal live",positive,1
2902,640661166004568064,I'm seeing Ed Sheeran on Wednesday in Miami so if you wanna meet up or say hi hmu!,positive,1
6238,668059439270920194,"aww Chris Evans again not him meee im Chris, so want to treat my family ;-) https://t.co/nBZSMLmagn",positive,1
1708,676415293225242624,"Will Saint West Be Kim Kardashian &amp; Kanye West's LAST Child?! Deets HERE!: Say it ain't so! On Monday, it was ... https://t.co/eSlfcFa806",positive,1
5518,633008609861988352,"I do the same things every Sunday ... Clean , wash clothes, wash my hair, cook and watch big brother",positive,1
4203,680970479889321984,@justinbieber I received the best gift anyone could ask for!!! JUSTIN BIEBER TICKETS! See you in Jun in Lincoln Justin!!! #PURPOSETOUR,positive,1
6757,622436007447629824,"July 19th is National Ice Cream Day, one of my favorite days of the year! Cold ice cream on a hot summer day is a... http://t.co/LKt3tN6Jq0",positive,1
4187,625791894136705025,trying to think what I'm gonna do when I see Paul McCartney on Friday and so far it's either cry or faint or both,positive,1
2907,623387546584612864,@Sarkhail7Khan @5aad @IVabdul it was funny though:P the 2nd thing i laughed at on Eid.,positive,1
453,675063118054182912,Lol Cate Blanchett may well turn out to be the next Meryl Streep.,positive,1
5741,637182093089308672,"The weeknd and ed Sheeran made a song together...yep, today is definitely Friday.  And it will be a very good day.",positive,1
4457,634752970522034177,"Zayn, i just wanna see you winning grammy on this very first debute album. C'mon, just introduce a new genre of music called Zop or Zquadom.",positive,1
5684,622422971680980992,@rhettandlink I think you guys are a little excited. National hot dog day is July 23rd.,positive,1
7048,640706710689173504,"The Red Sox may be in last place in their division, but at least they are still the best of the last place teams.",positive,1
5184,625288528855977984,Absolute 90s just won Sunday by playing the Nirvana NTV Unplugged cover of The Man Who Sold The World. Helped my catastrophic hangover.,positive,1
367,631909052025540608,Dustin Johnson would be the greatest golfer in the world right now if he could play the weekend like Thursday and Friday in majors,positive,1
1478,634197955084312576,"We will be part of a signing with legendary wrestler, HULK HOGAN on October 11th!!  We are accepting items and... http://t.co/f2OjM3i0L4",positive,1
4984,675196121233416192,@ChuckAlabaster: I'm in love J. Cole Kendrick Lamar-Black Friday it's soo good. Tales of two cites with a Kendrick twist @firediscopanda9,positive,1
5325,675581872290697217,Spreading the word about our newest twilight market at the 4th Ave Street Fair! https://t.co/6BgeLrJlYU,positive,1
6738,676513948384944128,"Lady GaGa Channels Frank Sinatra In This Pulsating Tribute Song.: Last Sunday night, dozens of the world's big... https://t.co/79cVvEh1OE",positive,1
363,637400129574707200,When you're really excited that the boss is buying you Dunkin after a long Friday .... @AlexxPariseau http://t.co/TQVTYs2AM9,positive,1
5353,622679363926921218,"Close your eyes and I'll kiss you, Tomorrow I'll miss you.Paul McCartney",positive,1
3840,641556601078423552,"A sunny Wednesday, here in Milan, Italy. Summer is lingering. Cool nights mean you can sleep :)",positive,1
5594,634848746908581892,Excited for the 5th album and Zayn's album #MTVHottest One Direction,positive,1
1222,676224583704428544,"First day of open hitting is Monday! ...check out the new facility and get some swings in from 3-4 @ The Dugout (35595 Curtis, Eastlake)",positive,1
781,629583497062182912,"Sat what you want about U2, slag them off if you will, but I still think they were a damn fine class of submarine",positive,1
576,630690048287965184,when you realize you are going to see Paper Towns on Tuesday http://t.co/MtyWluBb7h,positive,1
1262,640868205699821574,I can't WAIT ... for TOM BRADY to win 4 more titles in the next 15 years. THE NFL is a JOKE with Godell. https://t.co/qu45XREYgR,positive,1
6774,640689567851524096,"@rebeccaxdoss OH SHI. Well, I know where I am heading either tomorrow out Tuesday. Thanks for the info. Will put out to Gucci use.",positive,1
6032,625027738768904197,"#AprilLives because the gorgeous @TaraReid IS the franchise player! Aliens has Ripley, Sharknado has April!! #Sharknado3",positive,1
4027,641319950171422720,@Naked_InMy_Vans I'll be indy Sunday night of Zac Brown Band concert! But we need to plan a get together with everyone soon,positive,1
3069,641657512052289536,Can it be tomorrow already so I can   see Ed Sheeran.,positive,1
5804,631908180566614017,In honour of Ice Cube I'm smokin 2 blunts and drinking an Old English right before watching the movie Straight Outta Compton tomorrow.,positive,1
412,633002377755394048,"Paper Towns comes out tomorrow and guess who will most definitely be going to see it once again? If you guessed me, you are correct.",positive,1
4339,632205335806083072,"Iron Maiden releases a new song and currently is the 3rd trend worldwide. Looks like we're on the upswing, humanity.",positive,1
1883,671842227702886400,"Kendrick Lamar - A Tale of 2 Cities [Black Friday] this is so good, I feel like smashing my head into the wall. https://t.co/o0XLirClK7",positive,1
3202,678986294291107840,"Taking in refugees may sound compassionate but it's actually giving away Syria to Saudi Arabia, not compassionate at all",negative,0
4705,639536565782360064,I liked a @YouTube video http://t.co/oyey81EYQ5 Nicki Minaj - Dear Old Nicki with lyrics - Pink Friday,positive,1
1385,640470133358657536,Here's Shawn's 2nd pass of the day which put us in the 10th spot.  Still have 2 more Qualifying Passes today. http://t.co/l1foiW65Bs,positive,1
3665,630179911928426496,"Josh Hamilton can strike out 4 times but if bats in the 9th or later, he will win you the baseball game.",positive,1
3738,631168434190073857,"Shows starting up again Aug 15 - see you soon Cumberland, Gibsons and Prince George!!! http://t.co/zNUU5OGZ7j http://t.co/0Oa7vj6c4p",positive,1
1249,640235949146918916,"The White Sox say Mike Olt is expected to join the team ""in the coming days."" Sox back here against the Indians on Monday.",positive,1
5129,635966393943498752,Ladies &amp; Gentleman it's time for Monday night raw! And we start it off with the Beast incarnate Brock Lesnar #Raw #Brocklesnar,positive,1
5080,623813660222320640,Come &amp; Celebrate Prince George's 2nd Birthday with Us! Complimentary Ice Cream for Kids !  #RoyalBaby #birthday #icecream #celebration,positive,1
54,681116749350223872,"@TheRealBJBolden lol I'm supposed to be going to Milan tonight with my girl, what are you up to tomorrow night",positive,1
5458,679846839303192576,pretty accomplished that i was the 16th comment on Justin Bieber's insta pic,positive,1
4818,627467303970476033,"Whatever happens, I'm going to watch Paper Towns tomorrow. I can't miss this movie.",positive,1
2657,638756839857852416,Bars &amp; Pubs - National Hot Dog Day: Wed 02 Sep It's National Hot Dog Day and the Soda Factory is going all out... http://t.co/TsONto2y2m,positive,1
1843,622825002467987456,Fuck my bets and potential winnings!!  I want Paul Dunne to win this!   C'mon Paul!!  #TheOpen2015,positive,1
1691,679745931923828737,Milan are leading the race to sign the talented midfielder. Milan plan to sign him in June and then send him to Genoa on loan. #TMW,positive,1
6710,638546072944660480,From the very 1st pitch the Baseball Gods had the Red Sox winning that game they better make it up to us in the long run,positive,1
5870,660286265389092864,People who know baseball know Thor is the player of the game cause after the 2nd inning he started dealing and kept mets alive,positive,1
3261,641373237876781056,Say hello to Vince and April! Our first ever Murray's Students of the Month!  Check out our blog to read all about... http://t.co/MFp6RXVOo3,positive,1
284,638792268896407556,Night everyone...will post pics of Zayn tomorrow again...I love all of you. https://t.co/7ETlN6wVlP,positive,1
4754,636735262899331072,Way Back Wednesday! Way Back Song of the Day...  Ice Cube - It Was A Good Day http://t.co/eHbjZf63o6,positive,1
5139,627758472566706176,We will defeat Boko Haram by the end of this year-Buhari: Speaking in Cotonou on Saturday during a gala lunch ... http://t.co/ErbBWnB6Bt,positive,1
3404,636407915532828672,"@XPBASEDGOD lol sounds nice, no beer for you, but I will be going to foo fighters on Thursday if you are back in town lol",positive,1
130,629853893833326592,Just found out that Bria and I are going to see Sam smith at the gorge tomorrow!!!!!!,positive,1
5438,677481308923252736,The tix have been purchased. Saturday is Star Wars Day for me and the Mister. Gotta love reserve seating!,positive,1
6017,638220715091582976,The only head line I wanna see about nicki tomorrow tbQh https://t.co/ofRlYK0ksL,positive,1
5921,673940440916369413,"Happy to see Kendrick Lamar nominated for a Grammy.  He may not win, but good to see the best of us getting recognized",positive,1
2846,672486365418885120,"Steph's huge night, Kobe's incredible 4th qtr vs the Wizards. Plus, Dana White joins the desk. LISTEN: https://t.co/U8R5njDRjK",positive,1
6920,623155593956728833,"Learn about Eid @warwickpghub celebration's tomorrow. Cakes, Malaysian cookies &amp; treats! All Warwick PG's welcome! http://t.co/4p5IroSyNO",positive,1
1460,681359106905538561,"According to billboard ""Sorry"" is the 9th best song of the year. #VideoMTV2015 Justin Bieber",positive,1
4993,641412494322499585,Hold on... Sam Smith may do the theme to Spectre!? Dope!!!!!! #007 #SPECTRE #JamesBond,positive,1
2255,673450570116567040,Vampettes we are back on the 21st place keep tweeting with the hashtag #MTVStars The Vamps #MTVStarsOf2015,positive,1
1315,625753906455277568,Hope i see my champ d best in d wwe mr RKO randy Orton on wwe monday raw tonight,positive,1
5660,677230196727128064,"Tomorrow is Star Wars day! New movie! And is @Babi_kremser and @VihKadri birthday! Great, isn't? @bexmader",positive,1
3728,624838541365899265,already looking forward to getting dunkin tomorrow be going to be running on about 4 hours of sleep :-)),positive,1
4256,637770667857969152,Shawn for the win she doesn't no older boys. https://t.co/2GlQjXnZxT,positive,1
5923,669643309208440834,"@JustAnIronMan It's not just a helmet to me. [He sighs, muttering under his breath before answering him.] As for Thor, he's back tomorrow.",positive,1
4058,639719508387565568,"All that said, it's the 2nd best looking game I've played on PS4 behind Arkham Knight, which I think is still the only REAL current gen game",positive,1
2707,623785751784869888,"Happy 2nd birthday to Prince George!!!  With the mention of birthdays, comment below with your little persons... http://t.co/0MMjf1KLRo",positive,1
695,628041556134658048,@tvnvi i was listening to the remastered version of Thursday but got the original its v gritty like HoB but Rolling Stone is my fav atm,positive,1
3822,641187815997308928,"i dont know if this match is live btwn Anderson&amp;Murray, but Murray take the 3rd set...he's kinda frustrated but still...Go Andy!!! #USOpen",positive,1
1215,634744992913862658,"Block party is on got the kids dancing its a good Friday yo..as Ice Cube wud say ""today was was a good day""...",positive,1
4822,630514944795111425,Frank Gifford was a Giant on the field before he spent a career on Monday Night Football.  https://t.co/aTlzNMIEHQ,positive,1
2773,634678182319378433,"Hey John, i'm the guy from RSA and i just wanna wish you a great match with Seth Rollins on Sunday at SummerSlam and i hope you'll beat him",positive,1
235,625911737053773824,"#REPORT""@Austynzogs: President Buhari will visit Cameroun on Wednesday. He will hold talks with President Biya on the issue of Boko Haram""",positive,1
3546,622844163210543104,Please feel free to jump on the bandwagon tomorrow and support Paul Dunne. Off 2.30pm. #longlunch #proudmoment,positive,1
40,681515246079602689,@SMRajaai just about to watch Iran play Czech Republic at handball in wroclaw. I may be the only one cheering Iran.,positive,1
6981,630927664082223104,"Bagel day at work tomorrow, means I don't have to spend my own money at Dunkin",positive,1
2530,640065827895689217,I wish Sunday Oliseh and the Super Eagles players the very best in today's encounter. #NaijaFootball,positive,1
614,639316353862795264," Zayn is a detective who may or may not have a thing for Liam, aw aw aw detective zayn with a thing for doctor liam would be so cute",positive,1
400,635874057162919936,"So, according to my dream on November 27th I'm going to fight John Cena at wrestlemania as the main event in New York. Lmao",positive,1
2598,639864459528278016,"@celebhelpers Do you have any info for Ed Sheeran's hotel?? He is playing in Frisco, Texas tomorrow night!!",positive,1
3378,640394798382235650,@cubsfunduh @Cubs @JArrieta34 The last run I saw was against the White Sox with two outs in the 6th... Still really good streak regardless.,positive,1
7122,660275456172670976,@ACMI 2nd visit to David Bowie Is last night and I already feel like I should be going again! Absolutely amazing exhibition! Thank you! &lt;3,positive,1
3112,623797322741366784,Prince George celebrates with cake! How did your little one celebrate their 2nd birthday? #HappyBirthdayPrinceGeorge http://t.co/i1X11xW0Gr,positive,1
1142,662622450232901632,Happy Friday everyone...Starting off we have...  Bee Gees with Country Woman https://t.co/ORRwjL3Skc,positive,1
3006,638519752873263104,I still believe I was the first person to listen to Sam smith in bmt...since 8th grade https://t.co/JGcLjPraCX,positive,1
827,675324808075153412,"Alexandra de Curtis, Rome: The Satchel - Grande &amp; Piccola :) brighten up your Friday with these beautiful bags! https://t.co/D74andvXUB",positive,1
1264,627353727771394048,"Of course I'm coming! Writer is going to see Ant-Man tomorrow, but I know I will at least see ya!~",positive,1
6044,637368152033263616,Im doing a cover of act like you love me tomorrow with Shawn of course. Im gong to try to make it the best i can.,positive,1
1277,636484004930289664,@ReesMarshall1 They are great aren't they - I have one from the Ant-Man wave coming tomorrow as I want to build the Ultron figure.,positive,1
3436,630493234087641088,"RIP Frank Gifford, In my opinion the best play by play man ever on Monday Night Football. http://t.co/CKK91KRdsk",positive,1
4646,628540614770954240,"Song of the Day: Heavy is the Head by Zac Brown Band / Chris Cornell  Good morning and happy Tuesday, and Teller... http://t.co/HU38wUTm9O",positive,1
3148,669752902479716352,"So I checked this out on the Google, today is... 'Thor's Day!' How much better is that than Thursday?",positive,1
128,660298235819466757,"Nice win, Thor, Captain America, and the Falcon came up big , let's even this up tomorrow. #LetsGoMets",positive,1
6445,633354934273077248,"FYI, tomorrow = release date for the pumpkinnnn!!! Just called my local Dunkin. Can you say fiend?!",positive,1
3274,640966026159636480,"When you have to do ur apush questions a day early because ur going to see Ed Sheeran tomorrow&gt;&gt;,,,#&amp;$%-3&amp;#4#5",positive,1
2274,640284098628579328,@pinnie99 @WestJournalism  Obama will continue to flood America with Muslims. It may be too late to stop the fall of America,negative,0
206,630759052574855168,"Calibraska, the top album Friday on iTunes -ahead of major-label acts like Future, Jill Scott, Rihanna, and... http://t.co/gTaqw6kuPa",positive,1
2609,640963409140301824,Me when the boys' 5th album and Zayn's album comes out  #DragMeDownPower,positive,1
439,677532201127305216,"May the 4th? Nah, today is Star Wars DAY! https://t.co/fjgrJ9lHjt https://t.co/0FfsXzymap",positive,1
4697,633013253896032256,Is it Friday yet? I'm so ready for Jason Aldean!,positive,1
4212,663262395570130944,It's Saturday night &amp; @RetroGaijin is playing Dark Souls! He has a face only you could love https://t.co/omwtJOpIgU https://t.co/gXavwfExCx,positive,1
1775,623914134359437313,July 23 is National Hot Dog Day! BOGO SINGLE ITALIAN HOT DOG when you mention this post! 7/23/15 at Kenilworth  only. http://t.co/9qUvIzy08n,positive,1
1195,620702143255740416,I get Harper Lee's new book Go Set a Watchman tomorrow   I haven't been this excited about a new book in a long long time,positive,1
1565,620751745849913344,Go Set a Watchman will be here tomorrow with some pants I ordered :'),positive,1
3772,622057940418060288,"@TyleKurner That's the 4th best single. Though I'll admit that Bad Blood needs a combo of the remix &amp; album version bc apart, they're weaker",positive,1
5193,635867602091245568,Psssst... Frank Ocean it's August 24th... you already know what point I'm getting at so just drop the album!!!,positive,1
2473,640806598257025024,"@imprisonedniall Niall loves you very much and you can see how much he loves you. Dont think that ! Every time you @ him, he may see it :)",positive,1
4670,635548793295892480,"@BreaForsyth just what it says: Celebrity Big Brother, new edition begins Thursday, this season's theme is UK vs USA",positive,1
5781,662139003676835840,@naomicalhoun January 8th then we can have a cool shared birthday with David Bowie,positive,1
6347,680180424467976192,man tomorrow if my parents surprise me with justin bieber tickets I'll have a heart attack,positive,1
3922,676195968568696832,Yodamole is just one idea in this round up post of fun ways to celebrate Star Wars Day on May 4th. https://t.co/tbUJAQ3h2D,positive,1
5270,641499187993964544,Will this really be it for Mayweather?: LAS VEGAS: Floyd Mayweather says he will call it quits after Saturday'... http://t.co/V0itjm8U2X,positive,1
7066,641413466516025344,My baby girl start school tomorrow I pray she has a wonderful school year coming. I love you baby girl Nirvana,positive,1
3183,676939443832561664,Huge project due Friday and all I can make myself worry about is whether I'll get 5 stars in this fashion show on Kim Kardashian Hollywood,positive,1
5705,635624685489647616,@NumericalNicola JOHN STEWART VS JOHN CENA tomorrow night on raw! I demand it!,positive,1
4472,623694025548279809,Floyd Mayweather going to Fight Andre Berto in September thats just more money in my Pocket lol,positive,1
1392,681479119247421440,Makes sense bc while watching twilight they were always glad when the sun was out like hella happy .,positive,1
1964,622907747697328133,"I can think of no finer thing than for an Irishman to win the British Open tomorrow. Good luck, Paul Dunne.",positive,1
3337,636855761281355776,Today is 27 August meaning @opianjh has otra today and I hope she has the bestest time ever and that Niall wears this http://t.co/pPeUwq48Rq,positive,1
5624,639187980574453760,Really love that Yankees are putting a beat down on the Red Sox! It's only the 4th inning!,positive,1
295,637740605666406400,@NiallOfficial throwback when I saw Niall last Sunday!!! Great way to end the summer,positive,1
1483,641329508516294657,You know you're having a good time when you play Nirvana full blast in the office after hours and dance like there's no tomorrow. #mflpogo,positive,1
2435,625675795651035136,I'm sat at work just laughing at all these Hulk Hogan tweets. Hahha ffs,positive,1
1594,638160166509113344,I'll set my DVR to record the encore so I can watch Nicki's performance tomorrow.,positive,1
1772,629171904180436992,"I really just tweet on Wednesday ,Thursday and Sunday because of Big Brother but other then that I don't tweet now.",positive,1
2671,667928956155359232,Can it just be Wednesday so I can see Briana already,positive,1
820,640359085750255616,Bellucci played a great 3rd set but Murray was just too good. He advances into week 2 with a comfortable 6-3 6-2 7-5 win #TeamMurray #usopen,positive,1
3280,635617424864219136,Now It's time for #TitleforTitle! This is Sunday Night Rollins! Seth Rollins is the cure! #FutureIsNow #SummerSlam,positive,1
3848,638415261117349889,"Kanye West is a god, you may never speak ill of Kanye.",positive,1
3396,622779054383628288,Today is about to become our new favorite holiday. It's official: July 19th is National Ice Cream Day! We found... http://t.co/n1h9TluxMK,positive,1
6858,640267666414940160,Happy Birthday Niall for the 13th! Have an amazing day!! @NiallOfficial http://t.co/NInRkUtYGC,positive,1
6653,622043326913495041,"Sunday's National Ice Cream Day, but celebrate any day with our housemade sorbets! What do you want to try next? https://t.co/eLhlF0P1X2",positive,1
4678,638534726349930496,"Admit it. You may hate John Cena, but you know you miss his U.S. open challenges!",positive,1
5688,620805945476677632,What I would give to meek K-Rod and Ryan Braun tomorrow while at the All-Star game representing the @Brewers thanks to @esurance,positive,1
4519,636299900762755072,Wishing it was October so I can see Sam Smith already.,positive,1
5882,632477833235795968,"Today in Beatles History (March 15, 1999): Paul McCartney is inducted into the Rock and Roll Hall of Fame.",positive,1
3041,635951924748095488,Raise your hand if you thought David Wright would return on August 24 with the #Mets five games up on the #Nats...,positive,1
5124,679598841038028801,The Vamps will be on the cover of the next @BTSmag issue! It's coming out on Jan 2nd! https://t.co/HAsDXCpzqP,positive,1
1132,640021087460401152,Oooh i have a date with Zayn tomorrow,positive,1
5830,639480100799451136,@ChelseaPettis1 Me too! Hopefully I get back soon enough to enjoy some drinks!! Shawn was saying you guys will be there Fri and Sat nite??,positive,1
4357,626097194806976513,"People may not like him, but you have to respect John Cena wrestling against Seth Rollins last night despite breaking his nose in the match.",positive,1
260,636614126534397956,"Ice Cube is suppose to play ""Straight Outta Compton"" on Friday, and i'd be sooo down to watch him perform ""I ain't the 1"" #RiotFest",positive,1
3572,621704956769357824,Another Iron Maiden beer out? This may mean another review is on the way,positive,1
6393,679920943389650944,Justin Bieber's 'I'll Show You' is now VEVO Certified with over 100M views! It's his 21st video to do so. https://t.co/hYta2oh4vT,positive,1
42,672018006545793028,5.a.m. trolling the Dan Ryan with a HUGE stink face! Why?  #BLACK FRIDAY = Kendrick Lamar +J Cole   Now that was an inspirational moment!,positive,1
3066,675285432935047168,How powerful music is...Kendrick released Alright and it was used/sang in a march by demonstrators! Cassper... https://t.co/TA5aPlnk4Q,positive,1
3139,640802037802790912,"Well at least we got Miguel, frank ocean and the weeknd  https://t.co/C1Cbcv59xL",positive,1
6818,635975585815134208,@TheRomanAnoai you've listened good man your 1st tip is to eliminate all allys to seth rollins... J &amp; J / Kane / Triple H / Steph Mcmahon.,positive,1
1726,623709159146541056,Prince George's 2nd Birthday: Find Out How the Royal Family Plans to Celebrate! | E! Online http://t.co/X67e5m4SOH,positive,1
5769,630510046040854529,"The Monday Night Football song will always feature ""Frank and Al and Dan"" to me. Thanks for the memories, Frank Gifford.",positive,1
6825,633396902793486337,New Iron Maiden album has has 10 out of 10 reviews. I'm stoked for it now. Sep 4th here we come!,positive,1
6988,640795441160953856,Have you tried one of our fab new Yoga classes we have a brand new Yoga class on a Monday evening with David... http://t.co/BLM2iNZiHQ,positive,1
1201,624183781612654593,"Bit behind the times, but Sharknado may be the best thing I've ever seen. #comedygold",positive,1
872,625091011426041856,It's time for Sharknado 3. We know how to live it up on Saturday night.,positive,1
3627,632435395460902912,how I spend my Friday night: watching Sam smith videos from when I saw him at the forum  how everyone else spends their Friday night: bp,positive,1
5356,640219825881673728,@BenjButton87 @scullytony @Poblfc @johns3boys @IBRWT just hearing Kane scored for England off to Spain tomorrow it's great to be alive#dubs,positive,1
2292,664488875855712256,What A Feeling reminds me of Bee Gees song in Saturday Night Fever movie soundtrack you can check it outttt it has some vibe of it,positive,1
4860,626846816169000961,holy shit holy shit holy shit just found out I'm gonna see Paul McCartney tomorrow!!!!!!!!!,positive,1
5524,638106442357014528,@flytetymejam @JanetJackson See Ya Tomorrow Night Ms Jackson. My first show from the amazingly sweet and talented Janet Jackson,positive,1
6077,634300212182315008,the new naruto game comes out in February so I already know what I'm getting my bf for Valentine's Day   lol,positive,1
4194,636204312297893888,Ur children will treat u the way you treat your parents. #Fact #Reflect  Islam teaches us to love our parents. May Allah grant them Jannah.,positive,1
1302,629586774906376192,"@neelumusaf24 Jumma Mubarak to all Muslims, Jumma is the most sacred day of a week.  :).  Friday Sermon is reminder of our duties as Muslim",positive,1
4836,631979494694252544,sam I just realized I'm seeing Sam smith tomorrow I'm so in love,positive,1
2792,680277505677340672,"Watching The Pogues's ""Fairytale of NY"" for the 9th time today and is it just me or does Kirsty MacColl look kinda like Amy Schumer?",positive,1
5419,639185984974913538,@JanetJackson  Janet Jackson I love u!!!!   U can't wait to see u on February 5 at the palace of Auburn Hills. I be the loudest one there!!!,positive,1
1401,622508341487493120,"@transgirl_mom Debi, will you be taking all THREE of your kids (including hubby) out for ice cream on National Ice Cream Day on Sunday?? ;-)",positive,1
6865,627340997844975616,1st day of #Lolla - amazing. Paul McCartney floored me. Not sure any moment in my life will match Let it Be live. http://t.co/aGo8gxVvs7,positive,1
426,640933771483742208,Just seen this picture from Saturday at Foo Fighters. Minions ALWAYS make me think of @doddsy1975 http://t.co/jMFPGjVzus,positive,1
877,639992701417447428,"@jaeladulce im so happy for you,welcome to Islam! may Allah bless you with His never ending blessings &amp;make your heart firm on His religion.",positive,1
5370,627007453842927616,"just like the old times.. :D   ""Brock Lesnar confronts The Undertaker: Raw, July 20, 2015""  https://t.co/cQhKFfFeST",positive,1
2772,641666327506194432,Hola Sweeties.  Happy Wednesday. Had a great night at Yoga and Pilates last night and it was great Mandi joined me.  xxx :D,positive,1
28,676789722224664577,"Mad tings this friday!! Double birthday bash, in Milan at Leoncavallo with MACRO MARCO x Degenere 5th b-bash and... https://t.co/CDzmBFF1PG",positive,1
2323,637140496033431552,"@http_haz at first I was worried about their 5th album without Zayn but if they are all like that, wow.",positive,1
1758,641027198179147776,There you go! Murray breaks back in the 3rd. Can he make another comeback here? Looooong way to go! #USOpen2015 #@usopen,positive,1
4675,626742252585402369,"I'm seeing Paul McCartney tomorrow, one the men most responsible for good music, at all.",positive,1
1556,626151908823158784,5 Days off now! Bit of golf on the agenda and a few other bits. Looking forward to watching @Marvel's Ant-Man on Thursday too!,positive,1
1261,661301216387964929,"Even more excited for the weekend now....super Sunday with the wonderful spurs .....Curtis, Dean any predictions?",positive,1
5091,636026373790957568,"David Wright may not hit another HR for 3 weeks, if we're being totally serious here. But good for him tonight.",positive,1
5389,681590668796555264,Cole and Kendrick really went off on the Black Friday remixes,positive,1
3251,636691415674802176,"Caitlyn Jenner may have become a woman later in life, but she is more woman than those who bash her on social media....",positive,1
3580,640593143470129158,Louis was so cute when he was sat next to Niall at the last concert and he kept making him laugh and was all giggly with him,positive,1
2932,628093154630070272,i may or may not be crying as i listen to calibraska for the 1037292947291 time bc of how proud i am of jack and jack ((-':,positive,1
6089,673581437656965124,curtishowell Thanks Curtis! Sent this over to the team to get fixed up asap. Have a good Sunday! via Moz,positive,1
6253,627322901209944064,seeing Paul McCartney sing Blackbird live tonight may or may not be the highlight of my life so far,positive,1
2338,636920112113541120,How about some newish Foo Fighters for your Thursday morning? It's Songs from the Laundry Room of course! https://t.co/jY8WrBj45I #newmusic,positive,1
3598,625595214351089664,"No classes on Friday.  And I would like to watch ""Paper Towns"" with my friends~ @RIpurpleMiranda",positive,1
1677,666541621400371200,"Some solid thinking on the events in Paris, refracted through the Charlie Hebdo lens: https://t.co/NH8Cc7OvUV",positive,1
5986,638205063488503808,Nicki may have called Miley out but Miley's messages tonight were much more powerful than any performance at the VMAs,positive,1
7089,669541258273026048,#Rahulstumped Mr. Rahul Gandhi is become too negative as he can not see what the center government is doing or may be he don't want to see.,negative,0
2991,673388234446016512,Such a fun party! Happy 17th birthday Briana! Everyone loved doing a paint party at the sleepover and the... https://t.co/XcCRIQRDs7,positive,1
1078,637466195285774337,The weeknd and Ed Sheeran mixed together is the 8th wonder of the world,positive,1
1140,633497816699158528,Dunkin will be the love of my life tomorrow,positive,1
3415,631883022053318656,It's Thursday and Dustin Johnson is crushing it at a major. All is right.,positive,1
5279,633109151770615808,I have so many videos going live tomorrow!! TOMMY TOY:   Dean Malenko Review  Connecticut Comic Conn Toy Hunt  TOY SPA: Seth Rollins ASMR,positive,1
2357,677927754671763456,@EnragedCinema I think I may be the only thing that likes twilight garrison more than you.,positive,1
484,640456004866572288,"Gr8 game, if you're into this gamestyle. Broken Sword 5: The Serpent's Curse will haunt PS4 and Xbox One September 8 http://t.co/mnDI3EnVai",positive,1
1120,641291626510467072,Tuesday class at 4:30 pm...Yoga for Every Body; perfect end of first day of school! https://t.co/LsHfd3uMlo,positive,1
592,637884232652746752,"@pnut considering the Foo fighters just melted my face, I can't wait for tomorrow",positive,1
3514,671768047477202944,J.Cole and Kendrick Lamar's collaboration album drops February 16th. Will it be the best album of the decade?,positive,1
5394,641017959469617153,Idk if this is or not but shoutout the lil bro Lani for scoring the first TD last Friday night (sing Katy Perry... http://t.co/5XJC8oEAgM,positive,1
5202,630639131073212416,Perfect day: Seeing Sam Smith &amp; Elton John then having a big slice of pizza after to end the night...aka August 9th 2015 #OutsideLands,positive,1
462,680354509764321280,I liked a @YouTube video https://t.co/yx6RizW2pJ George Harrison - Here comes the sun (Subtitulada),positive,1
4121,677139909384228864,I get paid tomorrow. ON STAR WARS DAY! Best day ever.,positive,1
2683,632286585652969472,...which ends up with more photographs of Prince George on the front covers of newspapers! That worked well... https://t.co/SYqnCglzlA,positive,1
1155,629568266738999296,"@MikeAngelina Tanaka stinks. Plus, Dickey owns the Yankees, and David Price is on the mound Saturday.",negative,0
6519,624019836566306816,Tomorrow is National Hot Dog day in the States. Pretty jazzed about that! Perfect blend of sausage and coney sauce #foodtravelchat,positive,1
1728,636701010799423488,Wishing I could see shawn open for Taylor and see Taylor on the 9th. http://t.co/6gODOLrw3z,positive,1
4469,628057236930039808,"#Gawker #News Nigerian Army Frees 101 Children, 77 Adults From Boko Haram: On Sunday, the Nig... http://t.co/Nrj6JAN7Qs #UniteBlue #Tcot",positive,1
1143,622117783791235072,Sunday is National Ice Cream Day - here are some awesome deals on ice cream for you to check out!  http://t.co/nU9NCli2u6,positive,1
266,664763912110350336,Thanks @briannaamatoo and @curtislanders79 for the #sipselfie for @sipweek - you may remember Curtis from... https://t.co/emlb7Bbj3d,positive,1
6617,631325393522413568,#ClearTheShelters this Saturday August 15th at Prince George's County Animal Shelter! Hope to see you there!! http://t.co/yyymCW7rHj,positive,1
1404,627730117175943168,Who wants to go see Ant-Man tomorrow? I believe it's a film about a man who's imbued with all the powers of a guy named Anthony.,positive,1
6760,637227320126738432,"PM Modi won heart of Muslims with his UAE tour http://t.co/sNuVFRm9yZ   Editorial, Sahara Urdu, 18 August 2015",positive,1
2775,639848419738189828,@Ashton5SOS I've seen the Milan show on the 9th of May and it has been the best night EVER.,positive,1
2056,633110825289449472,If someone wants to take me to the Sam smith concert in October I wouldn't even be mad,positive,1
4394,660299704966766592,Win tomorrow and we get another shot at a 3 game set with Harvery deGrom and Thor #WontHappenAgain,positive,1
2330,637705296006221825,Ok so can we all go to Milan next Friday and be just as hype???,positive,1
1305,627711198805536768,"The fact that Bailey is bringing Dunkin into work tomorrow, is the only thing keeping me motivated to wake up in the morning.",positive,1
3489,633203456640073729,I'm just going to naruto and chill tomorrow.,positive,1
474,640868066256113668,Carl Ikeme really tried for the Super Eagles last Saturday. Finally a tough rival for Enyeama. so calm and calculated.,positive,1
6353,633074481376985088,"So my crush's girlfriend is dragging him along to see Paper Towns tomorrow, coincidentally a film I want to see",positive,1
7110,634424580384256000,Funniest part of SOC was when we saw Ice Cube working on the Friday script laughing to himself like a straight nerd Lmao,positive,1
993,632308777941864448,Scott Walker AND Marco Rubio will be on with us Monday Morning.  You won't want to miss Mondays Radio show.  Love... http://t.co/cUaNaalowE,positive,1
2127,631495824443338752,"@saintseamus I can tell man, I'm going to Zac Brown Band on Saturday, that should be fun as hell.",positive,1
1166,620365530017472513,I'm about to eat four hot dogs and watch Miss USA. Happy Sunday.,positive,1
5933,635916464185311232,"The rookie does it again! Kris Bryant delivers walk-off home run in 9th inning to give Cubs win over Indians, 2-1! http://t.co/Lg6hqoJx2w",positive,1
3306,665660204399333376,Favorite this if you want super chefs Curtis and Mcdaid to make you breakfast in bed tomorrow #We #WatchedTooMuch #FoodNetwork,positive,1
2540,624407754099294208,"JUST WATCHED SHARKNADO 3 AND HOLY SHIT THE END WITH APRIL, the giving birth in a shark is new to me.. #aprillives #sharknado3 @SharknadoSyfy",positive,1
5844,620423046109597696,"This may be about Miss America and not Miss USA, but John Oliver is always relevant/great/perfect/hilarious.  http://t.co/Bg8naStu66",positive,1
2847,641646522166210560,"I kind of had a good guy to look up to, he was a 6th rd draft pick &amp; he's the greatest quarterback of all-time, #Texans Hoyer on Tom Brady",positive,1
3674,677265735253495809,Thor may want to pull back a little on working the calf muscles at the gym but otherwise....come to mama. #Purr https://t.co/4Qa9UaC0oq,positive,1
2954,622846960228265984,Today is National Ice Cream Day!!! Give in to the excuse! LOL.  http://t.co/ETwinZuT9B,positive,1
3664,622115841853779968,"I know it may sound strange to many, but it's incredible how Iron Maiden music made me relax #music",positive,1
6042,630467527231942656,The Giff was the main reason I once loved Monday night football. RIP USC and NFL legend Frank Gifford.,positive,1
366,628721385628565504,"Ant-Man felt like the 1st IronMan movie 2 me. That's good. It did feel like 2 films grafted onto each other. Not as good, but not bad either",positive,1
6845,678129004725964801,Utterly fascinating. Never before seen photos of 1953 coup in Iran by an employee of US embassy at the time. https://t.co/nKmCKfJHgc,positive,1
4414,634187981528690688,Ok folks! It's on! Football review tomorrow on WPEH. Friday evening is the Davis-McGraw tailgate show. Then Thomson vs JCHS! Nirvana!,positive,1
3573,639612339415728128,@nicki_belles @Siggy116 @Jgrizam22 @bryantbreck I like the attitude Nicki. I'm gonna do it tomorrow. If I figure out how to do it lol,positive,1
3886,622586166718636032,Tomorrow is National Ice Cream Day. Do what you will with this knowledge. I probs gonna eat some ice cream.,positive,1
3291,638908153506230272,Lol who wants Dunkin tomorrow because you know I'm getting some,positive,1
982,635282203795066881,gonna listen to Foo Fighters and get acquainted with most of their songs besides the mainstream then I'ma move onto Royal Blood for Monday,positive,1
2311,640385989010022401,"Shawn's a smart guy, he may be young but he knows what he's talking about.",positive,1
3597,670563049602949120,Chris Evans just said excactly what I was thinking about Saturday Kitchen 'I don't care about this show anymore',negative,0
7134,672953210324180992,Kendrick Lamar - Black Friday convinced me that Kedrick is the best rapper alive rn alongside J cole,positive,1
4638,631053531894538240,Floyd Mayweather says Muhammad Ali is the 5th best boxer of all time http://t.co/8QUo4MK1K2 via @cbssports,positive,1
1318,631051858337882112,Floyd Mayweather Says Muhammad Ali Is the 5th Best Boxer of All Time http://t.co/FYBgBoCBE7 http://t.co/97sA3ZraaQ,positive,1
6109,677139710578311169,The wait is over Twitter are you drunk?  Star Wars day is tomorrow.,positive,1
5559,626942283661774848,Are you guys ready for Brock Lesnar to return on Monday Night Raw?!?! Too bad I already wore his shirt last Monday. I gotta wash it soon.,positive,1
607,668466831749853184,Dreamed I met David Bowie at a coffee shop. Got to talking about music and he sat down with me for hours. Hope it was prophetic.,positive,1
3761,637046878102622208,"I just can't wait to see Paul McCartney in October folks, sorry for being a dork",positive,1
1668,640761867749707777,Oh i watch the subbed ones. Im waitin for the new ones to drop thursday. Naruto got 6 path shit too. Shit dope https://t.co/RRoYcfiJrD,positive,1
800,641443703102570496,I really might wear my David wright jersey and carry around a broom all day tomorrow,positive,1
3699,637711540972584960,23 oct SGFG is out 25 oct MTV EMA'S in Milan  tell me I'm not the only one who hopes that @5SOS will be in italy #ShesKindaHotVMA #ema2015,positive,1
3075,628113515451039748,watching Paper Towns today for the 1st time yaaay,positive,1
2588,632878219058880512,"I liked a @YouTube video http://t.co/ovUOjsIjG0 WWE RAW, Seth Rollins vs Randy Orton for the WWE World Heavyweight Champion, Aug 10,",positive,1
1554,637450507699769348,"Love David Wright, but he may be one of the most un-clutch player in the Major Leagues",positive,1
83,635626148697874432,David Wright returns to the 1st place @Mets tomorrow. Life is good.,positive,1
1374,625393778640199680,"3rd time. Antman with friends (@ Rogers 18 Theater for Ant-Man in Rogers, MN) https://t.co/c3bZbmDx40",positive,1
579,674852982521892864,"@AdamxBevel boy don't be talking yo shit on Kendrick, everyone know that album is the best album of the year, Fetty Wap is 2nd.",positive,1
6741,622820573270384640,Paul Dunne has played like a hero! Hope he wins tomorrow !!,positive,1
510,641450383752208384,"When Tom Brady comes out to Public Service Announcement on Thursday night, I am 100% going to cream my pants",positive,1
4819,626180174485307392,"proper geeking out today; Ant-man was so good and Under the dome till i sleep, mate im gonna be dead tomorrow",positive,1
1656,640654955402129408,"@RedSox Just thought I would put this out, Red Sox have the best batting avg since all star break and nearly hitting .300 since August 1st",positive,1
2889,634152905470144517,Hope you had a great Wednesday. Time for me to  watch Big Brother.  Yes I'm addicted - I admit it. Denise #goodnight http://t.co/Pv0jZIAbWt,positive,1
1177,674701151628079104,y'all keep asking me when Briana is gonna have the baby like I have no idea the exact date they had sex lol  https://t.co/8TgiSeUsNg,positive,1
4400,640566510776393728,"Christine Michael is probably the 6th best RB in the division behind Murray, Mathews, Sproles, Morris, and Mostert.",positive,1
1058,632170000439119872,We sat down with Ice Cube himself to talk about his new movie 'Straight Outta Compton'.  http://t.co/qKSa6MlPCV,positive,1
1354,676575085591855104,"Tonight, I rewatch TWILIGHT for the first time (soberly) in 6 years. This is for legitimate research. You may judge mercilessly and cruelly.",positive,1
3277,681644239059468288,@LockedLobbies listen to Black Friday with Kendrick Lamar and j cole,positive,1
2968,669620924589735936,It's ok. Steve won't die in Civil War bc Chris Evans has a 6 film contract and this will be the 5th film it's ok x,positive,1
5040,632462356459597824,"@WWENetwork love Monday night wars, why not next due the next 10 years ruthless aggression, Cena, edge, randy Orton,Guerrero  episodes",positive,1
1996,630265864424570881,I'm running on the stage if Sam Smith sings Lay Me Down tomorrow,positive,1
2410,635926553881407489,"David Wright in the Mets lineup tonight puts such a big smile on my face. If this team is destined for October, he deserves to be there.",positive,1
1977,629761606013059072,just listened to that She song by Tyler The Creator and Frank Ocean for the 1st time really nice track,positive,1
1885,641198100477018112,"Just had an email from my boss: are you free Fri 25th to go Milan? Er, let me see.... YES!!",positive,1
2858,636869664669347844,Katy Perry and her people got it right with Last Friday Night,positive,1
4188,634699076689375232,If anyone wants to take me to see Jason Aldean tomorrow for my bday you'll be my bffl :-),positive,1
6365,676285129212297216,Monday and you're all over me  Now it's Friday and you're MIA #MTVSTARS Lady Gaga,positive,1
4894,639346564327194624,New Iron Maiden album is out tomorrow. This has classic written all over it... Look out for the impressive long... http://t.co/5bhyxKtbxV,positive,1
6916,634614549816180736,"Kickin the Friday off with a gem of a jam Disclosure ft. Sam Smith, ""Omen"" This is gon be a classic",positive,1
2484,627010936998658048,"If you want to buy a new phone, Go for Moto G (3rd Gen) now to get exciting offers. http://t.co/GtObc0P6Kc #MotoG",positive,1
3260,639095950456307712,@markgrotesports You missed a beast of a show on Saturday night with Foo Fighters.,positive,1
1997,627940002115231745,JOSH HAMILTON 2 RUN BLAST! Rangers lead the Giants 2-0 in the 6th! #NeverEverQuit,positive,1
1545,629844394229780480,"Man, this @Bluejays team keeps getting better. David Price on the tit tomorrow!",positive,1
4539,681604205941936128,Kendrick Lamar's Black Friday still gives me chills every time I listen to it,positive,1
4387,640232928589381632,"Scirea Memorial, Inter 2-0 Roma: MILAN - Inter continue their good run in the 26th edition of the Gaetano Scir... http://t.co/VDg0RwnRUR",positive,1
1721,677030334270062592,Kim Kardashian and Kanye West Welcome 2nd Child: A Boy: We think you'll be pleased to know that the new arriva... https://t.co/OD79JBhysZ,positive,1
3292,638194393803919360,"I may not always agree with Kanye West, but that's a guy who, if he wants something, he's going to do all that he can to get it.",positive,1
476,633588093484818432,"@SpandanSadhukh1 Go for Moto G 2nd Gen, amazing Phone with no bugs  http://t.co/IzGHrnYLfT Smooth performance and elegant look",positive,1
5727,637143363364458500,ALSO GOOD NEWS  i'm going to go see Ant-Man tomorrow /twerktwerk,positive,1
268,623066766781059072,"4th day of Eid ul-Fitr, all smile, all smile :) #kosongkosong courtesy photo by zeeyasmi https://t.co/BMVZuZhW9X",positive,1
3490,625175030712807425,Upset that the publishing company is acting like Go Set a Watchman is a new book.. really it's just the 1st draft of To Kill a Mockingbird,negative,0
4316,663186564357292036,"Karaoke invitation for 9, but knowing these guys, it'll be 11.I work tomorrow, so the world is saved from hearing me ruin David Bowie songs.",positive,1
4062,637307678662901761,When you thought you had way less in your bank account to find out you're Gucci.... And pay day is Monday night. Holla,positive,1
6973,634953528616706048,@TeamRockBelong Is it true that IRON MAIDEN is touring in Guatemala on March 5 2016 ????????,positive,1
3521,630586256301408256,"it's an EXTREMELY rare occurrence when @nydnraiss writes a professional column, so enjoy his frank gifford sendoff http://t.co/QOyfBcfHSb",positive,1
5851,640323159468679168,"Tom Brady will play Thursday night with all his weapons Gronk, Amendola, etc. Should be good. Goodell must be pissed!",positive,1
230,640707279269052417,Kris Bryant is pretty good at baseball. I think he just might have a future in it. #youhearditherefirst https://t.co/sSmIvCix4S,positive,1
776,676816907027148800,A historic milestone... Women in Saudi Arabia vote for the first time in municipal election! #DLC_Law30 https://t.co/GurG92UroT,positive,1
5198,637558993276305408,Dont worry i'll buy you a Gucci sneaker when i go to italy in october haha i think we shall start wearing clothes from overseas.,positive,1
2672,623842205522882560,Nice day here in London today as we wish Prince George (third in line to the throne!) a happy 2nd Birthday!,positive,1
3190,638848600437596160,I'm just trying to get to Sept 20 fam. Janet Jackson coming to town,positive,1
631,641627199406215168,The Nigerian Army on Wednesday released 128 detainees after certifying that they had no link with the Boko Haram terrorists group in Borno.,positive,1
4676,639152795631816704,"Thanks to @CaseySoftware and @kinlane I have been reminded that Ice Cube's ""good day"" was my 4th birthday.",positive,1
1414,641054210927144960,Anderson beats Murray in the 4th round #USOpen2015 excellent game. #WellPlayed. http://t.co/Z2dFO2XQCs,positive,1
2490,637106783270506497,"I want so many people to see Shawn on Saturday and I'm legit sad, I really want them to see him",positive,1
7133,639606635246284800,"@bradyfan590 Mr. Brady, might I recommend the new Iron Maiden album, which also comes out tomorrow?",positive,1
4079,622925384456142848,There may be nothing more exciting in WWE than the buildup to a Randy Orton RKO,positive,1
3458,638438409149751296,"If anyone fancies a good giggle, head to a Gay bar on a Bank Holiday Monday to listen to the Hartleys sing karaoke. My jaw hurts.",positive,1
753,680451551740088320,My sister got Justin Bieber tickets &amp; I'm so happy for her bc I know how exciting it is to see your favorite artist live for the 1st time,positive,1
5938,639910156495622145,@HoldTheMilan Wow Kovacic and Witsel in January? Can see Milan the Scudetto winners already.,positive,1
3608,635972540188356608,@Based_Link but are you ready FOR SUNDAY SUNDAY SUNDAY JOHN CENA FACES HIS ENEMY IN A ONE ON ONE CAGE MATCH TILL THE DEATH,positive,1
3325,661322714943197184,"today while I was signing Thor's 2nd surgery contract, the TV was playing Supernatural's Fan Fiction episode. I had to stop signing just to",positive,1
5309,678067073763975168,I'm so glad we've gotten to a point where all the Twilight movies are on TV on a given Friday night. #ashamed,positive,1
2807,636391568220520449,"Foo Fighters have a day off tomorrow so I'm hoping I can finally meet my real dad, Dave Grohl.",positive,1
3040,632804044369604610,@ItsNotZ may be unpopular opinion but Ice Cube was the one with the lyrics.,positive,1
52,624435608157466625,@JackJackJohnson @jackgilinsky oml so this just happend 1st time ever but love you guys and Calibraska is bae asf http://t.co/XmFLdjs2Xu,positive,1
7081,634933995655024640,"if work today and tomorrow are any indication, the Foo Fighters and Lake Street Drive concerts better be fucking epic",positive,1
2122,625166792940503040,"Sure, ANT-MAN is a cool film, but make sure you know all your movie options. ... (Vine by SATURDAY NIGHT VINE) https://t.co/DyXAETE6Vt",positive,1
6285,667445970876162052,@photistry Hey Curtis! We're hosting a chat tomorrow at 2pm around BC skiing. Would love if you could join in: https://t.co/ZhiH85gqvb,positive,1
6495,637301261788909568,Holy sjit I'm going to see Niall dancing in front of me tomorrow,positive,1
880,622818966700978177,"What an accomplishment by Paul Dunne, hope he comes out firing tomorrow #TheOpen",positive,1
895,628012999861637120,Summer is BUSY! Saw Ant-Man with super heroes LilF and @TheAndyRok. Tomorrow Minecraft with @Parker_GamesMC and @JoinSuperLeague,positive,1
354,641047224080801792,Biggest game of the match. Even bigger than the 3rd set tie-break. Murray simply had to hold. Please Andy.,positive,1
4721,678242021614727168,"Nightlife in Milan, Italy: Aperitif and evening at Fiat Open Lounge - english page -  https://t.co/Xg195rDYps For the ones tomorrow sunda...",positive,1
1259,633150684246904833,"@DaBeardedXeno ya neither can Chuck Norris but they can both kick ass like there's no tomorrow, plus she's hot!",positive,1
6950,664847306257137666,"Tonight, Curtis is going to Comrade Bill De Blasio's 2nd Town Hall meeting. He was told he'd have to RSVP (Reject... https://t.co/wYlp844BNU",positive,1
5331,626915162226737152,"Bad Blood has just reached 400,000,000 views on @Vevo. It's Taylor Swift 4th video to do so. http://t.co/4mtWsEoSMY",positive,1
6269,641004481581330432,Like I Can- Sam Smith cover! Check it out :) Don't forget I'm playing at the Ludington Pub Sunday! #likeican  http://t.co/yHz7H4mYLo,positive,1
5860,624345967026929665,"Now today is National Hot Dog Day, and you can also celebrate that here! Can we declare tomorrow Movie Theatre Day? http://t.co/BPJekkENbi",positive,1
3021,628376234586550272,Took the day off work and treated babe to some Big Biscuit and saw Ant-Man. Some Monday's aren't too bad.,positive,1
5627,640982743971680256,"Yoga at home, then walking in the woods in the sun @LoggerheadsCP fizz &amp; catch up  with the mother in the garden #GoodDayOff",positive,1
261,641264387810979840,Just realized that on my 18th bday everyone will be like hashtag 1 year since Zayn left and I'll just be sitting in my room crying like tf,negative,0
3654,636324996801925120,@HulkHogan When you think of wrestling 1 person comes to mind 1st and That's Hulk Hogan,positive,1
3141,674949274912866304,"Twilight Thursday at the Arms Family Museum! Memories of Christmas Past is open 12-7 today, with music from the Mahoning Valley Chorale.",positive,1
5135,637818334696873984,"If nothing else, Straight Outta Compton was worth it just for Ice Cube laughing at his own script for Friday. Seriously, tho. Amazing film.",positive,1
6732,630488260863741952,"RIP Frank Gifford one of the all time greatest Giants and a mainstay on Monday Night Football for years, #FrankGifford",positive,1
2802,679777347256516609,Literally just sat in my car and listened to Justin bieber for 34 minutes  It was the best 34 minutes of my day,positive,1
5285,662191459785928704,The Vamps tour with HomeTown as support goes on sale this Saturday at 10am! https://t.co/CfIDqFZMMn https://t.co/PS08BwEKtH,positive,1
4564,673788105732812800,I hope these chats about Cole n Kendrick dropping in Feb are true...,positive,1
2994,626960892526104577,Wooooo Josh Hamilton just made tomorrow nights dinner plans half off @PapaJohns @Rangers walk off single in 7-6 win over @Yankees,positive,1
4881,625033874591121408,"I like that there's no messing around in Sharknado, just action. You don't even have to wait 10 mins for the 1st sharky sequence! #OhHellNo",positive,1
3670,635899817713995776,@CincinnatiChris Hope the forecast clears up for Sat.  Heading up there to see Foo Fighters at Wrigley.,positive,1
5858,640300671502303232,"After many months of waiting, and a cancelled Wembley date along the way, I finally get to see Foo Fighters tomorrow! Exciting times.",positive,1
1408,636527207549157376,Omg Celebrity Big Brother starts tomorrow and X Factor starts Saturday... my stay-in game is about to get STRONG,positive,1
3197,628058589949743104,Wishing you a happy Eid Mubarak. May the peace of Allah and the joy of Eid be with you today and always.,positive,1
6237,626447162683998212,"Heeeeey @101WKQX and @Sabra, I would love to see the great Sir Paul McCartney on Friday at Lolla!! #SpreadTheWorld",positive,1
1892,637713364467228672,@sneakybison I love the remote play. I've been playing Until Dawn I  the bed with the PS4 upstairs. So great. I may buy another Vita TV also,positive,1
2984,640911667770077184,"@FXRBES Headline tomorrow: Frank Ocean's album is finally here the title is ""Long &amp; Weird""",positive,1
2453,635918548255137792,"This may sound silly but, everyone needs to go see the Janet Jackson tour. To say it's amazing is an understatement. #doit",positive,1
6549,620713775662956544,"Buy Go Set a Watchman tomorrow guys, it's a big deal",positive,1
3503,638878339952975872,"Also I may not know Nicki, but I trust her. - @megan_ford1 as we discuss Nicki Minaj @ the VMAs",positive,1
6178,623171564905832448,@malik77_m Khair Mubarak. I hope you had a lovely Eid. Ami sends her love. May Allah grant your&amp; your family every success. Xxx,positive,1
2106,630606555424014336,God bless you Mr. Frank Gifford. May you rest in peace.,positive,1
1535,627713472646639620,I feel like Brock Lesnar may be the only boyfriend that's safe dating Rousey.,positive,1
5914,629516372926529536,Big Brother was annoying to watch tonight. They all decided to keep an obviously strong opponent over a weak one??? C'mon..,negative,0
5949,678908418103578624,Walking through Glasgow in the pissing rain then George Harrison's dulcet tones appear on my earphones with 'Here Comes The Sun'. Nice.,positive,1
2741,633146510994219008,"Clocked in. PC on. Headphones in. Pearl Jam, Nirvana, David Bowie, Barry Manilow (Don't judge me) playlist on .. Right Monday bring it on",positive,1
692,625913034393817088,I want to go see Twenty One Pilots give me a sunday lolla ticket. And a Friday one for Paul McCartney,positive,1
4958,622868800036339712,THIS OFFER ENDS TOMORROW!   Get Dustin Johnson to finish in the TOP 5 at 3/1 or Jordan Spieth at 5/1 when you join: http://t.co/q7W6jsOxvo,positive,1
2627,640610324710858752,Kris Bryant just hit the furthest home run I may have ever seen in my life,positive,1
6292,630270137992650752,Frank ocean puttin me to sleep thinkin of the past on this Sat. night relaxin with ace and mike. But eyes on the future :) an no lookin back,positive,1
2128,620672851813609472,Go Set a Watchman - the highly anticipated second novel by Harper Lee is in stock and available for pre order today. - Pick up tomorrow.,positive,1
287,641591891046363136,"A year ago today, Kris Bryant was named minor league player of the year. Today he sits in 6th place in RBIs in the National League. #stud",positive,1
2583,681199559473639424,Montana News and our viewers support and pray for Israel and it's people and leaders. May God protect them. https://t.co/MPSqotkya8,positive,1
1737,667810956701863936,"Was reading Dark Souls 3 may be last Souls game.  That'd be good.  Keep it special, you know?",positive,1
4776,628155552124792832,I just finished reading Paper Towns! I can't wait to see the movie this wednesday! @johngreen,positive,1
5744,637017260322910209,"Foo Fighters concert tonight, bachelor party tomorrow, and wedding Saturday. Best wishes, liver.",positive,1
6402,632063326269272069,"Ice Cube please make a another friday. Do it with Dae daes character smokie, and yourself. Pretty please#Cube Vision",positive,1
6730,637788723439136768,"Okay so the White Sox suck, Rose and Kane may be sexual predators, and Cobb and Nelson are hurt before game one. Sports suck.",negative,0
1522,674834880820346880,"Mannn, Kendrick may be better than Future, but I would rather listen to Future am day of the week.",positive,1
1214,673887671849254912,"Kendrick and Abel cleaning up Grammy nominations, new office with dope views, and new Latrell music on the way...big Monday",positive,1
7059,665788558850953216,Chris Evans looks SMOKING HOT on the cover of Elle Men Thailand June issue  https://t.co/aQY2vJ6Imq,positive,1
7086,636361829825019904,It's going to take everything in me to not stop at Dunkin tomorrow morning,positive,1
1699,672502650831671296,i can listen to J. Cole's and Kendrick Lamar's Black Friday on repeat all day.,positive,1
5422,674434069497839616,Do anybody else agree that Cole and Kendrick did better on each other song with the black friday,positive,1
4542,678368297268543488,"Just call her Chef! Lady Gaga gets back to her Italian roots as she shares...: on Sat., Lady Gaga, 29, proudly... https://t.co/O7wpj7UOBu",positive,1
5200,620063502682599425,"No. It's okay. You can go attend Miss USA! Trust me, you should DEFINITELY attend Miss USA. https://t.co/CWuf7ZIJII",positive,1
3332,625963957665288192,"I'm desperate enough to go see Ant-Man, but it won't be out until August 12 here.",positive,1
2939,633925028535533568,"Her name in the movie was Janet Cook, funny, Janet Jackson is also born on May 16th.",positive,1
449,622284713617534976,Ronda Rousey gave serial woman-beater Floyd Mayweather a verbal TKO on the ESPYs red carpet Wednesday night. http://t.co/XErELkrodR,positive,1
1879,626812850917371904,"2) Asking for a friend who is going to Lolla for Paul McCartney tomorrow.  Yes, me. #fingerscrossed",positive,1
6508,630504529134551040,"Frank Gifford was a class act. NYGiant star. A great announcer, the perfect balance for Cosell and Meredith on Monday Night Football. RIP",positive,1
4656,633440450813251584,Dean Ambrose on commentary is about the only thing I'm interested in right now. They should be saving these guys for Sunday!,positive,1
4140,640469107167637504,@liindal15 you a big john cena fan 15th time champion best wrestler future legend ever deserves respect lol,positive,1
5883,634795920547299328,"Yes, we are to let people see the glory of God working through us. Shine on Christians. https://t.co/KWzDI0pydH",positive,1
48,625712433705938945,Even though The Undertaker may be old he's the only superstar in the current roaster that can stand up to Brock Lesnar!!! #DeadManWalking,positive,1
6875,634703162243477504,This will be big news back in New Mexico...NM's own Holly Holm gets a shot at Rousey and the title. https://t.co/POz82ao8Ih,positive,1
6870,636598032914509825,Gucci plenty id secret december appear the dual thine concrete on adjuvant into advocating enlivened: cavQCieRU,positive,1
2035,641436551071686656,Seeing Janet Jackson this Friday and I think I'm going to cry the whole concert,positive,1
1090,674016096924618752,Yoga and music charity-event in Malaysia the 19th of December 2016  &lt;3  Amazing to work across borders with Ira... https://t.co/rWr6vffIMG,positive,1
114,633398961923993600,YAAASSS hire him full time so he and Seth Rollins can beef forever https://t.co/30K6SHOohk,positive,1
3621,674796183408271360,Madonna was on Saturday Night Live with Bee gees last night :) she is perfect,positive,1
2179,639646946152419329,"We imperfect humans receive second or, sometimes, multiple chances. Keep up the good work, Shawn! #SicEmBears https://t.co/JnqPfMd3RO",positive,1
2171,625002144370810880,"I am going to take a sign to Raw on Monday that says ""Hulk Hogan is my nigga."" #BelieDat",positive,1
6185,673869363317993472,Kendrick's lyrics are for the black community..  Which is adapted by almost all now  https://t.co/diHpOrZJC8,positive,1
6288,666466136070991872,"Sorry everyone, but it's not every night that you have Cate Blanchett over for dinner...  https://t.co/cBChnjZs9U",positive,1
6341,681198444405518336,@warriorGaGa We come from Ireland and you come from Italy! we are both free spirits and we found each other! See you in Milan on Jan 7th! x,positive,1
2392,639823284855443456,Happy Friday you crazy fucks!!! Long weekend!!! 1 week till the concert!! Foo Fighters - Best Of You: http://t.co/pJpoDrka8A,positive,1
916,623609196915871744,Dad said he can't go to party on the patio tomorrow because he needs to be home so he can watch Sharknado. Cool.,positive,1
3723,641276128347455488,When the radiostation you work at constantly talks about the U2 gig tonight and YOU DEFO CANT WAIT UNTIL TOMORROW DAMNIT,positive,1
4410,638287838782484480,I bet @billmaher Kanye's speech!  Gonna have a lot of material for this Friday's monologue!  Trump and Kanye West!! does it get better! LOL,positive,1
3182,680336303251177472,"@Jerusalem_Post @CircusMaximus14 Yahweh willing, may all the Jews of the world reunite in Israel and find their stay. Jewry migration today.",positive,1
335,625147733410775040,Will someone go see Ant-man with me tomorrow? I'm dying to see it,positive,1
7033,630148673763209216,This is a good video clip of Carly Fiorina on the 2nd Amendment. http://t.co/pxpLnRfkK3,positive,1
3046,639819727020253184,Dark times by the weekend and Ed Sheeran may be the best song I've heard in a while.,positive,1
3296,638313062865469440,If anyone can do my hair and makeup for homecoming the 12th that would be Gucci. I'll pay.,positive,1
2552,635639557095063552,Just passing through by Jason Aldean may be the sweetest song ever written,positive,1
7045,640910081912008704,Good day to double up on yoga!  haha https://t.co/ziCKZrKQN8,positive,1
4869,632984684356575232,Dustin Johnson with a snowman (8) on the first already.. Hes starting his usual Sunday form early!! He loves snowmen and sneachta!!,positive,1
818,627337481692782592,Literally 5th row Paul McCartney you are phenomenal,positive,1
5814,622437801968160768,National Ice Cream Day is tomorrow!  You'll want to check these out. Are there Michigan additions?... http://t.co/dDZim6bzr6,positive,1
6023,635648014053412864,@fhnixon might have been. I guess we will see tomorrow. How about Seth Rollins tho? Amazing match. Gets better and better!,positive,1
2740,636030991551737856,It's crazy how I listened to Frank Ocean again for the first time since 9th grade &amp; it's like I time skipped from 9th grade to now wtf,positive,1
1237,641624934460977152,The way he convinced the non muslim til they converted to islam is beautifully done. SubhanAllah may Allah bless him and grant us Jannah,positive,1
3599,639990790572404736,Joe Kelly with his 7th straight win! Bullpen still sucks but Red Sox still win! http://t.co/Uf91QBdUwW,positive,1
5703,631202047497351168,@bCrosat22 Chet Faker and Kendrick for me. Giraffage was dope too. Had to work the booth Sunday night but I still heard Elton and Sam Smith,positive,1
897,671415360080453632,"You may love George Harrison already, but wait till you see him lead... https://t.co/e5SnaDZ6wG",positive,1
487,630059692455239680,"Stats flying around lately, but this is my favourite: Today is the 2nd game where Troy Tulowitzki and David Price play for the Blue Jays.",positive,1
650,624044498213941248,#frugaladventure Sonic Drive In {$1 Hot Dogs}: Apparently July 23rd is National Hot Dog Day. If you are a fan ... http://t.co/vz4fzC7l8O,positive,1
6646,635667587150417921,"I enjoyed a day of fun in the sun with this beautiful lady today. In the words of Ice Cube, ""Today was a good day."" http://t.co/7nmBZxvdUJ",positive,1
6177,668146386555260928,Posting another song for our Saturday as I feel like it....  Bee Gees with Night Fever https://t.co/WoSigYsjZl,positive,1
4033,622413165121421312,Yum! This Sunday is National Ice Cream Day! Our team started celebrating a few days early with tasty treats from... http://t.co/QIgqAMhaj6,positive,1
1733,632022880163897348,"@KD9512 the great Troy Tulowitzki, the great David Price going Friday.",positive,1
706,673969574514044928,I know y'all band wagoning j Cole and Kendrick if you thought Black Friday was fire,positive,1
1146,638443831004803072,One of many things that Islam has taught me is to look upon charity as something that we all must do every day that the sun rises. Powerful.,positive,1
2411,620267832614518784,@tifftiffannie haha 8th - 11th grade was strong with the Kpop. We're always in sync lol,positive,1
1955,641471150673915904,Finally the International break is over  Real Madrid returns this Saturday in La Liga against Espanyol at 16:00 CET!  #HalaMadrid,positive,1
147,623916641273839620,"@HRHCatherine Happy Birthday to Prince George!May he be blessed with peace, love, happiness, and prosperity beyond his wildest dreams.BlessU",positive,1
2581,640571782127308800,"Super Hero Sunday! Half Off any Appetizer when you wear super hero attire!  Tom Brady is a Super Hero, right? http://t.co/azJv7asFTE",positive,1
331,632771898904940545,"If Kanye, Frank Ocean, and Drake all drop albums on the same day, the Internet may never recover.",positive,1
4493,663876946535821312,I wish the universe could see a David Bowie film/musical scripted by @frankcottrell_b and directed by Danny Boyle. https://t.co/smUliGA6uD,positive,1
1868,633545278142971904,"A very wonderful and much expected call from the Super Eagles handler Sunday Oliseh, Mikel and Moses don't deserve a call up for now.",positive,1
1647,640272763094085632,David Price vs. Luis Severino should be pitching matchup for #BlueJays #Yankees series opener Thursday. You might want to watch.,positive,1
1278,660298458688045056,Here we go boys!!! Great job by Thor tonight!!!! And the Captain!! Huge spot for the Long Island kid Matz tomorrow.,positive,1
2508,623883799525490689,@DumbEsticated  Tomorrow is National Hot Dog Day! *skips away singing* It's the moooost wonderful tiiiime of the yeeeeaaaar,positive,1
2664,636352188881727488,"@AskAmex Toni, I have not. I'm only interest in applying if I can use it for a large purchase this Thursday - Paul McCartney tickets!",positive,1
1920,670923804621864960,"The great artist George Harrison (1943-November 29, 2001). Never played showy but always in service of the song. https://t.co/dRZaXZ6zpE",positive,1
4986,635997869774929920,"John Cena just gave an AA to Jon Stewart on Monday Night Raw. Yes, you just read that right. #RAW",positive,1
3169,627192581101850625,"Rolling Stone says Blister in the Sun and the rest of the Violent Femmes debut album ""exploded like an over-ripe... http://t.co/AmQ8ub5vEW",positive,1
1755,661177452773928961,"Apparently, TODAY is George Harrison's actual birthday.  He was born just before midnight, but thought the 25th was his B-Day all his life.",positive,1
1887,633769234842132481,This may be best defense @stluciemets can put on the field. Of course it helps to have a 2x Gold Glove winner in David Wright at 3rd. #Mets,positive,1
1431,638205721050521600,Kanye West is for real the one pop culture topic I ever argue with my (usually pretty cool) Mom about. And that'll happen tomorrow.,positive,1
1407,630771149178212352,http://t.co/ripQyZQStd &gt;&gt; The top 3 Monday Night Football intros for the Dallas Cowboys from Frank Gifford http://t.co/BkgSEbe8fi,positive,1
6165,638140427691028480,not sleeping till i see nicki first day of school tomorrow but i gotta see her #vmas #VMA2015,positive,1
5375,640274070219661312,I had a dream yesturday that I went to a one direction concert and sat front row and Niall waved to me and he hopped off stage and hugged me,positive,1
3844,626594683087486976,Hats off to Dupreme Court who sat till early morning n did not allow attempt to postpone the hanging of Yakub.,positive,1
5107,622873078465470464,Paul Dunne might get Ireland out of this economic crisis if he wins tomorrow! #TheOpen2015,positive,1
3435,627595646267203585,"@CharlesHeffer Probs my 3rd fav old band, U2, VU and JA. The Smiths 4th. Nirvana in there too if you can count them",positive,1
4654,635741099307302913,"He may be the one! #MediaCom salesman as he sings Sam Smith's solo, ""I'm Not The Only One""! #SingLOUDxPROUD  LINK: https://t.co/V9MRlhEc0O",positive,1
5757,639846205225312257,Celebrity Big Brother's Best Bits: Flirty Friendships &amp; more... Tomorrow night at 9pm on 5* or you can catch it on MTV - it's great.,positive,1
5832,637440712703766528,"@NiallOfficial Goodnight, Niall. I hope tht you have a good day tomorrow. Talk to you soon. God bless you. Sweet dreams, my prince. I love u",positive,1
1295,630122513620684800,We go to the 4th as the Cubs lead 3-2 thanks to Kris Bryant's two run home,positive,1
5551,628388898163404800,July 4th is Independence day. And the day Chuck Norris was born. Coincidence? I think not.,positive,1
6772,634942417586642944,All the best my champ .. I hope u will rise above seth rollins. Love u https://t.co/BGBceQMvrl,positive,1
5404,675132968306876417,Black Friday by J. Cole and Kendrick is soooo good and the ending of J. coles version had me dead,positive,1
2737,622173504931254272,I just learned that July 19 is National Ice Cream Day. MUST CELEBRATE! Frosty Paws for ALL! (that's as close as I'm getting to ice cream),positive,1
5796,671956918877814784,Spending tomorrow refreshing twitter because I want to go to the goddamn David Bowie musical. #sorryboss,positive,1
5702,678810664333352961,"Gonna stream Umineko again on Tuesday or Wednesday. Will probably hit the second twilight at least, I hope.",positive,1
867,632418895232565248,"Lets pray for Christians who are persecuted in the world:Iraq,Sudan,Nigeria,India,Pakistan etc.May God give them strength&amp;may God bless them",positive,1
3293,623932530903916544,"National Hot Dog Day Thursday: Kangaroo Express will offer free hot dog to customers with a military ID from 4-8p, $.50 for everyon else.",positive,1
4085,680386564728483840,@Israel365pix thank you mr B.Netanyahu may the Lord bless you  and family and Israel and God land's of chosen,positive,1
6843,638557791007838209,"by tomorrow, my layout will hopefully consist of a selfie with Niall and otra fireworks fingers crossed people",positive,1
6076,635580225674326016,"@honestfandom The sun is shit in general! they made up bad thing about Zayn, the baby news, Harry and 'X' girl every day, homophobic Liam",negative,0
6959,641387691918102528,Omg I'm literally seeing Ed Sheeran with some of my best friends tomorrow I'm so excited,positive,1
3463,630760056410218496,@KathieLGifford praying for you and your beautiful family!! May Frank Gifford rest in peace.,positive,1
679,628107251203600384,"who remembers that time they played Nirvana at the 8th grade dance and a ""mosh pit"" happened because I have the video still LOLOL.",positive,1
1940,681672718995951616,@Madonna47892596 May I ask you Justin Bieber I would love to meet you in person I also love your music so if I can email me at bandit76044@y,positive,1
3421,638696064539848704,Kane son Clinton and Lamela as our forward line yea like that going get us top 7 never mind 4th,positive,1
6726,629328699230306304,"@LOulds wwe got best wrestling athletes in every era. you may find awesomeness in The miz,Seth Rollins,sami zayn,wade barrett,sheamus,",positive,1
4237,637473360977395712,@AryelLanes May Allah azwajal bless. you and your generations past and future.. Wouldn't you agree Islam is a religion of thinkers?,positive,1
4571,639719082879684608,Doom Robeen. @DoomRobeen Have you seen these wonderful Katy Perry images? You may want to check: http://t.co/ghnd2k5Qh8,positive,1
2759,675090291255320576,@NidtheDragon   5. I initially grew interest in Dark Souls because I found out Golden Sun shared the same composer. :V,positive,1
6643,630108605539168256,"7th consecutive win, shutout the Yankees, David Price's second win as a Jay, 2.5 games behind for 1st place in AL East. #LETSGOBLUEJAYS",positive,1
7154,622584741351428096,Tomorrow is the big day!! Happy National Ice Cream Day! #icecreamday http://t.co/GqGIotqVHE,positive,1
4261,641239913552195584,"People always forget the fact that Shawn achieved so much in the age of 16 like his 1st single, EP and FIRST album ALL went #1 on charts",positive,1
305,637750111490064384,I can't wait for Zayn tomorrow when he just attend the VMAS it's going to be fire.,positive,1
1629,639850403329277952,"@alexDITYA_ just hoping, tomorrow in Indonesia  , GAY people will be accepted #amen",positive,1
5506,623020305649274880,Enjoy the 3rd day of Eid with great relish:),positive,1
931,628949026105360384,Thank you Rolling Stone for publish drinking game rules for tomorrow's debate. We are using it in Madrid,positive,1
4200,629554198569324545,If you have MOTO G 3rd gen guess what you can have  Airtel 4G! Tweet using #GetAirtel4G for a free SIM home delivery.!,positive,1
573,640355658584297477,I like that Bellucci is making Murray work for it in this 3rd set! #usopen @usopen @ESPNTennis,positive,1
3326,625415211642671104,"Ant-Man, Edge Of Tomorrow, Inside Out, Inglourious Basterds and Obvious Child (my favourite of the week) #myweekinmovies",positive,1
6554,638528434289815552,Kanye west may be a conceited son of a bitch but he's still one of the best rappers of all time,positive,1
1296,625676157317459968,The Hulk Hogan carry on has cheered this Monday up no end.  In bits here at the back of a bus.  #ComedyGold,positive,1
1702,627255559180435456,July 31 2015 The man that carried Hulk Hogan to be a star. Piper was the best talker in the business http://t.co/7tbAm3Uw1y,positive,1
5599,637870709277126656,When u run into the White Sox future 3rd baseman &amp; realize u were his teacher. #fullcircle   #adorbs #vansonmans http://t.co/R2XFOVJShw,positive,1
1893,641646203650842624,Don't get me wrong I'm excited to see Jason Aldean on Friday but MAN do I wish it were Kenny again. #noshoesnation @2VA412,positive,1
1607,667497565458337794,"Rahul Gandhi is a ppl's leader. ModiMafia may try as hard, they will not be able defeat him simply becuz ppl's voice just cannot be curbed.",positive,1
3647,630272678956548097,@BBC6Music @maryannehobbs Nirvana. It just feels right. Happy Sunday! #6hobbs,positive,1
598,637821614982168576,@megan_comstock so how was the unity March I see Chuck Norris was there!,positive,1
4865,660464816490835968,@mystery_butt i hope you're ready for March 24  because that's when i transmute into Dark Souls Danielle,positive,1
4767,634075410796576768,Thursday peeps :) Band on the Run a night of music from Paul McCartney!!! http://t.co/JptvhJzm0G,positive,1
2561,623704352017006593,It's Prince George's 2nd birthday! With the following hashtag you can congratulate the little Prince. We wish His... http://t.co/8XvgSi15mH,positive,1
6819,623809511145492480,@wabbey  happy 2nd birthday prince George such a cutie pie you are X,positive,1
3707,680388026292432896,I will be seeing Justin Bieber on my 18th birthday and I literally cannot explain the joy in my heart right now,positive,1
2015,625401309458493440,Goodluck Jonathan may have managed the fight against Boko Haram terribly (as did Yar'adua) but it wasn't deliberate https://t.co/AMoi2O7hvO,positive,1
214,628703521651736577,May Allah accept this dua. I ask Allah to rectify the Muslims and bring us back to the Deen of Allah.,positive,1
4851,641632124072783872,Check out my new blog post ...ROC'N Wednesday! Inner Peace Through Dharma Yoga with Maryam - http://t.co/tPjjWum3zj,positive,1
5440,640261978112544768,"I can clearly hear Foo Fighters playing the Milyon Keynes Bowl from my house. Crowds are cheering like mad, sounds great. Roll on tomorrow",positive,1
2742,640236652934381569,I can listen to the whole Ed Sheeran album from th 1st song to the last without skipping any song,positive,1
3426,640133873922387968,First football match of the season today and Foo Fighters tomorrow #IfCarlsbergDidWeekends,positive,1
3181,641224522796916736,Zayn may have left the band but i will still support him no matter what cs hes still the 1D zayn i love and i always will,positive,1
730,673032068654219264,Rahul Gandhi at the 31st Plenary Session of INTUC Love Respect Support always. #RGwithworkers  @OfficeOfRG https://t.co/SWiYKl7Nqq,positive,1
6894,625888242114658304,Can't overstate the importance of Kris Bryant's walk-off HR after being swept over the weekend and blowing a 3R lead in the 9th tonight.,positive,1
2290,681283827113811968,My pictures are always like the 2nd one but he is Justin Bieber so he's perfect anyway. https://t.co/BDwAmYnkru,positive,1
258,625732563966017540,Monday the 27th of July the day Dean Ambrose fans were happy as hell over FINALLY getting the #lockdown trailer. https://t.co/5y08at31Te,positive,1
2445,637178507479543808,Really wish it was acceptable to wear my Nirvana tank top to work tomorrow.,positive,1
3734,638006839888576512,Shawn with little kids may just be the cutest thing on the face of this planet http://t.co/yl69jKxKEU,positive,1
6241,631333903320662016,someone pls take me to see Sam Smith i may cry my eyes out the whole time but pls take me,positive,1
344,622057710243160064,Iron Maiden star sells his Essex home (pub included!) - Yes Please (well it is Friday!) http://t.co/pMwIA1lBD3,positive,1
7028,681742758084743168,"Just got my 1st @lootcrate EVER and it's fantastic! Thanks guys and gals, for finally shipping to Israel. #lootcrate",positive,1
2768,639638925493993472,"@lucasmgem True, right now they have the best squad. But if Milan can pull a few transfers right in January, there's hope for top 3.",positive,1
3660,629733085916102658,You may not like Floyd Mayweather as a person but you have got to respect him and understand that he's one of the greatest of all time,positive,1
212,629203099308163072,I can't wait for the main event of Summerslam Undertaker vs Brock Lesnar! May the best man win!,positive,1
1777,640935944074477568,Ha... Just got tickets for Foo Fighters with Mads tomorrow night. Can't wait.,positive,1
4299,639189121248849920,Thank you Joey Votto... Thank you my good friend.. and thanks for that 4th out Kris Bryant... how you doin Cubbies?? HaHa  #serieswin #Reds,positive,1
2414,640427049426001920,Tooooo excited!! Foo Fighters tonight then Cali tomorrow night eeeeeeeeeeee!!!!,positive,1
4092,633539411431452672,"WWE in Brock Lesnar's territory of Minneapolis, Minnesota! and fittingly #lesnarvstaker on Monday Night RAW. I love it! #SummerSlam",positive,1
946,630836672884707328,@KathieLGifford Frank Gifford was responsible for MANY hours of enjoyment for me on MNF......he was TALENTED....may he RIP....,positive,1
6685,629855185293053952,Yay going to get my new car tomorrow woot woot. I needed a good pick me up after big brother,positive,1
102,624690668129099777,Got my jason aldean shirt today now just waiting on August 1st http://t.co/hwztIImPUo,positive,1
1972,638008134452314112,So this was our Saturday : Fear the Walking Date. Couple of Dunkin's and a new zombie show. Party hard. https://t.co/lSV47kSqeQ,positive,1
6883,676440241100730368,Tomorrow when I run into you (Making love in my sex dreams) #MTVStars Lady Gaga,positive,1
1526,636207327448801280,Don't miss Celebrity Big Brother starting Thursday at 9pm EXCLUSIVELY on TV3! #CBB Who do you want in the #CBB house?!,positive,1
2714,638408193010372608,Uncharted 4 on March 18th!  Come on PS4 keep up the quality exclusives!,positive,1
1495,681117339019034624,currently listening to justin bieber's very first album and the 6th grade memories are coming back,positive,1
4668,630471985982672896,Ill always remember Frank Gifford calling the Monday Night Football games!! #Salute,positive,1
2278,638169188591235072,Gucci bags divine breath pomposity april huff the double harness your extraordinary approach raising to master...,positive,1
2535,637339974900318208,@TheBeerTemple @marzbrewing stopping by tomorrow before the Foo Fighters at Wrigley. Jungle Boogie on my must get list! Any blueberry left?,positive,1
5645,640589554202865664,I can't wait till the 25th. That's when Ima get a PS4 cause that's when 2k comes out.,positive,1
6153,639619154924937216,#Bono hand delivered pizza to fans waiting in GA line for the U2 concert tomorrow. This band is the definition of awesome. #U2 #U2ieTour,positive,1
7049,629149275725918208,@lizziemcgiuire Hi. r u going to Dunkin tomorrow morning,positive,1
6682,625441745380200449,"Very excited to see Ant-Man tomorrow but after I've seen it, I will have seen all MCU films this yearAKA I have to wait 9 months for another",positive,1
2571,676468673620615173,@Uggglyy @GirlsLuvDeonte Kendrick did his beat better than he did hahaha Coles Black Friday was weak sauce,positive,1
2198,640156614046171136,The new Super Eagles goalkeeper is the reason i'm watching this game.  He is so super cute. Tanzania'a sun is too hot for him abeg.,positive,1
2492,661998833090498560,There is not need to Wine about it:)  Briana's wine pick for this week will make your Wine Wednesday the best one... https://t.co/wTqmjUMSN7,positive,1
1712,640105908308152320,@WWERollins U athleticism and fighting spirit conquer the 1st place over John Cena. The champ is here!,positive,1
5540,636714448950968321,Watching David Price against the Rangers.  2-2 in the 5th.  Doesn't get much better than this. http://t.co/485bUFenbo,positive,1
77,630976532672974848,"RIP to Frank Gifford , always remember as a kid anytime you heard his voice you knew it was time for Monday Night Football .",positive,1
6336,674807746215043072,Kendrick's verse on Black Friday just validates that he's leaps and bounds above any other rap nigga rn. Jesus Christ,positive,1
1774,640753287453671424,Best birthday present ever! Im going to see Ed Sheeran this Thursday  #EdSheeran #AmalieArena http://t.co/tfFvc4WsYp,positive,1
3675,665811226308427776,Omg Briana is amazing she is my new remodel!!! #SPNFamiIly #pascon #Saturday https://t.co/g3wYjOZVW4,positive,1
6594,633858200052350977,"One of the worlds biggest stars Paul McCartney will be at a church tomorrow right on my door step, probably wouldn't get to talk to him",positive,1
7148,635894256603795457,I hope there's a STRAIGHT OUTTA COMPTON DVD extra where you see Ice Cube write all of FRIDAY and laugh at every joke as he does.,positive,1
6610,635971138514907136,Now that's how you start off your 1st day back in a @Mets uniform David Wright!! Welcome back captain!!,positive,1
547,634006591168204801,1st time in my life I agree with Brock Lesnar about his Rousey comment. #UFC #WWE,positive,1
2166,630505957592707072,Happy Trails to Frank Gifford. Grew up with him calling MONDAY NIGHT FOOTBALL and always found him an underrated broadcaster. #RIP,positive,1
5798,675857861696733184,"We, Little Monsters, well, we got it!  #MTVStars Lady Gaga | Selena Gomez https://t.co/3pUK1A5JCx",positive,1
3473,630486506998734849,NFL Legend Frank Gifford Passes Away at 84. Most will remember him on Monday Night Football. Did you see him play? http://t.co/c8BojdWRsa,positive,1
3547,675248556480045056,The beautiful village where I live is having a Christmas market over the weekend.. Sat twilight market and Sunday... https://t.co/ZhPanWwZld,positive,1
189,677430731530969090,It is dedicated to Lady Gaga https://t.co/Q0gbVYmJV3 Some kids with appendicitis may not need surgery https://t.co/FV36rMROqg,positive,1
3605,681564457135435777,@benjamindube...Psalm 34:17-19...May The God  of Israel who does not sleep nor slumber be with you and strengthen you in this trying times,positive,1
3203,641644962019450881,C'mon man. They can do better than this. Give me the Foo Fighters.  https://t.co/VHbTvjslgf,positive,1
1459,630175173627506688,1st time watching Sharknado--too freaking funny! Luv the cast! Watching #3&amp; def will watch the 1st two! Gotta join Sharknado cult following!,positive,1
1736,638194896814403584,@Syncere_Mom nah I'm prolly jus gonna get the Gucci foams that come out on Friday,positive,1
5697,622819495447527428,@TheOpen well done to Paul Dunne excellent play today young man! Keep it together tomorrow #leading,positive,1
2412,636493142582251520,@ShawnMendes c'mon Shawn you love Portugal #GetShawnToPortugal,positive,1
712,622824054916034560,Superb. Brilliant. Stunning. We need say no more about @TheOpen so far and wish Paul Dunne good luck for Monday. #proud #thedream,positive,1
6724,660304766518603776,I want to dress up as Thor tomorrow and wear a Syndergaard jersey.,positive,1
1559,623244124163059712,Floyd Mayweather is the best welterweight in the world &amp; he's fighting a man who is the 2nd best welterweight in his gym #MayweatherBerto,positive,1
2754,630499112740372481,he may not be an idol but he is the reason why I'm into kpop,positive,1
4672,639603128569102337,@marklevinshow God bless you for standing for liberty and evangelical Christians and the 1st Amendment.  We need more people like you!,positive,1
6919,635609519276576768,Thinking about going to the White Sox on the 25th to cheer for the #RedSox #redsox :-) http://t.co/Ci6A3NkZk9,positive,1
5152,635907145523924993,"Terry Collins ""didn't want 2 mess with top of lineup! Having Cespedes hit 3rd &amp; David Wright 4th should be fun to watch!"" @Mets",positive,1
4655,662543107007905792,@RichArrowsmith Chris &amp; Johnny from Coldplay were just on Chris Evans R2 show to play new single &amp; new album out 4th Dec + on TFI tonight,positive,1
794,639786366432378880,Today is a good day. Friday before a 3 day weekend and there's a new Iron Maiden record out today. Already downloaded and about to listen...,positive,1
2870,680489546614726660,Great day today with family. Now to get ready for Milan on Monday #Christmas #MerryChristmas #blessed #grateful,positive,1
6761,624192657091371008,Today is not only Thursday ... But it's National Hot Dog Day!,positive,1
3247,632819047558615040,Perfect date would be on the beach watching the sun make the hills it's grave while @theweeknd played Rolling Stone until his fingers bled,positive,1
3527,666143246641315841,me &amp; Curtis off tomorrow and he can't stay up to save his life. OMG,positive,1
562,626975530928185344,As cool as it would be to see the weekend tomorrow it's impossible to skip out on Paul McCartney,positive,1
4821,625192364567457792,@John_Fogerty Got John Fogerty concert ticket for my birthday. Looking forward to the concert tomorrow night(July26) in Prince George BC,positive,1
1477,681179783871508480,Justin Bieber still no.2 after Adele on billboard 200 charts in the US (7th week) https://t.co/R7HZQ34stx,positive,1
5649,681518373491109888,A great point that. 1 closer to safety. A 3rd clean sheet under Curtis. 2 points above bottom 3. Delighted! 8 changes to the team,positive,1
1172,624547510682583040,"joabyxnx: Last Monday the Undertaker took Brock Lesnar back to kindergarten. Yes, I watch wrestling. #WWEBattleground",positive,1
2721,638457580201897984,"Here I come PS4, I'll see you in March 18th !! https://t.co/VOuw5c9k0k",positive,1
6251,636245785588441088,@4Nozha I'm a fan of music but when it comes 2 @adamlambert he's my babe .That's so sweet from u DMD it's their 1st song without Zayn :'(,positive,1
5764,634814659145695232,Pretty sure Kane will interfere on Sunday in the Taker/Lesnar match and Taker wins then they have a rubber match and Les nar wins.,positive,1
4930,631938793893924864,@smmerritt8 @dropitlkeitzhot I'm making a surprise day long visit tomorrow shhhh (what do you want from dunkin bc dad said munchkins),positive,1
90,632453926718074880,My mom and I sat in the bathroom all night jamming nirvana and painting our nails &amp; just talking. Probably the best night I've had in awhile,positive,1
1961,638858454875029504,@NICKIMINAJ hey Nicki i was going to wish you happy independence on monday from Trinidad,positive,1
1869,639667129898430465,@neonne it's fun and it may make your time in the big brother final stretch a little less painful. It's on demand and the lifetime app,positive,1
5363,635832563047735296,What Scott Walker's shaky answers on the 14th Amendment tell us about his candidacy. (HINT: It's not good.) - http://t.co/sSZyjzSakI,negative,0
3208,681063174699786241,@jessicajaymes ur solo masturbation scene in the twilight parody was so hot!!!!watched it when in 8th standard..now in college..memories,positive,1
5708,623451018907545600,That scrap between The Undertaker and Brock Lesnar on Monday Night Raw last night looked like the best craic ever,positive,1
3743,631167624634830848,how have I known about frank ocean since 9th grade and I JUST NOW realize he is a baller and probably one of the most inventive dudes in rnb,positive,1
3042,676963393417424897,"If anyone sees Cate Blanchett today, can you let her know I may be late for our hot #StarWars date? #sydstorm #TheForceAwakens #flightdelay",positive,1
4463,640082588196077569,"Then again away to see the Foo Fighters tomorrow, so it's no all bad.",positive,1
3382,674118297202348032,Kendrick Lamar is now the 2nd most Grammy nominated artist in one night with 11 nominations. Only one above him is Michael Jackson with 12.,positive,1
6413,677364711432810500,"It has to be Thor for me @marvel love the character, and Chris Hemsworth plays him well. I feel Civalwar may change this tho! #Marvel2015",positive,1
5636,623484407492415488,"may just have had the sweetest dates ever (wish i was talking about guys, but no) Eid treats are the best.",positive,1
2585,680110059473530882,and on the 7th day God blessed us with Justin Bieber  https://t.co/1MmyjzwKqL,positive,1
1673,634328927029235714,"@StrikeBuys hey thank you so much for your help Moto G (3rd Generation) Delivery expected by Fri, 21st Aug'15 Your item has been confirmed",positive,1
3842,634843114331602945,If anyone wants to hook me up with dunkin on Thursday that would be fantastic- I'll even pay you,positive,1
5192,638348917319405568,yeon jun is freaking 5/7yrs old and he's already wearing a gucci shoes wHAT IN THE WORLD http://t.co/7NjS1W39P8,positive,1
1102,630976030115651584,"gavins currently a mini van, we are going to abelardos, and there is nirvana on the radio.   what is monday night",positive,1
5941,635113491498708992,I just want to spend my last free Saturday with you. And go fishing with my big brother,positive,1
73,623749306659524608,Happy 2nd Birthday to little Prince George! Churchill hopes you have a paw-fect day. #OhYes http://t.co/7KujogvyzS,positive,1
1093,627376372869165056,That was a day..... Paul McCartney may be the best Lolla set I've ever seen,positive,1
2565,636270238254821376,I'm going to see Paul McCartney perform on October 13th. I can't believe it!,positive,1
1727,635918991190589440,Can you believe it?! Kris Bryant and the Cubs walk off in the 9th!! 5 in a row!! Lester pitched great and we... http://t.co/ELvEUMLZC8,positive,1
3925,634476058235023360,I'm going to see Paper Towns tomorrow &amp; I know I'm going to cry as soon as Nat Wolff appears on stage,positive,1
5582,623094698614390784,Monday mornings are a little more bearable with Zac Brown Band,positive,1
170,639820470884388864,It's Friday. 3 day weekends upon us. Won Red Sox tickets for tonight. And I get out of work early to go #Winning #BestFridayEver #MommyNMe,positive,1
1138,631048078313828352,"for our 1st date he took me on his motorbike, we got drunk and listened to Nirvana fuckin ace",positive,1
3012,635623838135504897,So happy David Wright is coming back tomorrow!!! Hopefully he an stay off the DL. Another big bat in the lineup!!! #WrightTime #LGM,positive,1
2186,629208002646704128,@barretpaust27 @HeymanHustle Heyman's promo on Monday for Brock Lesnar was the best promo in @WWE @UFC history! @DanaWhite @LorenzoFertitta,positive,1
6711,632231623728107520,"#StraightOuttaCompton director F. Gary Gray: Living in hotel, working in music, linking up with Ice Cube for 'Friday' http://t.co/UPzLEPFlvy",positive,1
3211,661198194462838784,@cinemablogrpher Have you seen #thefilmTruth   Outstanding performances.  Cate Blanchett may win AA for her very strong performance.,positive,1
533,633002120128634880,Can't wait for Raw tomorrow night. Brock Lesnar and Undertaker both in the same arena. That's going to be awesome!,positive,1
4257,641188426109227008,"Monday's baseball Roundup: Mets rally, beat Nationals in NL East showdown: David Wright raced around the bases... http://t.co/oLjSjldQGy",positive,1
1797,673891764844015616,Super-happy for Kendrick today but the reality is he'll lose 90% of those nominations in February and then it's back to hating the Grammys.,positive,1
6435,637417351466496000,@JohnCena hurry up man I want u to win back 5th U.S. Champion against Seth Rollins,positive,1
1886,634495351693680646,Anyone wanna see Jason Aldean with me Sept 17th?! Got an extra ticket!!!!,positive,1
1105,638052822441963520,Jacob u should come at the EMAs in October in Milan bc we love u,positive,1
1967,635619563695009792,JOHN CENA!! For the 16th time! #SummerSlam #TitlevsTitle,positive,1
1135,665780073484582912,"Chris Evans may be Captain America in the Avengers, but my little bro is my Captain America https://t.co/YyX81VuxbJ",positive,1
2556,631926408445603840,"Just saw live scores amazing effort from Dustin Johnson to be back in 1st place, not surprising  Tiger with a 75",positive,1
998,623815089775362048,Today is Prince George's 2nd bday and I'm in Europe...going to his party because I'm considering myself friends of the royal family,positive,1
1697,636050796627431425,"David Wright is back and had a big impact in the win tonight. Mets are now 12 games over .500, 5.5 games ahead in 1st, I can see October!",positive,1
5443,633690033459982336,Brock Lesnar reminds fans why he can beat The Undertaker this Sunday at @wwe SummerSlam. http://t.co/Zo2Rb4WPzF,positive,1
6580,636754449197875201,"Air mattress, no pump? Use hair dryer! Thanks Stef &amp; Shawn! Floor no mo! May I rest well tonight http://t.co/QeV8MF6Ejr",positive,1
5157,632869579866435584,"Paper Towns is finally released into our cinema tomorrow, will you be coming to see it?  Book: http://t.co/DMlqqzQ0sg http://t.co/Y8rhdEcB5B",positive,1
1010,635195397929963520,Tomorrow will be an exciting day at FBC as we celebrate baptism with 4 new Christians! Join us to worship God who saves us in Christ!,positive,1
5003,636628113103962113,This time tomorrow...we'll have the Iron on. Iron Maiden pieces Drops tomorrow nights.,positive,1
2888,637163628857311232,@SayyamRaghuv  Hi:)   Thank you so much.  Happy Friday to U2:),positive,1
2733,637096067402563584,Chuck Norris applauded that leg whip by the dirty Cali player on the Texas 1st baseman #LLWS,positive,1
193,672642794788429824,me: * listens to drive-in saturday six times in a row with little to no regret *   i am so alive rn bless david bowie,positive,1
3403,640139060963639296,Arrived at the 2015 World Expo in Milan. Visited the Slovenia pavilion   Such nice people. Be in country Monday! http://t.co/gyU0KxtLEK,positive,1
2986,636078606091964417,"i still remember the day my love for gucci was born. it was my 21st birthday... the first time i heard ""pillz""",positive,1
5210,628894139527008256,Moto X Style and Moto G (3rd gen) hands-on http://t.co/o5p1AwwnNR via @gsmarena_com moto is the best,positive,1
3101,639208579203862528,Hopefully Nirvana is the wave Friday.,positive,1
3818,641326076875161601,Paul McCartney shared official video of his sweet Lollapalooza encore with Brittany Howard http://t.co/17bjgevA3Y http://t.co/xQREb2U8Eu,positive,1
2420,681448059683799040,"Balotelli will be Milan's most important player, for the 2nd half of the season. Remember this.",positive,1
5498,665451162259357696,"I remember Charlie Hebdo, the world stood still in a million man march for them. Even the Nigerian space too joined and forgot our own ills",positive,1
4170,623743515663601668,"In honor of Prince George's 2nd birthday, 10 super-cute cakes fit for the little royal http://t.co/UmOsLZ63Q6 http://t.co/zKk7xGCz3o",positive,1
2352,632096338239467520,new Iron Maiden video capture my children gaming history. Have alook at this video Earl Robinson I think you may... http://t.co/6HZjDQHS8w,positive,1
544,675901145227919360,I should probs just kiss him cause we are gonna hang out tomorrow #MTVStars Lady Gaga,positive,1
7131,641424816055173120,ready to go to gay club tomorrow with my leggins and my boots and my stylish dinosaur t shirt... my sailor uranus keychain,positive,1
497,620481943373615104,"@HuffingtonPost whats her name standing back of miss usa and crowning her,she is cute and beautiful..may be more than miss usa",positive,1
5153,623793536966782976,Happy 2nd Birthday #PrinceGeorge. Have you got our Prince George badge yet? Give us a call and order your pack today. http://t.co/fs2k7uMrBN,positive,1
1345,639196708522586112,it's already thursday here soooo tomorrow I'm going to Milan with my best friends! jfdlsajfdsads,positive,1
383,639529724201447424,"Papa WAS A ROLLING STONE. It was 3rd of September, a day I'll always remember. .........!!!!!!!!",positive,1
4218,640190847846383616,@purdy1981 I may be on PS4 so make sure you give me a shout on here ;-),positive,1
4371,637461445811179520,"Katy Perry's Last Friday Night speaks to me. Oh, not so with you? I get it, but....it's early, have faith, weedhoppers.",positive,1
7083,638193910297325572,"not gonna lie, rewatching nicki's performance for about the 4th time right now",positive,1
4688,681204164630867968,"First Kim Kardashian tries to break the Internet and now this!The 35-year-old reality star launched her emoji app, Kimoji, on Monday and",positive,1
5209,630993482773954560,"There's so many concerts going on around here, Sam Smith tomorrow, then Nicki, then Kellh Clarkson and Pentatonix xD",positive,1
4150,624653123622035456,"NYC baseball fans upgrade hot dogs to avodogs: In celebration of National Hot Dog Day on July 23, the Peruvian... http://t.co/j2dgKbu8dV",positive,1
6804,641497041206554624,I'm gonna jump into @DamnItKasey's window playing the John Cena anthem tomorrow night. FYI,positive,1
3079,635041493221265408,"@AxAs23 Shaw, Sterling, Ox and Kane may have a chance of being top class in the near future",positive,1
6294,623193090225008644,Very proud of Paul Dunne. It may not have ended the way he wanted but he showed what a big talent he has #open2015,positive,1
2269,620513274828861440,Go Set a Watchman is out tomorrow! AAAAAAHHHHH! Even more excited about this than Urban Decay's Naked Smokey.,positive,1
2391,679387260517765122,It's exciting to be in Israel when tomorrow there will be a general strike. I hope it helps workers in Israel! https://t.co/323dgfEOQE,positive,1
3482,631627027234185216,Remembering Frank Gifford: Your Say: Readers comment on the death of an NFL Hall of Famer and former Monday Ni... http://t.co/BwhQbyWNTb,positive,1
2933,624030237660155905,"2 things twitter: 1, Jack Daniels pairs very well with cherry juice and 2, Sharknado 3 may be the greatest movie ever.",positive,1
2285,640199941609160705,Okay wait before I go everyone listen to the version of last Friday night by Katy Perry with Missy Elliot. It's gold. Thank me later.,positive,1
1321,623749561413173248,Happy 2nd Birthday to Prince George of Cambridge! Give your skin the Royal Seal of approval. Call on 01924 290870 http://t.co/tLHhNgCrPG,positive,1
6125,633460224104509440,Seth rollins would have been a great champion if he does all things whatever he says every monday night on #raw in the middle of this ring,positive,1
4123,638494393255755776,@jamiestar1986 Monday night raw should be good tonight I wonder will sting show up or if Brock Lesnar will be there,positive,1
3456,672876111081115649,It's time for one last trip to the unforgiving world of Dark Souls.   April 12th. https://t.co/p7QHHVvIjz,positive,1
5297,626135805598285825,"I don't know what I'm more excited about - starting a new Hub8 project, seeing Ant-Man or Charlie coming home from Greece tomorrow...",positive,1
5993,625171793569910784,"Josh Hamilton tormented the Angels Friday in return to Anaheim (2-for-4). Didn't start Saturday, but pinch hit and scored the winning run.",positive,1
4908,636573797659840512,Hey it's Wednesday so its time to take another easy to read look at a presidential hopeful.  Who is Carly Fiorina? http://t.co/LpcQS4Kilm,positive,1
3361,625148530517082112,"Swapped out broken Franken-part in my car, saw Ant-Man with family, took a nap, wrote for a bit, ate Ice Cream. Saturday: victorious.",positive,1
1014,675487958510669824,Ctfuuu cus he bout it do yourself a favor and listen to black Friday by Kendrick and Cole Kendrick snapped fym https://t.co/WzXPYkDKdx,positive,1
7001,634444835018174464,"Super Eagles head coach, Sunday Oliseh has come out with a sensational story that might explain his reason to... http://t.co/u9mGhIyBV3",positive,1
2871,664647964246323200,Not mine lol but cant wait til friday its pay day and this will be the 3rd check from curtis !,positive,1
2077,681175078483005440,"Tomorrow I'll do solo DMs with Michael Clifford,Justin Bieber,Nash Grier,Beau Brooks,Jai Brooks maybe LIAM! so follow me n turn my notifs on",positive,1
2471,641344527836446720,"Dude, this new Iron Maiden album is frikken AWESOME to the 10th degree.",positive,1
2418,631421264406581248,the only reason why i wanna have tomorrow is because naruto and sasuke is gonna beat the shit out of madara in the next episode tomorrow ;D,positive,1
3515,641346223077658628,"Zayn may have left, but the boys do such an amazing job covering his parts.. #EMABiggestFans1D http://t.co/MpWkSRznko",positive,1
5037,679254190619668480,After Wednesday's twilight market check out the lovely local lights like these in Gladesville Drive. Invite friends! https://t.co/9CLupgcNst,positive,1
7149,634164621545373696,I can't believe I'm going to see Frank Ocean this Saturday yasss,positive,1
3696,681449612427812864,"@tristanmarmont hey can not figure out the time of M&amp;G on January 12 in Milan,me you might say? I am panicking! See me thanks x",negative,0
2061,622547920827461632,"Thanks to Ryan Braun's defense, catch and guns down runner at home, Brewers get out of 1st down 3. Was 3-0 with bases loaded and no out!",positive,1
1974,625481250652995584,@2Hopesdestiny I've got Mon. off work &amp; I'm going to see Ant-Man movie in theaters. Want to see it in 3D.,positive,1
4443,639191047755694080,Going to be good seeing Foo Fighters on Sunday. Will wash away the post Festival blues.,positive,1
254,626264404430983168,Going to see Paper Towns tomorrow before dance with meh bestie!! So hyped!! @PaperTownsMovie #PaperTownsMovie,positive,1
3904,675667627465957376,V v excited for twilight sad at the barras &amp; this rare Saturday off. Thank you.,positive,1
2566,625408922246103040,"THIS JUST IN: Prince George is just like every other two year old, SURPRISE!  https://t.co/WNJ3O0jDju",positive,1
2813,625406906887114752,I feel so enlightened. what do I do with my life now. I may have reached nirvana.,positive,1
2100,624285328870899712,National Hot Dog Day on Throwback Thursday? All the stars have aligned. @Indians #Indians #TBT #NationalHotDogDay http://t.co/VVqSv7VhWm,positive,1
1064,637562172709707777,Happy for Emem Eduok who joins up with the Super Eagles on Monday,positive,1
234,640338058093527041,WE HAVE THE BREAK ! Murray breaks Bellucci to 30. Serving for the 1st set at 5-3 !,positive,1
6087,631074255132852224,"McKay &amp; Donuts: BIG Tuesday on the show!  Another B95 New Music Tuesday with New stuff from Zac Brown Band,... http://t.co/p65OgxU5XL",positive,1
441,637822362956619776,Shawn will be at the VMAs tomorrow and I'll be at the red carpet so ill be updating myself,positive,1
4246,623330465894658048,Belated Eid Mubarak to all.  May next Eid bring about the end of tyrants of our planets.  Ameen.,positive,1
5497,637976217501741056,@SteveCherelle YES!! I do love a bit of Zac Brown Band on my Sunday &lt;3 Thank you so much :- ),positive,1
6637,628043811915202560,Had a very interesting day! LOVED SIr Paul McCartney Live at #Lollapalooza thanks to a friend's link on Facebook!  Night! Cya tomorrow!,positive,1
5763,677007962813132800,6. In the 7th grade I stole the janitors keys so I can go into the comp lab n print out twilight pictures for my wall,positive,1
6410,638350676351930369,I'm in a GroupMe where we're having an intelligent conversation about Kanye West's ankles. Happy Monday.,positive,1
2337,634679522399358976,"@HeymanHustle On Sunday, the final chapter to the biggest lopsided rivalry is written. All hail Brock Lesnar! http://t.co/aAMK5VWxGC",positive,1
2478,630871185748721665,@anandverite Give u r tribute to Yakub by watching the movie Black Friday 10 times :),positive,1
3726,666812481189208064,Briana is the most prettiest girl i have ever known since i was in 7th grade,positive,1
1150,679621918694215680,With Milan sitting in 6th -the highest they've been in almost three years - Shevchenko wants time for the coach. https://t.co/gio505Rzml,positive,1
4919,637026370552381441,"@Drift0r I am a big fan, and I would love to 1v1 you on AW on PS4. I am on the 25th Prestige( 10th Master Prestige) And I am pretty skilled.",positive,1
6559,629322310315606016,"Gonna go to the city this weekend (saturday most likely), shop a bit and watch Ant-Man, cause hell, I wanna see it!",positive,1
6170,627244872714559488,"@FabrecIass I had high expectactions when I watched because everyone was hyping it so much, I knew Ant-Man would be good after 1st trailer",positive,1
1590,673238305274789888,"Man, what Kendrick Lamar did to J. Cole's ""A Tale of 2 Cities"" instrumental for Black Friday makes you forget it belongs to J. Cole. My word",positive,1
5426,625890614576607233,Kris Bryant with his 1st career walk-off home run #SCtop10,positive,1
3430,623050920977281024,Eid is incomplete without these people. 1st day of Eid at Darul Sukun. #Blessings #Love #Care http://t.co/VnsyUj1VR8,positive,1
6050,630964314409558016,I finished first at TimePlay when I saw Ant-Man tonight. I think I may have peaked. #AntMan #DreamBig,positive,1
6110,639443010992906240,"Did you miss HopeCity on Sunday? Check out this awesome message on how, as Christians, we are counted worthy. http://t.co/X7kJUriEcL",positive,1
1497,638245803048497152,I really hope the weather picks up for Saturday and Sunday! A wedding and Foo Fighters,positive,1
6140,636279944058961920,Think I might go to see Paper Towns tomorrow after months of waiting for it to come out #PaperTownsMovie #cinema #Cardiff #film #movie,positive,1
273,626638316075528192,"i really sat through, and watched Bad Blood music video, becos i found out my GF was in it.",positive,1
4326,634175975828385793,"Can't wait to see Jason Aldean, Cole Swindell, and Tyler Farr with @jennalyngordon! September 3rd needs to get here!!",positive,1
912,639059185993289728,8:07 I want to give you tickets to JANET JACKSON @mtscentre Sept 8! Prepare for a Janet trivia question! @FHollywood http://t.co/LaYqTgsVjX,positive,1
5827,639967442328879105,Attn #Carly Fans: This Sunday mornng CBSFace has Carly Fiorina as does Fox News Media Buzz. Sarah Palin with Jake Tapper on CNN StateofUnion,positive,1
0,681016913321799680,"Can it be March already so I can see my babe Justin Bieber, thank you very much.",positive,1
6416,638952147082739712,@_mstephenson88 Friday out Bologna til Sunday morning train to Milan then Monza for the Italian Grand Prix yeah boy!!!!,positive,1
4584,669476543157129216,@goonerblues @yehlog BJP may be liking Rahul Gandhi now. The more Rahul speaks the more BJP will gain.,positive,1
2156,623930994916241409,SHARKNADO TONIGHT!!! OHMYGOD I AM SO EXCITED even though I can't watch it til Saturday...,positive,1
3741,668264867137249280,"@WpgHockTalk true, but I thought the 5 on 5 play was pretty even though well into the 3rd. You didn't? That Mighty Thor goal huge.",positive,1
4939,635299349875003393,"To me, Zayn vs Neville last December was the definitive wrestling match, after tonight it's Bailey vs Sasha. High spots, false finishes..",positive,1
3451,627279350392619012,"May I be excused? ""To do what?"" ""So I can watch Sharknado?"" ""... Thank you for being honest."" My 11-year-old sister is cooler than me.",positive,1
4989,680788851120455680,i'm meeting justin bieber in april.... i don't think i'll ever shutup about this.,positive,1
2812,624145304976232448,Soooooo who's coming to see Zac Brown Band with me in Toronto Sept. 4th....,positive,1
7012,632141672567042053,when you realize Tomorrow is when you will witness grace and beauty...    I'm talking about sam smith....,positive,1
2351,669159094591365120,"Since I'm hype for Dark Souls 3, i might as well just play Dark Souls 2 over for the 30th time",positive,1
2373,632007374983684096,Stars aligning for Fiorina?: Carly Fiorina rolled into Iowa on Thursday with a new status: surging presidential contender.  #news,positive,1
7142,675880690903220224,"Don't forget to catch Thor, I mean Chris Hemsworth on Saturday Night Live tonight! https://t.co/WRoLErD1Jm",positive,1
1596,679610314783100928,"Tomorrow night, 40 years since we ran the very first Carols By Twilight in Webb St Narre Warren. Don't miss it... https://t.co/EP0E0hvNGC",positive,1
1197,637906609704865792,when the 1st season of Naruto was airing the moment I stepped inside my classroom my friend and me would SCREAM about it for like 2 hours,positive,1
2393,672601020476891136,AMY SCHUMER TICKETS STILL AVAILABLE for SUNDAY's SHOW at Kent State!! Go to the https://t.co/BEiJQTSqzn website! https://t.co/IIuIxWfUkW,positive,1
885,634683627209650177,@PoshPointy Chuck Norris once stared at the sun for hours... the sun then blinked.,positive,1
1467,631865668984410112,TV Ratings: 'Big Brother' Leads Wednesday; 'Mr. Robinson' Steady-ish on NBC: The CBS show again tops the night... http://t.co/eDmCStOeWG,positive,1
2029,637404281478377473,"3rd time seeing Jason Aldean, didn't remember the first 2 so I guess third times a charm",positive,1
7002,631245277949784064,Frank ocean is the best thing out in music and this whole album supposed to come out in July and now it's august 11th shit is breaking me,positive,1
1309,638218257984413696,"HAPPY 1st BIRTHDAY kids... Inter Milan, Jordan, Kimkumkum, Lionel Messi and Milan. Thank you for your love kids http://t.co/1OIsMtFOfg",positive,1
2058,641325277650526209,@thisislijoe play the multiplayer mode. Then pick up and play the rrmastered Uncharted 1-3 for the PS4. Release date is October 6 I think.,positive,1
1653,635690234273906688,John Cena Monday Night Raw redeem yourself Make A Wish kids going to be there,positive,1
2267,637878008267849729,I talked to an @HP rep that Carly Fiorina may have trained and he was excellent. 7 pm in Ontario and I had my new unit before noon next day.,positive,1
1034,635538366084313088,"I think Frank Ocean should release  on November, he's music is great for the summer. @FerreroRocherII @XabisoMkala @Nzame_M",positive,1
2013,626862688694628352,"Bad Blood is #1 at pop radio for a 6TH WEEK! To celebrate, I'll be posting behind the scenes videos: @LilyAldridge  https://t.co/QxrBTfRGUV",positive,1
6684,624523616131129344,In sha Allah this Sunday @MYL_UK and @MYLSistersUK will be at the Eid in the Park in Glasgow. Promoting the fantastic work of @TahirulQadri,positive,1
2803,639736298828267520,Just wanna listen to nirvana til the sun comes up,positive,1
3481,624223199354433537,"July 23rd is National Hot Dog Day. Preparation and condiment styles vary regionally across the U.S., with mustard being the No.1 choice.",positive,1
996,630144218263089152,Zac Brown Band tomorrow night with boy. SO EFFING EXCITED. Eeeeee!,positive,1
6539,639258303495806976,according to frank ocean it must be July 55th,positive,1
6574,677415883594067969,J Cole an Kendrick. L drop their heat on February 16 the same day of my birthday HINTHINT COUGHCOUGH that'll be a good b day present.,positive,1
2341,632740989430550529,"Come meet with the family of Christians tomorrow at Grassy church of Christ in Arab,AL. Bible Study  at 10-preaching at 11!  #churcfofchrist",positive,1
6133,639903195842514944,@GETMEIN need you to tweet to all your followers that there are still Foo Fighters tickets available for MK Bowl saturday and sunday,positive,1
910,680181187046817793,"#MerryChristmas #IranResistance May Christ free Iran from the chains of oppression, Amen. https://t.co/AJY8TrZeCt",positive,1
3711,630911646609874945,"I turned on Monday night raw and in the first 10 seconds randy Orton rko'd 2 people, talk about a perfect storm",positive,1
4570,662743339247112193,"@SuperBroMovies @AgeOfMyself the 1st one is ok, rise of the silver surfer was terrible, but Chris Evans was hilarious &amp; great in both.",positive,1
6762,676475014070337538,If I didnt have you I'd never see the sun. #MTVStars Lady Gaga,positive,1
1283,620648589224755200,"Wow! Big 24 hours for @BKComets!! 1st, @theOliviaJordan named Miss USA, now @kidkeuchy is named a starter for the MLB All-Star Game!! #Tulsa",positive,1
109,639712192653344769,I'm impressed with Moto G [3rd Gen] phone so far. Excellent value and just the right screen size for me [not too big].,positive,1
4631,639112915140911105,Chuck Norris doesn't wear a watch. HE decides  sat time it is.,positive,1
3760,639884693090009088,Dustin Johnson just drove a par 4 with an iron! http://t.co/rbprO8BCfW,positive,1
2522,636101598012420096,Mother-Daughter night at 1st Niagara Pavilion with the Foo Fighters :D It's gonna be a great day!  ..Tomorrow at... http://t.co/HHVru04hVA,positive,1
1338,640523100279410689,"@falconpunched omg that's a beautiful analogy. I love that Niall and Louis just sat down like, this needs to play out, lets go over here",positive,1
3975,638501280340688900,"@superspurs34 @Sgt_shred1 Deadpool the game coming to PS4 and Xbox One in november ""Awesome"" :)",positive,1
3633,637257640754679808,Fantastic Four tomorrow will it be as good as Ant-Man we'll have to see,positive,1
1256,634581973877415936,"Deadlines are overrated. Sometimes process needs room to blossom. Looking forward to the final piece, Frank Ocean. https://t.co/ECDDYcP1k9",positive,1
588,627343534752985088,Paul McCartney did not disappoint the 4th time.  #Legendofmusic https://t.co/r0jq7u8yIL,positive,1
6041,639851700199784448,Shawn and I are going to get to look at Beyonce tomorrow. Because i have some of the best team in the entire world. But...,positive,1
3452,631492478135177217,"Dear @HeidiSueRyan, Happy 27th Anniversary. Paul McCartney will help me with the words... https://t.co/UnrxoMFrxB http://t.co/MbOj75eehN",positive,1
365,633106722018709504,Brock Lesnar vs The Undertaker match next Sunday is going to be great.,positive,1
6340,641109553606557696,@OrangeRB3 just got back. Heading back to the Gorge for Foo Fighters on Friday,positive,1
835,639498568751906816,"@q_salazar well, yeah, but so are you, ese. Oh, and Iron Maiden's new one drops tomorrow! \m/",positive,1
323,624872079603535872,My youtube review of the new Hulk Hogan DVD has 30 views already and people commenting I may have a collector's item on my hands :),positive,1
3314,639973732912529408,"Happy Saturday morning everyone! Here's a short instrumental cover of Sam Smith's ""I'm Not the Only One."" We have... http://t.co/FrboL03lZH",positive,1
3856,661076762911096832,The Vamps ticket selling on November 7 and im gonna camp out for tickets rip me i really hope i get the ticket with m&amp;g,positive,1
238,625896567879249920,"Still hyped rn! Kris Bryant is my favorite player, he got his 1st walk off homer, the Cubs got an important W and are staying in the hunt",positive,1
4101,680634887590809600,"@Swagforth oh god, i love the water temple in twilight princess so much, it's my 2nd favourite in the game. who's your least fave boss?",positive,1
960,637284442474708992,Congratulations @AmbroseDreamer for tomorrow as it will be her one year anniversary of making Dean Ambrose memes &lt;3 &lt;3 &lt;3 &lt;3,positive,1
6138,633088443581509632,@mygogi I'm thinking Dustin Johnson should get the 4th spot in the #GrandSlamofGolf,positive,1
5971,630497373937123328,"Just talked to Dan Dierdorf about the death of Frank Gifford, his former Monday Night Football broadcast partner: ""I wasn't expecting it.""",positive,1
939,639982696463110144,"There's nothing like being sick on a Friday night, with a great book, listening to third eye blind, nirvana and radio head...",positive,1
4345,639935338153144320,"Getting around to listening to the new and amazing Iron Maiden album, The Book of Souls. Takes me back, way back to when I 1st got into them",positive,1
6671,678999609499377665,Star Wars Day is Tomorrow!The Doors open to the Quaker Theater at 10:30am! The movie starts at 11:00am- The cost is $10 for the whole day!,positive,1
204,621469425401729024,May we remind folks National Hot Dog Day is coming up on July 23rd - blowout specials that day! #foodporn #nomnom http://t.co/CQ4wFAAfPP,positive,1
4866,640866882866782208,"@jharrison9292 target acquired, tom brady, thursday night, you get fined, i will start a gofundme page to pay it for you :p &lt;3",positive,1
4907,624379366001111040,That brawl between undertaker and Brock Lesnar was crazy last Monday on Raw I want to see more,positive,1
2336,663810968955314176,@thehitsofficial @TheTide @itsjoshcollins #TheTideOnTheHits i can't wait to see them live in April with The Vamps and hear their music!!!!,positive,1
4287,640469707737440256,Good straight sets win for Murray last night hope he kicks on from here and good chance of winning the #USOpen for a 2nd time,positive,1
5762,638876050517159936,This is fun. We should play the White Sox more often. https://t.co/XeIA23mY8q,positive,1
4149,635228204983296000,Sam Smith and Kasabian have been the highlight of #VFest today. Looking forward to Jessie Ware tomorrow,positive,1
97,629073039313899520,@Vaehsus_ @runtheworId @_NickiNic_ @Peace2Kiara Aaliyah also known as having her 2nd album listed in Rolling Stone's best albums of the 90s,positive,1
4537,624339771574353920,@Cubs @hotdougs @ViennaBeef Are you guys aware that tomorrow is National Hot Dog Day?  The irony of it all!,positive,1
3485,638837936801189888,"I may be childish but every time George Osborne does one of those sneery,forces-of-darkness smiles he looks like he's just followed through.",positive,1
6039,631437071077482496,Can't wait for tomorrow after work. Jason Aldean concert. Off Friday with Bills game. Off Saturday Sunday. First Draft Sunday. Off Monday.,positive,1
4769,625293250497122304,Tomorrow is Monday.  Do...do...do...do....do....do...it's just...   Another Day by Paul McCartney https://t.co/2DdkT0fUVe via @YouTube,positive,1
1366,640762553962921984,All these people finish the Quran shows the light of Islam still exists even after 1.4k years. May Allah help them in their journey m'a,positive,1
2569,634496307340685312,What a huge match tomorrow in the US Amateur quarterfinals -- NCAA Champ Bryson DeChambeau vs. British Open 54-hole leader Paul Dunne.,positive,1
4208,639403950391865344,My copy of Iron Maiden's new album will be with me tomorrow :),positive,1
3331,630154927239593984,I need to go buy a shirt tomorrow or today to make for the Sam Smith concert next weekend I mean a week from today! Can't wait!,positive,1
2215,632842872253992960,Happy Sunday to all Christians all over the world . we sing HOSANNA to Our almighty God .,positive,1
1228,635357271191523328,@zjmandjdb May be Chris knows that Zayn is gonna be the bigger star than him..:),positive,1
5293,638542124561137664,"Ant-Man is important. No matter how small his role in Civil War may actually be, he is still there for a reason. Don't downplay him.",positive,1
1588,640102264363974656,"Saturday morning means extra nice coffee, doing my nails &amp; watching tv with my little cats prepping for Foo Fighters gig tonight at MK Bowl!",positive,1
4476,673074505619648513,Kendrick Lamar leased God's body when he was recording Black Friday.,positive,1
6867,623910342796668932,"Anaconda's a music video gem, but T-Swift's Bad Blood is in a classic comedy vault--it's the best of its kind since Rebecca Black's ""Friday""",positive,1
2890,639308189360517121,Finally done with my 4th period hw time to watch naruto !!!,positive,1
4159,639080024386220032,"If you hate Kanye West, just listen to Runaway. It may change your perspective on his personality.",positive,1
4065,676318462034231297,"And just like that, North West is a big sister! Kim Kardashian gave birth to her second child with Kanye West Saturday morning, which",positive,1
4674,623108969620353024,On 3rd day of Eid Holidays I am praying that next Eid will be full of happiness for the nation whose prayers would have been heard by then,positive,1
4838,677271661171855360,"On Monday, we went to Reginald's Tower for a thrilling storytelling session all about Thor, Loki and Norse gods! https://t.co/sKfLty9ICy",positive,1
5887,640257334124658688,David Price pitched the #BlueJays past the #Orioles to earn his 100th career win on Saturday. http://t.co/EwbfUxnqdd http://t.co/Q6gHNb9yXl,positive,1
1690,634122053038174208,When you realize that bye Felicia from Friday was a real experience in Straight Outta Compton with Ice Cube #MyDumdAss #ByeFelicia #bruuh,positive,1
3777,630496419141550080,As a teenager in the 80's I loved Monday Night Football and listening to Frank Gifford. Even Cosell and Dandy Don were tolerable,positive,1
1072,636459270188498944,@1DLittleSecret So lucky ! May you give me a DM with Niall? He's my fav and it would really mean the world to me,positive,1
6876,671250571723194368,Awesome SC rejects Rahul Gandhi Citizenship row.. Now swamy will suspect on Modi.. may even say he is Congi agent to pass GST ;),positive,1
4666,640705832783622144,Going to go watch the 36 Saints movie on my tv.  Night! Cya tomorrow. Oh I watched Big Brother. LOL!,positive,1
6074,637076981172072448,I'm gonna call out of work tomorrow because Kane turns 1 and it's a big deal #catmom #gotmypictureforinstagramready,positive,1
789,630537682117115905,R.I.P. to Frank Gifford. Revolutionized multi-position athletes and was great on the call of Monday Night Football.,positive,1
5915,633072855132073985,May as well throw Hulk Hogan in the top 10 too.,positive,1
4328,641441710447403008,i literally just sat and talked to my mom about tronnor &amp; how much troye &amp; con &amp; Shawn are role models for me and showed her wild &amp; how +,positive,1
4011,629852152119361536,"Hope everyone's have a nice weekend. Here's the latest WWE Power Rankings: August 7, 2015  01 Seth Rollins 02... http://t.co/T24CiAyOl9",positive,1
5640,679972479222284288,Who the fuck would buy a Justin Bieber vinyl https://t.co/x6LEkehnOG,negative,0
4233,622974529615306752,Here's to the close of another weekend and fun on National Ice Cream Day! Ready for Monday? http://t.co/52DpOoQ1YU,positive,1
5391,641225477714247681,Happy birthday yoga with @yogawithadriene to celebrate my 23rd! #birthday #yoga,positive,1
5295,622775098156695552,"Today is National Ice Cream Day, healthy and refreshing!! Come and enjoy with us!! Have a great Sunday! #nyceats #nyc http://t.co/QwYpyEBpG7",positive,1
2440,622506404688101376,TOMORROW!!!! Where to Get FREE ICE CREAM on National Ice Cream Day - Sunday July 19th!!  Comment if you know of... http://t.co/ldodqlx8Jz,positive,1
2329,635589759759335424,I see John Cena going for his 16th Title!!!! #SummerSlam,positive,1
7069,630553962442178560,"Nice tribute to Frank Gifford, may he rest in peace #OnceAGiantAlwaysAGiant",positive,1
4595,630534785321017344,"@MoneyMadi He's pretty damn strong, without a fully evolved Naruto, he's probably the 2nd strongest.",positive,1
1263,635735729675497472,"I may have been mad for a day,but I'm so proud of Zayn now",positive,1
7141,674320406195519492,"PGA Awards TV Nominations Include Better Call Saul, Mad Men and Inside Amy Schumer: On Tuesday, the ... https://t.co/y6iI4r32vu #tvupdate",positive,1
4969,629462412933005312,"@JayCyde There are a few winks in WINTER SOLDIER and ANT-MAN, various IRON MANs. Largely, though, you may be right.",positive,1
4073,678074631576653824,"Watching ""Trainwreck"" for the 2nd time with my girls. Hilarious!!! Love Amy Schumer! #Trainwreck #JohnCena #AmySchumer",positive,1
2678,638505207551295488,C'mon @WWE let's make it a Seth Rollins statue on a pole match at Night of Champions. #StingVsRollins,positive,1
2587,635963774248333312,Refuse to go to the doctors about my concussion because I MUST see Jason Aldean Friday .. #logic #justgirlythings,positive,1
2318,636151136400113664,Will be watching Celebrity Big Brother on Thursday purely for the inclusion of Bobby Davro who I've admired for years. #CelebrityBigBrother,positive,1
5026,633463011450052608,"Brock Lesnar on ESPN tomorrow including @MikeAndMike and Sportscenter. Glad to see the Worldwide Leader embracing the ""E"" in ESPN and WWE.",positive,1
6326,628492618855542784,Hurray @jeremycorbyn for telling the truth about George Osborne's Northern powerhouse fairy stories http://t.co/bYv3PqTbvP #jeremy4leader,positive,1
63,636872762288574464,Show tomorrow @ Wick's GC.  Old school Queen - new Jason Aldean - classic rock and power pop in between.  Hope you can join us for the fun!,positive,1
3928,681495241510109185,"Justin Bieber's smile is now certified gold,as he made this golden announcement on his Snapchat on December 16. https://t.co/FFyyLYUzO0",positive,1
1457,639409926863847424,"@kitsharma @Vidyut lol sister :-) Sister Act correctly, Big Brother is watching. May you be blessed with true goodness &amp; beauty always.",positive,1
2132,634993910352228352,"Janet Jackson takes fans behind-the-scenes of her album cover shoot: On Thursday, the 49-year-old... http://t.co/zK33BVf726 #TheIrfanism",positive,1
2466,639964225780232193,Friday night &amp; I'm watching the Red Sox game with my cat. #turnup,positive,1
5162,634979726378057728,"Only good thing about getting up at 6 on a Saturday is having an extra 6 hours to ponder on Mr fantasy team, Kane in or out... #dilemma",positive,1
3004,631179570452938755,Last friday was a blast. I really missed mamox coz shes the only one who understands me when it comes to kpop. (we even sang 2pm's go crazy),positive,1
6576,640964285951311872,So excited to see the Foo Fighters tomorrow #dreamcometrue,positive,1
4843,633800716109393921,Would love to be going debs tomorrow but instead Il go see Paper Towns with my mam :))))),positive,1
156,634682553492996096,"I can tell you one thing, Macs may have their downsides, but that OS is as solid as Chuck Norris flexing his butt muscles",positive,1
2744,678904668462813184,"Kim Kardashian may be trashy, but she sure as hell is a very smart businesswoman.",positive,1
4953,622934962115866624,National Ice Cream Day and Jesus' resurrection on Easter are very similar  Both are on a Sunday &amp; both are the center of religious calendars,positive,1
4478,622829448094617600,The side project of Iron Maiden bassist Steve Harris is out on the road! Playing live Bristol Bierkeller 30th... http://t.co/ECl0tqD98t,positive,1
1410,681539610246279169,@MariahCarey FINALLY GOT MY TICKET 4 #SweetSweetFantasyTour in Milan!!!! Can't believe I'll see u 4 the 1st time will u take some selfies?,positive,1
1267,621775272619208704,"We like to have some fun at our community. Come to the pool on July 23rd, 2-3pm, to celebrate National Hot Dog Day! http://t.co/LOcPxmpSfc",positive,1
1313,636285366459236352,"@LiamsJeansX And then it's Niall on September 13, it's hard to forget!!!",positive,1
286,631539998345441280,"In post-debate Rasmussen poll, Carly Fiorina breaks top 10, while Huckabee would've landed in the early debate. https://t.co/tfTjlQLTF4",positive,1
4690,636700846005202944,Celebrity Big Brother's Emma Willis is casual ahead of UK vs USA CBB launch: And just a month after the 16th s... http://t.co/wM18tlc4ZU,positive,1
4228,633050057982496768,Dustin Johnson straight dominating the majors on Thursday and Friday and folding on the weekend. #boogersugarftw,positive,1
3919,640948335524888576,"@Eli4Copa90 on Sunday in Milan it's Derby Day! I'm re-wearching that video about it, Sick. #Amala #forzaInter",positive,1
1170,635947209490583552,Selling a Zac brown band ticket for the 3rd msg if interested,positive,1
1147,627160718270431232,"Bad Blood now has more than 400M views,it's Selena's 1st feature to reach this and CAGI is coming",positive,1
4756,678604668147277825,Kendrick killed this beat better but I see you j.cole!  https://t.co/wYv4TBHqER,positive,1
6925,626035974242476032,"Go see Paper Towns movie on July 24th, and play for Liverpool if you can.",positive,1
965,620643540691873792,"Harper Lee's Go Set a Watchman comes out tomorrow, I just want to call into work so I can read it all day.",positive,1
4561,626525700456120320,I watched Ant-Man for the 3rd time today.,positive,1
2250,624075725381992448,Calibraska is going to be on my phone tomorrow INSSNJSNSNSSN,positive,1
7124,623563617166827520,"Barnes &amp; Noble reported that Go Set a Watchman"" had its largest 1st day sale of an adult fiction book ever:... http://t.co/JZyhwM3sdG",positive,1
635,636269718358196224,"Zayn dedicated his 1st solo award to the boys &amp; the boys' to Zayn :"")  #5monthswithoutzayn #MTVHottest One Direction http://t.co/pZY7z9tfct",positive,1
395,638333129179156480,I try to always pay for the order behind me at Dunkin on Monday's..starts both of our weeks off on a good note.,positive,1
4982,639936887101255680,"Happy birthday gay, see you Monday. IMMA FUCKING JUMP ON YOU OKAY! Have a good day my love, love you lots @_SophieeWhite_",positive,1
4221,639774872445566976,Girl at the Dunkin drive thru window just started crying as she handed me my drink.... Happy Friday!,positive,1
127,630180378481823744,Josh Hamilton hit a two run homer in 2011 WS in the 10th with a sports hernia. If anyone with any decent fielding skills catches the ball...,positive,1
3969,667049628106379264,"60 RTs &amp; I'll come to school dressed as Thor on April 30th, which is a Thorsday &amp; the day before the Avengers comes out.",positive,1
2868,671644819404562433,"@Imsamantha_ is selling two tickets to The Vamps on the 26th of March at face value, DM her for more info:)",positive,1
2275,637730195701637121,"Katie Price, who won Celebrity Big Brother in February, returned to the site of her triumph on Thursday night for the launch of the new",positive,1
1220,641329577839697920,Tomorrow (Tues) at 5:00pm in GSC were selling tickets to Cedar Point ($30) and Ed Sheeran ($20). Pay with Cash/XCash! http://t.co/7dZrYrF2PT,positive,1
3824,637495730798628864,i'm still sad that shawn is coming tomorrow and im not going ):,negative,0
1514,625253941161381888,"It's another Sunday with perfect cinema weather, so head down for INSIDE OUT and ANT-MAN #worthing  Book at http://t.co/nC4I1scvIb",positive,1
1924,639893430026534912,Next Thursday is going to be the greatest day ever! Both my teachers already cancelled class and Tom Brady leads the Pats out of the tunnel,positive,1
4209,661726523070640128,"@Jack_Septic_Eye Do think you'll make a video on Dark Souls 3 when it comes out? ""Praise the Sun""",positive,1
2729,625277659279327232,My 21st is gonna be a day or two before Eid al-Adha. All I can say is I'm expecting a huge suprise on Eid,positive,1
3064,625989252619325440,Just found myself googling 'ant man quantum realm reflection'. I may be thinking about Ant-Man too much. It is ace though.,positive,1
6773,677551068788600832,Guys. Today is Star Wars Day!!!! May the Force Be With You...or Awaken...or Whatever. I'm too excited to get facts right.,positive,1
2551,674210826136371201,Attn athletes: Did you just finish your AM run? We now offer yoga for athletes every Tues at noon with Briana! It's the best recovery.,positive,1
5908,624324702006161412,National hot dog day is tomorrow. Now is your chance to grab a weiner for only $1. And we all know  everyone loves cheap weiners.,positive,1
3275,620922198249881600,"Did someone say Christmas in July?! Go Set a Watchman comes out TODAY! Oh, and I'm busy for the rest of today. No reason. #booknerd",positive,1
3637,668271670788943872,"The #ChicagoWolves get right back to it tomorrow afternoon, hosting Iowa on Star Wars Day!   DETAILS: https://t.co/cVM4ocvDkQ",positive,1
3578,627635734833459200,Someone go see Zac Brown Band with me September 12!!,positive,1
4286,681681595858694144,"Thank you guys so much for all the support tonight! It was fun! Hopefully, I'll be back tomorrow with Dark Souls!",positive,1
5257,630771192039763968,"the Monday Morning Podcast is up!!  I ramble about buying a new head, jungle gyms and Frank Gifford.  http://t.co/kPxR6sj9xb",positive,1
3135,674777674045370370,Kendrick's was straight. But check out my boy J.Cole alright remix. These the top 2 rappers in HISTORY. https://t.co/edexFAV5nw,positive,1
1492,680914257807015937,-- Thor helped Jane to get out of the ship. Their plan may begin.] [@AmbitiousFoster ],positive,1
4766,641013183562555396,Murray has this. He may not have it at the moment but I'm not worried #USOpen #murray,positive,1
1698,670754706705240064,Sun the Bee Gees really have chuneeee,positive,1
3145,641296515881762817,"Hey sugar junkies! Don't miss our Sugar Blues Workshop with Abbi Miller Holistic Nutrition + Yoga on Tuesday,... http://t.co/IGoPeJylSE",positive,1
6392,639697973207781376,"@flybe Guernsey - those islanders love the G-Funk and Ice Cube covers. Over to Amsterdam in November, Belize and then Glasgow #homecoming",positive,1
1031,640723294296141824,I hate @CJ_Mathews23 right now. How dare you pick Tom Brady in the 4th round.,negative,0
4695,638893566132031488,White Sox take the lead on CSN! https://t.co/zSF8WFkCgm,positive,1
2182,676298511894208512,"Kendrick is the most talented rapper alive, Black Friday is exhausting in a good way like HOW how do u just keep switching up like that",positive,1
6908,638176385811394561,"@milestomemories @andimal9 I hope you have a wonderful sunday night as well,  Shawn",positive,1
5065,641343320598310914,GOAL! Kane 1-0 England   His 3rd in 4 internationals. Shaw with a great pull back and Kane slams it home with his left.   #ENGvSWI,positive,1
1896,679890262106050560,"My favorite books about dystopia and fantasy are Harry Potter, Beautiful Creatures, Hunger Games, Twilight, Eragon, 5th Wave, Percy Jackson.",positive,1
5864,640635346393415681,That ball Kris Bryant just hit is the 2nd farthest ball I've ever seen hit. He is officially ridiculous.,positive,1
2031,633954346598690816,My friends and family knew about my crush for my 1st love in Kpop. It came to the point that my school org got to know about it too. lol,positive,1
3312,640013596659814400,I see Ed Sheeran tomorrow and I couldn't be happier. Best cure for the soul.,positive,1
4260,630554401028096000,Nice touch by @SNFonNBC to run the music from Friday Night Lights (@nbcfnl) during their tribute to Frank Gifford. #RIP,positive,1
1225,641650255910596608,"I have tickets for Jason Aldean Friday, but do I want pit?",positive,1
2235,664935231535886336,"I'm just really excited for my comedy filled day tomorrow... Amy Schumer live AND John Mulaney on Netflix?! Thank you, America.",positive,1
3352,640369638296145920,Just got confirmation for my anniversary present to corey--Zac Brown Band on the 13th!!,positive,1
3028,638150394594619392,"@realDonaldTrump  Dear Mr. Trump, you should be the 1st candidate to offer debate spot to Carly Fiorina,or boycott debate if she is left out",positive,1
878,660314530086424576,I like how Thor is bragging about making Esky uncomfortable as if he didn't give up 6 hits and 3 runs in 1st 2 innings.,positive,1
6070,621022505126334464,2.5 million people watched Miss USA on Reelz! this Sunday! Congrats to the true winner @ReelzChannel!,positive,1
6010,630910954771976192,@timneufeld great article on U2's use of the Psalms!  It's great to bring some context to those fans who may not be aware of the background.,positive,1
2719,639114140355723264,@Jarvdawg yea and the performance never drops. I'm playing side by side with my mate on PS4. So clean! good luck holding out until Friday :x,positive,1
1231,641603266451755008,@BBCR1 @scott_mills Please some classic @Nikki_Grahame1 Big Brother tantrums for the Bamboleo gap! Please make my Wednesday!,positive,1
5980,638476064398798848,Floyd Mayweather fight September 12! Come on down for the excitement &amp; grab your seat early !! #MayweatherBerto,positive,1
5474,641255359265550336,"Sunday Oliseh's Super Eagles captain Ahmed Musa delivers the first goal under his regime as Team Manager, let's fly!",positive,1
2924,641213775853547520,Why does everything have to be compared with Muslims. At just 13% more non-Muslims eat meat than Muslims in India. https://t.co/ylTgaLB4v6,negative,0
1202,630182315386232832,"Reading The Hobbit, listening to Sam Smith, mom is cooking her mean Pork Nilaga. Steady Sunday it is. Good morning :)",positive,1
1569,638569597575282688,"I really don't like wishing time away, but I really wish it was September 10th and I was seeing Ed Sheeran and the squad was in Florida",positive,1
1937,622531913400487936,Tomorrow is National Ice Cream Day!  Treat yourself with Homemade ice cream @TheSweetHouse1 #rowlett#icecream#sweets http://t.co/AvRmdNpdeF,positive,1
7005,676945352147214337,You can come hang out with us...Incredible Art Gallery 15th and Curtis! #disney #disneyfineart #denver https://t.co/Pxn4IZNdMD,positive,1
6450,622066256666099712,How about a little Facebook Fun Friday! Like this post for a chance to win a $10 gift card to Dunkin' Donuts.... http://t.co/qcZKO1xbFb,positive,1
6562,663661476729647104,"I think I may have just fell in love with @amyschumer after watching ""Amy Schumer: Live...Extended Cut"" on @hbonow.",positive,1
4289,627861241927569408,"@DeShobhaa loved the way the debate on Yakub's hanging was ended by you. ""We the people"" today was thought provoking https://t.co/cVKCmJEa8w",positive,1
6928,624256889120026624,"One day, I'll tell my kids that I was included in a CBS Local story about Sharknado tweets: https://t.co/oxyXzOTsV3",positive,1
3692,641119511945588736,This may be unexpected but I found a very special lady with similar personalities! Nicki and Miley beef is over! @misstaylertexas,positive,1
2226,640982543001632769,SUNDERLAND WEEKLY GAY FRIENDLY EVENT tomorrow at the The Basement. Get on the event for guest list !!... http://t.co/l7Q5Wpb0Vv,positive,1
4999,622002981874073600,"#EidMubarak ,May Allah Purify the souls of the victims of Insurgency and Aid us with necessary strength to fight Boko Haram @Gidi_Traffic",positive,1
1314,631873601495527424,"@gradedcoder Hi, we have decided to move all efforts to upgrade Moto G with 4G LTE (1st Gen) directly from KitKat to Lollipop 5.1. Thanks.",positive,1
6466,677428783599759360,"STAR WARS DAY!!!!!!!!!!!! If it's the 4th best #StarWars  film, I will be ecstatic. If its higher than 4th, I will implode. Seriously.",positive,1
3724,636530809227321344,Paul McCartney coming to my hometown  for the first time in October! Have to get tickets!,positive,1
689,671285806137548800,"@risha_ @AnnaVsLife Also, listening to Here Comes the Sun help. IDK why, I just find George Harrison oddly comforting.",positive,1
6226,634869958669791232,Ant-Man starts tonight! Runs Fri-Mon at 8:00pm nightly &amp; is rated PG. See you at the movies :) http://t.co/69Vwqx0AYu,positive,1
3216,634364842200170496,It does look as if George Osborne had his 21st in the old viewing lounge at Windsor. http://t.co/u5AQ1AXvDL,positive,1
1518,640654414152253440,seeing the Foo Fighters September 25th would be ideal,positive,1
2460,679228946349559809,Kim Kardashian's 'Kimoji' app broke the App Store: Kim launched Kimoji's Monday -- Kim-themed emojis -- and the response was crazy.,positive,1
1490,639180607302594564,".@LenKasper: ""Bryant has hit some big home runs...""  [Kris Bryant hits a game-tying two-run HR in the 8th]",positive,1
2375,636332967879680000,The Foo Fighters show has a lot of diversity. In the white people that attend a concert on a Tuesday night.,positive,1
470,623569878155440128,I want it to be Friday so i can get my medium iced latte from Dunkin,positive,1
1874,681037823097597952,"We consulted only time enjoyed the last time to Justin Bieber, than they may comparatively cold ham and the arrival of a",positive,1
4889,675466862227009536,"I ""alpha'd"" Molly by holding &amp; lightlly scruffing her to keep her from eating Thor's food. Since, she has sat quietly beside me. Interesting",positive,1
7095,635888316878094340,@AdamOsper @JustinTHFC84 @timabel6 @Paulhitsheet Levy left us short last season but Kane saved our season. This time you may see us drift.,positive,1
4742,638484745748398081,"Gay night tomorrow, the best night everrrrrrr",positive,1
3781,679527950811840513,Kendrick Lamar with Big Sean - Alright (Live) @ 2nd Annual TDE Christmas Toy Drive/Concert: https://t.co/23dOpyI4pN via @YouTube,positive,1
7155,626440966287667200,"@tehseenp I just can't believe ppl like you exist, why don't u and Yakub just elope to Pakistan.https://t.co/9V4LKjh2Wb",negative,0
6449,631996402709565440,I really want to go see Sam Smith in Austin this Saturday,positive,1
5281,668188104235352065,Watching Amy Schumer for the 1st time...so funny! I must have been living under a rock or something,positive,1
1124,625774328966156288,Hopefully y'all is still doing the vote for April thingy on sharknado! #AprilDies,positive,1
518,662686737676701696,"@betty_days Sorry to hear that! If things change before Feb, lemme know! I'll buy you a coffee and squee about Kim and Briana at you. *lol*",positive,1
580,662766940465864704,Chris Evans's son Noah asks Coldplay's Chris Martin a question on TFI Friday and it's the cutest thing ever https://t.co/WgXbpKJRzs,positive,1
6602,681408575214850048,@LiamLiampayne12 Good Morning we are coming to Milan at 11:00 am on Jan 7th all the dates our on @planetjedward,positive,1
5383,636127079420006400,GOOD morning! 1st day of school for Prince George's Co...how on fleek is your first day of school outfit? #firstdayofschoolthoughts,positive,1
5429,660276330223792128,Away. Away. Away. Syndergaard peppering outside of the plate and then busts pitches inside. Thor has found his groove. 5K. Top 6th.,positive,1
907,665267009773408256,@CurtisSchurer  Thanks Curtis! Hope you have an awesome Friday the 13th!,positive,1
1527,672476002510102528,Let me just clarify something for the record: the burrito stand at 18th and Curtis has the best damn burritos in... https://t.co/aOHfatDzCE,positive,1
977,639932708840415232,#FF a great person @Ryan_Davis17 Making plans to march in the Labor Day Parade with Scott Walker but the Secret Service won't say where.,positive,1
5291,624031343039479809,"Since tomorrow is NATIONAL HOT DOG DAY, I wanted to share with you guys that Frank Meats Patty will be having $1... http://t.co/Mlcm68OJQE",positive,1
2467,680950500188143616,"But Justin Bieber may be, but her real taste if you call _catching him._ It will always remain-- ""Your promise to hope for",positive,1
1454,640590908853850113,"Ewoks I may be streaming tonight, My friend is letting me use her cap card for the night! Hopefully it works for PS4 so I can stream Mad Max",positive,1
6231,677715674320478208,Saudi Arabia said on Sunday that at least two women were elected to public office in the conservative Islamic kingdom after winning seats,positive,1
1021,625739815493992448,I didn't know Dean Ambrose can act but #12rounds3lockdown looks amazing can't wait to see it in September,positive,1
3787,624917540343410689,"@hyunseunghips ah really? Thankyou~ not yet, maybe bcs long holiday for Eid.. may I know the tracking number for the polaroid? ^^",positive,1
1922,639151834502983680,Just score a seat at the Red Sox for Friday PM! Woot!!,positive,1
4111,628338051681517568,@Caradelevingne @johngreen @natandalex  I'm going to see Paper Towns for the second time tomorrow.I love this movie.(Love you Cara!),positive,1
6546,680488855737339909,Trivial but true - the 1st really successful communist communities were in Israel - kibbutz . Important part of the Left Zionist movement!,positive,1
815,622917798172434432,@GolfCentral Amateurs performing well everywhere!! Paul Dunne leading the Open and Robbie Shelton in 3rd at the Barbasol. Good stuff.,positive,1
1779,680485589343408128,Shabath Shalom to all of you :) May the God of Israel bless you all :),positive,1
3315,672602993657815040,"Since tomorrow is the 9th anniversary of George Harrison's death, my tweets will just be about George.  Sound good?",positive,1
3643,636148972906749952,Seeing Foo Fighters tonight for the first time since 8th grade...so pumped #Grohl,positive,1
5477,634869779417821184,"Super Eagles coach, Sunday Oliseh, has expressed his delight with the players from the domestic sce... http://t.co/mj6dNKUm1H #badotweet",positive,1
223,636204035910053889,"I grow weary of Christians who on Sunday profess their love for the one who said, 'when you do it to the least... http://t.co/U6WXL2LY2X",positive,1
6233,629500245462908928,@SunkanmiShams JEB or John Kasich May get it... I need an easy bit for Hillary,positive,1
3054,639645785848680449,"@ShawnMendes I'm putting all my focus into supporting you! Love you so much Shawn, can't wait to see you perform October 2nd!",positive,1
5745,628888692732473344,Welcome to Lukmon Osukoya's Blog: Boko Haram may be receiving its funding from the p... http://t.co/6Ac5AyNj1D,positive,1
5452,676363140393787393,"Damn, #MTVStars hid the votes. WE ONLY GOT TILL TUESDAY MONSTERS!!! VOTE LIKE CRAZY!!!! #MTVStars Lady Gaga",positive,1
5246,673677571884630016,"A : ""Cinema may be the thing I like the most after music. I went to see Carol the other day, con Cate Blanchett and Rooney Mara""",positive,1
410,637871341962571777,"@ThunderS7ruck got my PS4, now just waiting for my monitor. We'll have to play when November rolls around.",positive,1
4627,674038155067043840,I know yall listened to Kendrick x Black Friday. So tell me with a straight face J Cole just as good @SameolDuece @Jarrick3Real @Young_Twaun,positive,1
4351,678686001653530624,Star Wars Day!  May the force be with you. @ Studio Movie Grill https://t.co/Fogdgp4aEy,positive,1
1055,639271788095016960,Happy Friday!!!   Watching this gives me hope in our youth. Out of all the rambling  Kanye West did this past... http://t.co/PN3f65ITyB,positive,1
934,630196414643965954,YASSS! Vanessa may actually be leaving the Big Brother house. I could not be anymore happy how this is playing out! #BB17,positive,1
5679,674581866415038464,Black Friday is one of the best songs Kendrick has done,positive,1
2514,637110273514467328,Started friday listening to Smells Like Teen Spirit by Nirvana. Have a nice day y'all!,positive,1
6474,624441303284101120,"Home run! Ryan Braun's 3-run blast puts the #Brewers on the board in the 9th. It's now D'Backs 8, #Brewers 3. No outs. #MILvsARI",positive,1
1432,634447696439443456,Jason Aldean tomorrow night will be the best concert of the year hands down,positive,1
3025,633310361186398208,Hi @KyleMichael! I absolutely loved @KathieLGifford's testimony of faith about Frank Gifford on @TODAYshow this Mon AM. Beautiful tribute!,positive,1
5002,620381355117907968,3rd annual Miss USA pageant with wings night for me. #lifegoals,positive,1
4449,639842484223365120,"i made eye contact with niall and louis last night, i was jumping and singing like there was no tomorrow",positive,1
1068,636235553390784512,"Seth Rollins' 1st Superstar to hold both World+US Title, but will he be the 1st to retain both titles in the same night?? #NightOfChampions",positive,1
4569,681308615106400257,"So Laisha, how do you spend your Saturday nights?    Oh you know, I watch twilight...by myself.... And eat",positive,1
5234,634683076874997760,I also like very much the fact that George Osborne's 21st birthday cake was a replica of Magdalen college #lad,positive,1
755,630847323740991488,Have Brock Lesnar vs The Undertaker Summerslam simulation coming for you tomorrow :),positive,1
833,669324981340348416,I got really excited for the cosplay cover of Thor tomorrow and then I remembered that Kevin is on issue 2 :/,positive,1
868,674468988223545344,this song Black Friday by Kendrick has me so fucking wet he's a God,positive,1
459,635162997653143552,I'm so ready for the Jason Aldean concert tomorrow!,positive,1
6481,680459095200104448,Okay Justin Bieber may not be the best role model out there but damn he got some good songs out now,positive,1
2406,670916092764807168,Tomorrow night it's The Bee Gees at #cabaretsupperclub  gonna be a brilliant night! https://t.co/3Tnhzvqk3S,positive,1
5514,676969841207717888,@Parents_To_Be I'm hoping for the 4th b/c I'm a big ol' dork &amp; it's Star Wars Day. Ahahaha. :D,positive,1
4681,629496716492935168,#enlightenedrepublican. Kudos to John Kasich showing respect to those with whom he may not agree.,positive,1
3116,671588430262898688,"My professor plays a ""jammie jam"" w/ every new lecture topic. Today it was Changes by David Bowie. My 1st thought was ""this was in Shrek""...",positive,1
2946,622836855847931905,@conorbuckley  Hope you are watching Paul Dunne from Dublin make his mark on the Brittish Open!  Big day tomorrow!,positive,1
5453,638193246989099008,"Ed Sheeran s ""X"" returns to the top of the World Album Charts for the 3rd time http://t.co/dTCzAM7cNU",positive,1
567,638548177633865729,"Seth Rollins has nothing to worry about. As long as he wears white and gold, he'll be fine on the 20th. #WWE #Raw #ColorsOfChampions",positive,1
2345,625353995343822848,Go and check out Calibraska!! (Warning: may or may not burn down your house from how fire it is.) #CalibraskaEP http://t.co/xlaltDk5wY,positive,1
7046,638271162187800576,"As the Big Brother season is winding down, the Curling season is about to begin! The 1st ever World's Mixed Championship starts in 12 days!",positive,1
6853,631972276133580800,I got my sister's kids to watch Sharknado. They're asking about the 3rd one already,positive,1
1991,636003024977174533,But hey I have the Foo Fighters after my race tomorrow so I'm not complaining,positive,1
6334,631924742111367168,Dustin Johnson back on top in 1st round of a major can he hold on this time,positive,1
145,680599720335642624,@Autumnjoiee ion know cause I feel like Thor would too but then again Thor is really humble so you may be right,positive,1
5548,623007485633409024,Tasting sawine for the 1st time on Eid yesterday. He enjoyed every bit of it! @Dj_LyricalArt http://t.co/8nDDiqGFTt,positive,1
4758,640495236653846528,Good morning! Next Sunday (Sept 13th) our Yoga class starts with Alex. 8am at our new Cobblestone location. We... http://t.co/j1eSjN6erA,positive,1
5753,623778488189718529,@Telegraph Happy bday PRINCE GEORGE May GOD bless u with many more years to live :-),positive,1
6619,672082062241742849,"Sonia Gandhi khan aur Rahul Gandhi khan.  Dono doob ke mar jaao kahin.   I mean it., Whole country will celebrate the day as diwali.",positive,1
616,623052474442739712,....EiD.... Mubarak May Allah bless u foreve with all of his B,positive,1
3950,681437000084393986,The funniest part of the break comes when Briana exceed period 9 months being pregnant https://t.co/ZFfte4v6Mg,positive,1
3362,680177860871520256,@awkwardpuppets  dear lord please make my dreams come true and get a Justin Bieber follow I've been a belieber since 1st grade now I'm in 7,positive,1
525,637886797540823040,I guess Zayn is going to be at the VMA's tomorrow and I gotta go to bed so I can prepare myself. ZAYN WILL BE ON MY TV AGHH!!,positive,1
3089,681682643713437696,sick Dark Souls 2 stream action was had! Abledorfenheim.. the legend. we shall continue tomorrow!,positive,1
3876,637669655277137920,Great save by Howard thought Kane got his 1st of the season then tho #EFC #COYB,positive,1
6272,636116023129833472,Jason Aldean with this beauty on Sunday!!  #summernights #sundayfunday #soldout #cincinnati http://t.co/HeVqea6LKv,positive,1
4987,634383354947870722,New video! Playing a lovely @passengermusic song 'Rolling Stone' in the sun http://t.co/GyaMyUJC8j #passenger #acoustic,positive,1
6163,624255661573062657,Calibraska tomorrow I am so excited it's going to be amazing http://t.co/JFCpXGO6Pv,positive,1
5871,639132725044097025,"Janet Jackson's album comes out on October 2nd, Janet Jackson is currently on it's supporting tour ....",positive,1
5081,635752593847939072,"@johngreen happy birthday! Saw Paper Towns at the cinema on Friday,was awesome!! Love the book too (though Looking for Alaska still my fav)",positive,1
4759,639915248577814528,There is a 7ish year old girl at the walk in clinic and she just sang Roar by Katy Perry start to finish and my hormones may lead me to,positive,1
3264,632360490149281792,6th strike out by David Price. Love the calm &amp; trust from our pitcher #BlueJays,positive,1
6206,641061845676228608,The Zac Brown Band absolutely killed it on Saturday night!! @ Hersheypark Stadium https://t.co/aeENNmmqbS,positive,1
4856,634570082920845312,Can not wait for Jason Aldean tomorrow night with my wonderful girlfriend!!! Even better she's wearing the outfit I picked out for her!!!,positive,1
5467,623469327006564353,So it's 4th day of Eid... Still having busyness..,positive,1
4786,664209290056585216,"I am LMBO at Curtis ""you're married, he's straight"" Oh my goodness, that is good TV @EchoK @ARROWwriters #Priceless  https://t.co/olj5xN2y3r",positive,1
1399,635270941593968641,"My review of ""Straight Out of Compton"" If you like Ice Cube, you may like his son better. plus ""bye Felicia"" makes even more sense B +",positive,1
2874,675033471975333888,I posted on FB for the first time in years to only post links from the Black Friday songs from J.Cole and Kendrick lmao,positive,1
5385,635240986856189953,Cannot wait for Country Fest with my girls on Friday! Love my home state Georgia man Jason Aldean! Chillin on a dirt road!!!!,positive,1
3964,641211702609096704,"Good morning and happy Tuesday with Tom Brady's ""The Balls Song"" http://t.co/pdWBLNlPJU",positive,1
4966,622961641219616768,From the Mouth of God My Heart Speaks  19 July 2015 Words for Today Feelings and Watchman!!!  Thank you God for... http://t.co/5qScrOYQ7a,positive,1
2612,632163456431575040,Can't wait till the album on the 4 Sept...Iron Maiden - Speed Of Light. @TSoFR #ironmaiden http://t.co/Y0oY6rgyH1,positive,1
887,661090115989565440,So @shaunwkeaveny is back @BBC6Breakfast and on great form with some much needed George Harrison for a Monday morning. #CoolestBeatle,positive,1
7117,628968681616330752,"@abasir201jab @abou_khaleed to kill Muslims, they may have killed Muslims but it don't make u a Khawarij only for that, it's an Aqeeda ting",negative,0
6345,641270264798449664,Been having so much fun in the ocean!! Can't wait for tomorrow's big waves but off to Yoga to stretch it out! Yewwww http://t.co/n0fUA2gMo2,positive,1
5894,639434451240488961,I went crazy when @Aaron7Lennon went on that run &amp; @petercrouch scored &amp; I was sat in the Milan end! #WhatANight  https://t.co/nmuxutzJOO,positive,1
2,634480918342815744,"The Tigers ended last season with Max Scherzer, Justin Verlander and David Price in rotation. They will start Randy Wolf on Sunday. Wow.",positive,1
4118,630371784051691520,"@megynkelly @DWStweets If FOX keeps building the show guy up. You may be right. Start building up Dr. Ben Carson and Carly Fiorina,",positive,1
3880,633574718314954752,"Love or hate, Ryan Braun is playing some fantastic baseball as of late. @Brewers may be out of it, but it's not because of him. #justsaying",positive,1
3533,623783154898366464,Happy Birthday Prince George! Hope you grow wise and healthy to be a great king one day #AllHailThePrince https://t.co/Wd5DlUzVBU,positive,1
1871,638849983664553985,Ight yall i'll have my PS4 on the 15th,positive,1
4186,641046503398723584,This Murray vs Anderson match is great. 4 hour match and it's still in the 4th set.,positive,1
3686,630164866733477888,"Ate dinner on the couch in sweatpants &amp; under a blanket while listening to sam smith pandora, &amp; now I'm reading the newspaper. Its Saturday.",positive,1
3996,623671258476093440,Well I pulled a Dustin Johnson on the 18th but I'm proud to say I played the best 9 holes of my life tonight #GoLow http://t.co/zBZR1EfiZC,positive,1
900,631462865304711168,"My turn to be office DJ - U2 on repeat. ""One may come in the name of love..""",positive,1
5892,626428123442065409,Charles Gets The Grandkids Into Gardening: He may be only two years old but it seems Prince George's grandfath... http://t.co/Kq0YRUl6dB,positive,1
690,632225769335488512,"Concert this Thursday with @jhowse72 ! Then hopefully get some tickets for Jason Aldean, @coleswindell, and @tylerfarr",positive,1
2969,635136484933283840,I'm going to see the Bad Education movie tonight and Paper Towns tomorrow Much excite ^.^,positive,1
6679,637568653974749185,Another great preview from the new IRON MAIDEN album THE BOOK OF SOULS \m/ OUT SEPTEMBER 4th http://t.co/sxrPyjyhMH,positive,1
2964,640998057925038080,haha! my family just watched the Red Sox win and my 1 love make 4 hits while I sat at home and wrote my essay! lol!  https://t.co/StLIGC4Beu,positive,1
1151,624711110642413568,10 Randy Orton RKO's 1st one is the best one @dflowerb0mb  http://t.co/bqueeRKaG9,positive,1
3122,678480865165381633,"@interUNFAO Such an interesting sound at the time, for me, less so after Curtis, but remember the storm Blue Monday caused @Patrickavenell",positive,1
1788,629491103184633856,Anyone wanna get Dunkin together tomorrow morning and just chat???,positive,1
5662,641495512789745669,"U2 tickets for @SSEBelfastArena on sale on Monday. Will be a tough ticket, &amp; will be concert of the year. http://t.co/mYY8XJO8kD #u2Belfast",positive,1
5298,622815213415305216,"Paul Dunne is playing lights out today at @TheOpen, it would be awesome to see an amateur in contention coming down the stretch tomorrow",positive,1
3449,638770412885688320,Caitlyn Jenner's a new member of the T community -she is working for true self acceptance let's welcome her! https://t.co/SFc6ho2Suj,positive,1
6583,630942878055862272,Moto G (3rd Gen) Review: The new Moto G is one of the biggest devices for Motorola! Our Review of the new Moto... http://t.co/BVHI7K6Fme,positive,1
7036,638255747206414336,If Kanye West runs for president with a bit of luck he may just get assassinated #wecanonlyhope #letuspray,negative,0
6426,636358343766839296,"I've heard MCR, Green Day &amp; the Foo Fighters coming out of the dish room today. Fingers crossed, I get the same playlist tomorrow! heeeee",positive,1
173,639834368555397120,Catch up with Naruto and watched a few movies today! Friday well spent!,positive,1
6440,665329579309985792,"@aliceraee the Charlie Hebdo killers were French, so there's a high possibility these are French too. May as well just shoot everyone...",negative,0
5491,628822048106786816,"Princess Charlotte may have stole the show, but we just can't handle how adorable little prince George is!... http://t.co/Qfj6bEnSBY",positive,1
4389,640691714798194692,Ok. Foul Play on PS4 is pretty crazy fun-got a 100 hit combo and a helluva adrenlaine rush out of the 1st level!,positive,1
4031,624595992873033728,I'll have all the lyrics to Calibraska memorized by tomorrow i kid you not #CalibraskaEP @jackgilinsky @JackJackJohnson,positive,1
7050,640035158465220608,Can't wait for Ed Sheeran tomorrow with all my bb's,positive,1
71,627319322227154944,@Braxwolf We're going to see Ant-Man tomorrow. I figured it would seem even better in comparison after watching this. :),positive,1
738,633645636571693056,I'm really hoping Seth Rollins finds a way to win on Sunday. I don't want to see Cena reign #16. No thanks.,positive,1
2170,634356311665213440,@AstrosCounty I hope he's ready for Brock Lesnar on Sunday.,positive,1
1445,633316785182388224,Monday Night Raw on tonight Cena's back and Brock Lesnar and Undertaker are back!,positive,1
4540,677612234407743489,I can't wait to invade these Wal-Mart's on December 22nd with Kendrick's XXL cover.,positive,1
4067,630505077543862272,"RIP Frank Gifford. Always seemed like a class act, especially when thrust into the Monday Night Football circus that was Howard Cosell.",positive,1
4029,673111926235353090,"In today's Guide I faff around the set of TFI Friday, get drunk in its bar, chat with Chris Evans and accidentally sit on one of Little Mix",positive,1
5447,640633740956446720,"@JackBaeuer @FirminoFinish ""I have just one question... Are you ready?""  ""Ready for what?""  ""FOR THIS SUNDAY NIGHT AS CHAMP JOHN CENA..""",positive,1
1968,632042032043806721,Taking pops to go see Straight out of Compton tomorrow. Knowing his favorite rapper till this day is Ice Cube.,positive,1
2327,640312062946754560,I really hope I can grope cuties at the Japan stand at the Expo fair in Milan tomorrow,positive,1
4883,635824766432186368,Gucci rain coat w the hood to hide my identity on this fine Monday morning http://t.co/r7u3lYuQAd,positive,1
382,667497271806816256,@Nug33ent @RoccYaWorld he told us the summer BEFORE 9th grade. Nice try though Curtis,positive,1
777,640889727793631232,I'm enjoying 'U2 - Sunday Bloody Sunday' on the Classic Rock channel at @rockradionow http://t.co/CyX2ccdErW,positive,1
6951,624268041489133568,I'm so excited to spend my day tomorrow listening to Calibraska and Not An Apology,positive,1
3936,664049298624114688,"Woaw just because briana is ""having"" louis' baby she has the sun shining out of her ass. https://t.co/MrOgIi8Eco",negative,0
4369,638127652180742144,@LetThereBeTea sunday sunday sunday! come on down to the WWE SUPERSLAM where john cena defends hos tiitle against CMP PUUUUNK! sunday!,positive,1
4192,675466919676391425,@john_nufc42 My Italian trip restored my faith in the love and passion of FB.PL like a library. Next 2 trips sorted next up Milan derby-Jan,positive,1
2140,665749401176965120,We're still on the 16th spot. We can do this!  #MTVStars The Vamps https://t.co/raglEs4dX7,positive,1
5221,633792701721284608,If Frank Ocean's next album is as good as the 2nd half of Pyramids then it's going to be a instant classic,positive,1
6823,639730221449641984,Wishing Super Eagles under Sunday Oliseh the best. Looking forward to see Carl Ikeme and Emenike. God bless Nigeria,positive,1
2644,641201314249048065,"Photoset: phineas4cobain: youremyvitamins: Nirvana, Sydney, February 7, 1992 love the fact that dave is... http://t.co/yl3oJVtEeQ",positive,1
2656,679241541139890176,"Pres Barak Obama,1st,I wanted to let u know,I luv u.U hv been 1 of the BEST pres in this county,&amp; done GREAT.Howevr,PLS STOP Iran's Visa VWP",positive,1
2194,640359291392622592,@toastodilly may i have 'john cena' so i can use it as my center piece for my wall of john cena i will have in the near future,positive,1
4861,677337747175120896,Be sure to tune in Thursday's 2-4 pm for a brand new show with @MikeyTrapasso @Dwellbush and yes I'm bringing David Bowie checkpoint with me,positive,1
1375,635649389919346688,@Christohhh70 @WWERollins I can't wait for Raw tomorrow. Seth Rollins is going to ask for a statue and he deserves it! HE IS THE FUTURE!! :),positive,1
6628,630588240483868676,Monday = Lana's single! Tuesday = FINALLY GOING TO COME #FACETOFACE with A! Wednesday = Sam Smith Concert!,positive,1
6820,623019043193163776,Aslam _ o _ Alikum every one Happy 3rd day of Eid,positive,1
2426,665743939085967360,Tristan is a cool dewd. My birthday was Monday and he followed me today. What a man. #MTVStars THE VAMPS,positive,1
5329,671038993543360516,@WorthyOMjolnir &lt;goblet again*to your return Thor.May you find a little rest here after all this hard time.*she looked into your eyes again*,positive,1
3720,634581684915081219,Updating tomorrow but I won't be on twitter much. I love you all and stay Gucci if you need me text me. @ItsBrandonLoyal @Miranda_IBF,positive,1
6130,675491694683516928,"@Broadwayybaby she has Best Pop Vocal Album in the bag. She and Kendrick may win for Bad Blood (Pop Duo and the video) and Blank Space, SOTY",positive,1
4875,630469600396886016,RIP Frank Gifford.  He will forever be linked to the legend and legacy of Monday Night Football. #mnf,positive,1
3636,623094820433608704,Paul Dunne is tied for 1st at the open and he's a proud #UABBlazer   shutout to my ace @naive_n_sassy  #BlazerLife,positive,1
3502,669480117719179264,May nakita akong 5SOS at The Vamps shirts! I want I want I want!,positive,1
2039,630047904217088000,That Kris Bryant 9th inning home run was the turning point in the season.,positive,1
1489,635186224202928128,@AhlemMadani really send ur story to SM or Kyuhyun they may give you a full paid trip to see them XD really that's the good effect of KPOP!,positive,1
6259,638453554018152449,The Americans may not have won the opening night game but they are totally running the Big Brother show. #CBBUK,positive,1
3758,631805015779246081,@SallieAnnG @U2 I went to 2 Zootv gigs at the MCG 1 gig I was 4th row I was so close to U2 I was 25 my voice was gone yelling at U2,positive,1
2844,637064425963261952,"Live Tweeting Thursday takes you to Nirvana's ""Incesticide"" comp. album! #Nirvana #Incesticide #LiveTweetingThursday",positive,1
3852,672163300675887105,"@staceysvail Yeah but to be fair Tony Blair wasn't around in the age of Twitter, He may still visit The Hague hopefully!",positive,1
6958,639873519531225088,"My verdict on Paper Towns: solid 8/10. Very nice, simply done. May have fallen in love with Nat Wolff's acting more than humanly possible.",positive,1
6859,635171834690990080,I may have threw up in my mouth and screamed a little when the trailer came on before Paper Towns,negative,0
1897,632193547798716417,"They've just shown the Paper Towns trailer on tv, and I may have screamed and scared my dog! Very excited to see it! :D",positive,1
3832,638803815836327936,I may be the only person I know who thoroughly enjoyed the Kanye West rant during the VMA's,positive,1
1386,633681514505617408,"so the guy who just sat down beside me looks like Hulk Hogan from the waist up but has toothpick legs.. thanks for the let down, SpongeBob.",positive,1
1158,660192329169543168,The 1975 may as well just call it a David Bowie cover,positive,1
4848,630169037826322432,Josh Hamilton was 4th on Rangers in Win Probability Added entering this game. He'll be 2nd by the end of the day. Just crazy.,positive,1
4522,632502148127850496,"@AaqibAfzaal Pakistan may be an Islamic country, but der are a lot true Muslims in India who love their country and can sacrifice all for it",positive,1
1845,636756479748378624,"Big Brother nights are now Thursday, Friday, &amp; Monday. I love the internet #college",positive,1
3740,638480393574809604,New IA poll has Ben Carson and Donald Trump tied... with Carly Fiorina in 3rd. Should be an interesting next few months...,positive,1
6467,626360335457472512,ANT-MAN:                   Screening:  Sat &amp; Sun @ 1.00pm Super Tue @ 6.00pm  Armed with the astonishing ability... http://t.co/3IwBMzgK3D,positive,1
183,636876240230686720,Corvo is back tomorrow on next gen! Pick up the excellent Dishonored on Xbox One and PS4 from tomorrow. http://t.co/al9CEvbwHn,positive,1
6397,632694145216180224,"Would love to see Dustin Johnson make a huge charge tomorrow, he's got the game",positive,1
2089,633216192405090304,@cakeftziall_ Thank you! Maybe this may attract more American fans to Kpop? Or maybe even Kpop fans to English pop?,positive,1
4546,677393703846019072,"Perhaps this may sound weird, but God is really there next to you."" George Harrison.",positive,1
6813,623790053161046016,@KensingtonRoyal happy birthday Prince George. May you be blessed in the years to come.,positive,1
3831,631299740894892032,Well didn't plan on going to jason aldean thursday but here i am buying my ticket to go go jason aldean on thursday,positive,1
6412,641004563454148609,"@n_embo @HogarthsWfield @ToastedOrange @jodiekins22 @OssettObserver Hullo Nicki! Thanks for invite, 'twas in the same venue last Wed!",positive,1
6621,680600849517776896,"Justin Bieber my dyslexic king, the 1st boy i was ever sexually attracted to he has been popping my pussy since 2009 https://t.co/5H3NySRzys",positive,1
1976,628311572650303488,Saw Ant-Man tonight and loved it! Here's my blog review: https://t.co/oV4GXcgxyh Any views appreciated! #AntMan #marvel,positive,1
4016,681632577694740480,That unforgettable moment when Milan was crowned king of Europe for the 6th time.  Sheva vs Buffon. https://t.co/zu3C7x8A7a,positive,1
1060,627319706689499138,"Friday random ten: Revisiting the Rolling Stone 500 Greatest Songs list, part 6: It's a good song ... http://t.co/hyQAq5DPmX #reggaenews",positive,1
5842,672285942867091456,So apparently February 16th is going to be the day when Kendrick Lamar and J.Cole drop the greatest thing on earth.,positive,1
2734,637087055596666885,@VirginRadioTO Is it at all possible for you to hook me up with Ed Sheeran tickets for september 20th? He is my favourite! Thanks!,positive,1
1238,629919057114853376,"Now that there's several 2D showings of ANT-MAN a day, maybe I'll actually see it... like tomorrow.",positive,1
2430,639879152191954944,I'm know I'm going to cry at Ed Sheeran's concert tomorrow. #imissmybrother,positive,1
1916,634807673112920068,Happy sabbath day to Christians all over the world from tomorrow Saturday to Sunday,positive,1
3606,676631697962737664,WOW. just wow Listen to Kendrick Lamar - Black Friday (A Tale Of 2 Citiez Remix) https://t.co/klhDLOf5qn,positive,1
674,626451612622524416,"@michaelbdiamond @JorgeSoler68 @CubsJoeMadd @Cubs September sounds good... 9/26 is kris Bryant bobblehead day, could be a good one!",positive,1
5893,637103525739130880,Let me be the 1st to say it... you people are about to be all over this Weeknd album. Especially the Dark Times song w/ Ed Sheeran,positive,1
446,640316479699861504,I am going to meet Dean Ambrose on Oct 2nd wooo!!!!  http://t.co/ZyqMmN9Mlb via @ticketleap,positive,1
694,630990809970647040,"A phone isn't just about specs, its about the experience. This is where the Moto G (3rd Gen) excels! http://t.co/v68Fb21sYY #android",positive,1
3425,622462423140802560,"Tomorrow, Sunday July 19th is National Ice Cream Day!  After careful thought we decided to make a fresh peach... http://t.co/VSLLJn35yl",positive,1
3468,623113298230292480,"So hope that, at the 18th, Paul Dunne makes that classic walk, knowing his putt could win The Open. What a story...",positive,1
1759,635333617665769472,"The weather-LA is ""beyond Nirvana"" 365.25 days per year!! Lol enjoy it. Oct is coming!!! Lol  https://t.co/2r3gpIdwWk",positive,1
4693,662664783083122691,"I have tickets to see The Vamps on April 1st, should I try to do a fan project with signs to hold up?",positive,1
1347,637239357657751552,"@ShawnMendes #GetShawnToBarcelona c'mon Shawn, you came to Madrid in the last tour to make a little show, do the same this time in Barcelona",positive,1
309,640687325035536384,"In interviews Tom Brady has gone back to being nice-guy, aw-shucks Tom - nothing negative about Goodell. Thurs nite: Psycho Tom returns.",positive,1
2284,635918538620993537,"MLB: Kris Bryant hits walk-off HR with one out in 9th inning, giving Cubs 2-1 victory over Indians (ESPN) http://t.co/KxWvoMk69L",positive,1
754,681521015269273602,@Harry_Styles but tomorrow will be 18 months since the best night ever spent with you in Milan Really hope we can do it again one day,positive,1
7003,638500861283540993,Ever have a song that just hits the right spot for you? These Days by The Foo Fighters was it for me. Side note: mom gets diagnosis tomorrow,positive,1
6805,635764805094125568,im not gonna cry tomorrow i will try not to cry tomorrow bc zayn's happy now and if he's happy then im happy,positive,1
7077,679478809935007745,"I enjoy Kendrick for rhymes and performance. That 2nd part makes the first hazy for many, I think.",positive,1
4824,630904859953270785,Hats off to Hobie Fishing Team member Sam Smith for 1) catching what may be the record striped bass taken from a... http://t.co/axbq7ZhAUX,positive,1
5929,630130613740269568,"I chose this one in honor of night 2 with @ZacBrownBa... - ""Tomorrow Never Comes"" by Zac Brown Band #Cymbal https://t.co/TAjYkx2avV",positive,1
3794,631412369751719936,"I like Ice Cube, better than any of NWAs songs after the 1st album. Death Certificate is MY LP. 2015 &amp;we still bustin up the chiffarobe",positive,1
4272,623540902791917568,"@daayiee Salam imam Daayiee, happy belated Eid, may Allah bless you!",positive,1
5364,632231564609519616,Music at Citizens Bank Park continues with the Zac Brown Band tomorrow night.  Tickets available here: http://t.co/dYafJvNB6U,positive,1
3602,639753964712497153,Happy Friday! Ed Sheeran just played on the radio and it made my day! Hope everyone has a great day!,positive,1
989,637325374406266880,Flashback Friday to pre opening for @LukeBryanOnline Can't wait to do it all again September 10th for Jason Aldean!! http://t.co/VImlF3Vyxy,positive,1
1396,639216691772268544,GOP presidential candidate Carly Fiorina will likely take the prime-time debate stage later this mon http://t.co/InqeNpCc9K,positive,1
5238,638659281089335296,@TVBanter: Running to the cinema to see Paper Towns tomorrow like http://t.co/U7Ivne4z40 @DanielleLucyxo,positive,1
4831,638891397920108544,Just really want Dunkin tomorrow,positive,1
3991,681239600476622848,Twilight and Hot Toddy Shower Gels on the Lush Kitchen this Wednesday...and so my obsession is rekindled,positive,1
1576,626921864347164672,"Paul McCartney is playing, what the hell are you doing not buying this ticket RIGHT NOW before someone else does?? https://t.co/c1EIjqWnRO",positive,1
11,639796343410585600,"Don?t worry, console gamers: LawBreakers may still come to the Xbox One, PS4 - http://t.co/sByIuTaO0k",positive,1
4942,624532928404529152,gonna lay out in the sun and listen to CALIBRASKA all day,positive,1
4270,640722941085245440,http://t.co/eqgN9Hp6hb Ed Sheeran could top first Friday chart with x ahead of sold-out ... http://t.co/bt3aiyT1oU #PharrellWilliams,positive,1
5484,641479874381787136,niall's voice is just TOO GOOD this 5th album will kill me,positive,1
4620,641643720635379712,"Red Sox game tonight, Steelers game tomorrow then Pitt game at Akron Saturday. Safe to say I'm going to be broke but having fun.",positive,1
1890,641287954988683264,@NiallOfficial hi Niall tomorrow is my birthday if u follow me it will be the best gift ever x3,positive,1
1418,638184142040113152,What a great weekend. First Drake was in the 'Ville Saturday then Nicki went for Miley's life tonight. What a time to be alive,positive,1
166,622152106573742082,"National Ice Cream Day is July 19, and to 'top it off' we're offering 25% off all our ice cream toppings! http://t.co/OqiaYn24ht",positive,1
3305,680946409210679296,I might see Justin bieber in concert for the 3rd time and I'm so happy,positive,1
5990,635052434931458048,"#KissMyAssGreenDayTheBest metallica,iron maiden,ac/dc,avenged sevenfold,killswitch engage,miss may I, the best.",positive,1
3717,622862765724729345,What a performance so far from Galway native Paul Dunne @TheOpen. Good luck tomorrow you can do it! #nofear,positive,1
3406,630853373668028417,I was all about Naruto and anime in middle school early high school lol. If it's still good I may get back into it https://t.co/NYQFQkwL6e,positive,1
1605,626973961952325632,"Dear @MotorolaIndia @Motorola  I'm so disappointed with the headphones you give with ur phones, Sadly its still the same with Moto G 3rd Gen",negative,0
5878,638848967564902400,"Gay's article shows us that whether we know it or not, education may become our entire life. So don't grow up hating it. #BBLENG101",positive,1
2470,634038521385340929,I'm going to the Zac Brown Band concert on Saturday and the Yankee game on Sunday! Should be great,positive,1
74,681178443216588800,"On its 7th week, Justin Bieber's 'Purpose' is #2 on the Billboard 200 Chart! (It has sold over 1.16M just in the US) https://t.co/yyZtfYMPaj",positive,1
2113,640380934076956673,More and more I listen to one of Jason Aldean's songs the more and more I want to go to his concert Saturday,positive,1
5322,632772733550612480,Back from Ant-Man for the 2nd time! Love that film.,positive,1
5912,633686677316235264,They shud've skipped all the stuff abt the Chronic &amp; Ice Cube writing Friday &amp; skipped to them bcoming cool w/ Eazy. Other stuff irrelevant,positive,1
2110,677027537176891392,Appy Wednesday! Sleep better with Twilight. https://t.co/YuwYhgPWyQ https://t.co/AsgUgoRxuG,positive,1
2850,640986046793166848,John cena love you ask a question you will be Monday in wwe ??,positive,1
4498,678087496920514560,Black Friday by Kendrick is probably the best song I've ever heard,positive,1
319,639970071712890882,Just saw Ant-Man in the theatre for the 3rd time.  It's still super great.,positive,1
2767,624430548811911168,From the makers of the Sharknado franchise comes a new movie on Saturday called Lavalantula. I must see this.,positive,1
4470,640729032447803393,"Janet Jackson released more information about her new album ""Unbreakable,"" which will be out on Oct 2, on her... http://t.co/kIMVLeR4oO",positive,1
1864,677664443946389504,"i have the privilege of performing at the usher hall tomorrow, which seats 2,200 &amp; has welcomed elton john, led zeppelin &amp; david bowie...",positive,1
4069,633153627251539968,Saw straight out of Compton 3x this week. I can watch it again tomorrow and still be excited. Gain so much respect for Ice Cube,positive,1
4100,639752614947610624,Packing a punch: Janet Jackson released the album artwork for her upcoming eleventh album Unbreakable on Thursday http://t.co/7B4ZOZrEXw,positive,1
4090,677913312416423937,"For once in her life, Briana did not answer her phone on the 1st ring. So I successfully sang her ringback tone all the way thru lmao",positive,1
3921,640633997287145472,"Kris Bryant hit a career-best 467-foot home run on Sunday, the longest by a Cubs player since Anthony Rizzo's... http://t.co/6aLRCSXNo7",positive,1
2243,639007508749774848,Damn my PS4 is on its waaaaaay &lt;3 Should arrive today but I won't be there xD hopefully I can pick it up from the post office tomorrow~~,positive,1
3223,633608542856040448,We hope you are enjoying Pixels.   Ant-Man will start this Friday.  Armed with a super-suit with the astonishing... http://t.co/mgtdzWd3jN,positive,1
6537,633885421152309248,".@FGaryGray interesting metatextual touch with Ice Cube's son delivering the ""Bye Felicia"" line from Friday to the girl at the party in SOC.",positive,1
575,670819480985927681,https://t.co/I0Ok0wNOfB  Top Aquinas football teams of decade Chris Evans reveals the Top Gear return date Top #Cyber Monday Deals on E,positive,1
4337,627906955177127936,I went and saw Paper Towns on Friday and there was this scene where they sang the Pokemon theme song and it was SOOOOO FUNNY,positive,1
1747,681191587486019584,"Talking books with my 5th grade niece at our family Christmas She's a dystopian fantasy, Twilight girl. Must have learned from @mrslawless2",positive,1
2988,641208691556007936,Only thing getting me through the week is seeing Tom Brady's sexy ass play on Thursday,positive,1
2642,636692077858828289,"Dunkin' Save for America's Got Talent is open. http://t.co/svv79rGuqe #AGT #DunkinSave I saved Gary, may the odds be ever in you favor",positive,1
4979,623733520096186368,@HRHGeorgeUK Happy 2nd Birthday  Prince George. Have a great day. Sinead  cork city ireland,positive,1
6996,622130677048320001,Tomorrow is National Hot Dog Day. If you are in Brighton drop by @harrys_hots,positive,1
162,640279714003816448,I wanna go to the gay club tomorrow night,positive,1
873,637045631261917184,"Live Tweeting Thursday continues with Nirvana's next album, ""Nevermind."" Let's go! #Nirvana #Nevermind #LiveTweetingThursday",positive,1
2797,678829421109764096,"This Wednesday 23rd December special Twilight Market at 4.00pm until 6.30pm, just in time to buy fresh for Christmas!  NO market Boxing Day",positive,1
4204,641096591349190656,I'm just excited to work the Zac Brown Band concert this Saturday,positive,1
5332,624257117713608704,@JackJackJohnson @jackgilinsky @JackAndJackReal  calibraska is coming out tomorrow so excited get ready for it,positive,1
267,632670751586451456,"@Ibn_M_ All you need to do is catch U2 to Brunel University looool in shaa Allah man, I'm free atm. I start in October",positive,1
2488,635621321653788672,Seth Rollins may be a 'coward' or a 'sellout' but he is definitely an awesome little ninja! #SummerSlam #TitleForTitle #CenaVsRollins,positive,1
3301,634745139471233025,"@TeairaBlair hair,it's downtown on 10th st.Gucci &amp; Dani does nice hair",positive,1
2897,633502192863944708,"Haven't played ball in a while, definitely gotta go Ice Cube on a good day tomorrow at the gym.",positive,1
2164,639990010796576769,"New rule: if you don't like Christians, you have to work Christmas and Easter.  https://t.co/QY4FGqxY8p",negative,0
451,674352348915826688,"May Odin, Thor, and Frey lend me the strength of my Viking ancestors to make it through my next two finals. #backtostroz #FiNoles",positive,1
3943,677670946770128896,Aight twitter and facebook; i am going dark till after i see star wars tomorrow.  May the force be with you all!  Happy Star Wars Day!!!,positive,1
2950,640732672776650752,Saying something DBZ related that may seem extraordinary fucks niggas up like it does Naruto. No I love that series man,positive,1
4948,623770187456643072,"Anyone's going on 29 July for ME5CALINE, IAG and FOURXBRID's performances?! If Kpop fans are going, favourite! ^^ #rpconfessions",positive,1
5717,636867553399341056,My 8 hour shift will consist of me thinking about Ed Sheeran tomorrow,positive,1
3988,634942027940122624,Fantastic pitching by David Price! 1st two get on and you got their best hitters coming up to the plate... No problem gets them all out!,positive,1
3986,622464854402535424,"Tomorrow is National Ice Cream Day! Have a scoop, it fits into many of these healthy family tips! http://t.co/v8BFyQni23",positive,1
5191,622622728420524032,"Sunday, July 19th is National Ice Cream Day. Come celebrate with us! Get up to TWO free toppings with any... http://t.co/nChREYEZuw",positive,1
3414,624764543663742976,"Flashback Friday to last halloween when I was Hulk Hogan. @HulkHogan  Good vibes are with you, brother! http://t.co/DgGdp6H3AL",positive,1
1832,624048682443350017,Thursday is National Hot Dog day! What would you like on yours?    Give us your ideas!,positive,1
6139,675712593063862272,I listen to Kendrick Lamar - Black Friday bout 50 times a day... He literally went in the WHOLE time,positive,1
1589,624037778897170432,"I see Jimmy made it into sharknado, so wnci should be hilarious tomorrow.",positive,1
1866,666230388969336834,Cate Blanchett proved that you don't have to wear a gown to look elegant on the red carpet https://t.co/aWQaHeZAY4,positive,1
5187,678221150539923456,The Vamps will be bringing their debut concert to Singapore on Jan 26! Grab your tickets now if you haven't already! https://t.co/RsLlELuDo6,positive,1
5127,637166834865672192,"August 2nd will forever be my favourite day because I met Shawn then I met Jonah, grant, Lexi, garrett, and Howard okay I'm sad now bye",positive,1
2396,675435336324005888,Going to see Amy schumer in Nashville tonight. But don't worry I got your epl plays over on @RotoGrinders https://t.co/Ke5OUvCJC4,positive,1
1216,681156397107642368,Justin Bieber via Fahlo: May our new year be filled with moments like this https://t.co/QWj67x6FZo,positive,1
2665,640645140239880192,"I like to stop in Starbucks in front of Lowe's 1st, then pretend I'm at Neiman's. ""Excuse me, but where are the new hammers from Milan?""",positive,1
3091,628016334908080128,I'm listening to a blue grass song that I usually associate with Nirvana. It's that kinda Sunday.,positive,1
1050,626590767755038720,@ndtv Y don't u ask ur reporters to collect pottys of Yakub menon so tomorrow you can sell it as Secular fertiliser..rubbish reporting shame,negative,0
3389,641435788799012865,@EdSheeranUS Do you know how i can meet Ed Sheeran tomorrow?,positive,1
1826,640722454994911232,@Ashton5SOS I saw the Foo Fighters for the 6th time last Saturday.. What's your favorite Foo album???,positive,1
27,623011567681077248,Good Morning.. Last day of the Eid vacation. Office starts from tomorrow :( http://t.co/31xEyWPIi9,positive,1
5819,629269701328285697,Been listening to Zac Brown Band on repeat for the last week. Can't wait till tomorrow! @LilaGolightly @Sschulz45 #ZBBAtFenway,positive,1
6005,637706866471079936,Shawn will be attending the VMAS tomorrow! #confirmed,positive,1
4659,639506155832745984,Great news not just for yourself but #speedway itself. Been available on Xbox and Ps4 is brilliant news  https://t.co/mszPwCGZJT,positive,1
684,632735886770339840,@PHVegas Good Evening Planet Hollywood happy Saturday to you HI may i ask if your going to be selling any Janet Jackson unbreakable tour t,positive,1
5351,631247706942410752,The only thing that will be getting me through tomorrow is the Sam Smith concert,positive,1
4664,633131578453946368,Gotta get up hecka early tomorrow but I'm just gonna stay up and watch Naruto,positive,1
5885,624282526916476928,I spent my Thursday night going through pictures of Prince George. Love those cheeks!,positive,1
317,634014478498144256,A solar eclipse is a sign that Chuck Norris won a staring contest against the sun... again.,positive,1
2189,639474305504415744,I think my dad implied that he's getting me a PS4 tomorrow   He's like encrypting everything in emojis so I can't tell,positive,1
6630,637846391365103617,I sweeeaaaaarrrrr if Zayn is on the red carpet tomorrow at the vma's I'm gonna jump out my fucking window,positive,1
5384,635839345186881536,"His voice will take you to an other planet  , rolling stone still gives me the chills  . See you in December @theweeknd .",positive,1
6500,641381544448393216,"Early heads up for the Dimensionaughts! Be Ready, friday night we pay Respect &amp; I mean Respect to Iron Maiden. Ya Snooze Ya Lose  #URE",positive,1
1377,660534553023545349,"Congrats to PRX for capping the 1st settlement on Harvest! EU settlements went to FUtilez, Kittens, Dark Souls and Frozen. #dastal",positive,1
4516,623866619685662722,"@DougAndGator971 Monday night, I watched Monday Night Raw instead of the Tigers game. Brock Lesnar destroying stuff is more entertaining.",positive,1
4698,640730146123550720,Probably going to stream tomorrow when the servers come up. I'll be playing KPop and stuff so if you're interested in stopping by...!,positive,1
6062,631360186511273984,omg i may have a chance to still go to the sam smith concert!,positive,1
1505,623769529152348160,Just found a Banda machine. May need it come George Osborne's November Spending Review... http://t.co/jyrdnvpDWH,positive,1
3938,626362307623415808,This Friday! You don't want to miss this high energy and unique set of Iron Maiden and Judas Priest! http://t.co/myOusvEuCA,positive,1
6701,641118941926940673,Thursday night can't come here early enough. Tom Brady versus the awesome #Steelers secondary haha,positive,1
3188,624391207549071361,Wanna watch Sharknado 3 but I've yet to see Sharknado 1 or 2! So I'll watch those 2 before I watch the 3rd movie!,positive,1
6058,631346683734007808,Caitlyn Jenner was once a man but is now happier as a women and that's fine he may not be attractive but he is happy,positive,1
6447,621446934130257920,In #Toronto for the #PanAmGames?  Wanna party Gangnam Style with 100's of Kpop fans? See you Friday night. https://t.co/6bv2MA8YQS  #PanAm,positive,1
2303,641233794482225152,"Sam Smith is singing the new Bond theme! ""Writing on the Wall"" out Sept 25, one month before ""Spectre"" http://t.co/n2dWb7uGWl",positive,1
4160,623759093266784257,"I would like to congratulate the Duke and Duchess of Cambridge on the 2nd Birthday of their son, Prince George",positive,1
5259,623668288002912256,"If I don't go to the gym tomorrow night, I can watch SHARKNADO 2 again. It has been too long since I watched.",positive,1
3518,624154244904435712,"Section: ""Not a single day without an event""  July 23  Holidays  Children's Day (Indonesia)  National Hot Dog Day... http://t.co/WZEA6wnVjm",positive,1
2970,639680839278718976,Today I enjoyed my 1st pumpkin spice latte of the season. Thanks Dunkin' Donuts! @DunkinCLE,positive,1
2109,637316858132066305,Holy fuck if i meet Zayn on Sunday I'm just not gonna do anything for the rest of my life.,positive,1
3652,668339827440422912,I love the Bee Gees version but I may love this one a little more. https://t.co/CMexa3nsTX,positive,1
843,631216743852212224,im hearing lost by frank ocean for the 1st time and its so good!!!! where has this been my whole life damn,positive,1
2827,639289516088557568,I think I've listened to the same frank ocean song at least 50 times today ..and I will listen 50 more times tomorrow,positive,1
198,663563833542184961,"I'm very sure it is Briana, but I do not see tattoos Louis. I may not be able to defend if it's true. Sympathy so much. #OhNoBriana",positive,1
5488,627127628181434368,@RondaRousey set of skills. Skills that may make me a pleasure for a woman like you. I won't go Floyd Mayweather on you but I will fornicate,positive,1
1273,640849289820925952,"@HangBlaa Good question! Contrary to common myth, in Islam women enjoy equal rights. I will talk in detail about women in Islam tomorrow :)",positive,1
3219,631993739376877568,"You definitely wanna check in tomorrow for #TheCruzShow, Ice Cube will be talking to us! 5-10 AM  only on @Power106LA you already know!",positive,1
4593,623354940631584768,@fredsfro I wish you a very happy and peaceful Eid. May Allah accept your good deeds.,positive,1
5217,639331342023589888,Might be getting a little excited about seeing Foo Fighters on Saturday. #rock,positive,1
2945,676699208603328512,@jenalive11 jenna I'm meeting you with one of my dearest friends in February in Milan are you excited to see us :),positive,1
5846,636775138411745280,Ice Cube may not like the Chargers. But his son is a fan. And he lives in LA. So there's that.,positive,1
6848,676184937175851009,Get exactly what you want... Incredible Art Gallery 15th and Curtis! #Denver #disney #disneyfineart https://t.co/XGSxMgGlM8,positive,1
7123,625835615515475969,My favorite part of Paper Towns may have been the Ansel Elgort appearance,positive,1
293,639676306221723649,the winner of tomorrow's game? JOHN CENA,positive,1
7096,670694099922591744,The 2nd headline was a story about the guy who plays Thor using his 1st big payday to pay off his parents' debt. *THAT* deserves top honors.,positive,1
222,634589883642834944,"#JummaMubarak to all Muslims, May Allah grant us a chance to offer jumu'ah prayer in the shadow of Kaba...!  http://t.co/lxR0t7qTbr",positive,1
5469,620653743046963201,Congratulations to our Texas beauty for placing 1ST RUNNER UP at the Miss USA pageant last night! WINX is the... http://t.co/dMES00wgOT,positive,1
3155,635238300811444224,"literally, i'll have to sprint out to the luas and sprint home thursday night coz i'll be mad to see celebrity big brother",positive,1
6027,630553935888027648,Before there was Michael Strahan sitting there with Kelly there was Frank Gifford https://t.co/PwmIrTbdq8,positive,1
1741,630974972308103168,97.9 two for Tuesday makes me happy cause they just played double Nirvana,positive,1
5489,638703869804027904,We're going for coffee this afternoon and the cinema to see Paper Towns tomorrow...I love it when mum has a week off,positive,1
4559,638003481614417925,Another day off? Woo #BankHoliday! We're in from 10am-4pm tomorrow; slightly shortened hours but still with a smile on our faces :) ~ Nicki,positive,1
3661,627415534120775681,Might just have to go see Ant-man tomorrow,positive,1
245,626120972681281536,"Off to see Paper Towns with my love! Also, don't forget the RHCP 18 marathon is this Thursday on @WBWC.",positive,1
242,639277718626922496,tomorrow will be one of the best nights ever bcs it's double eviction night on Big Brother and my emotions fly everywhere each time,positive,1
894,630859178840489984,Ant-Man review coming tomorrow hope to see you all their! #Fandomreviews #YouTube,positive,1
1074,640267086632087552,Don't Forget: FREE YOGA at our Clarendon location tomorrow at 8:30 am! Enjoy a class with one of our staff members. http://t.co/oWL2i4Zpja,positive,1
1854,628057137063661569,"#Gawker Nigerian Army Frees 101 Children, 77 Adults From Boko Haram: On Sunday, the Nigerian army announced it... http://t.co/MNqhWQOmXX",positive,1
3638,680411567637278720,I wanna play Dark Souls again for the 1st time,positive,1
6623,669531174360977409,"@LoyalLadySif it's queen. Nevertheless,Thor shook those feelings off as he and Sif approached their table and sat down",positive,1
6693,640473984287535104,So offspring were amazing and set the bar very high. Foo Fighters went over the bar last night. Now to see what Brand New do on Friday.,positive,1
3716,665719683346276352,"Dana White may very well have the world's best piece of furniture. ""Any questions?"" Nope. We're good here. https://t.co/E4EWMcPPv1",positive,1
5998,622567236906143745,"Watching the Bad Blood premiere at #TheStanGRAMMYs, but planning to release Feeling Myself vid tomorrow. http://t.co/1EGSIEnCik",positive,1
4026,679847166739808257,"Lady Gaga's housewives intro makes the trans proud ""they may say I'm a woman, but underneath I'm all men""",positive,1
759,634946733751955457,The Foo Fighters may or may not have just ruined any future concerts that I attend. That was awesome!!,positive,1
944,626828265081208832,"It may cost more, but the new @motorolaUK Moto G is still a damn fine smartphone. Full review: http://t.co/oZnxp7pdPY http://t.co/rwHxIQs9HZ",positive,1
51,680509711267987456,"Meet J'ason B'ergkamp?   1st reply to T'rumps tweets is  always, magically, him.  FunFact: the bot is from Israel. https://t.co/rXYW2JcrGm",positive,1
3199,637759069848211456,"I'm only excited for the VMAs because Zayn may go, if he doesn't I'll cry",positive,1
5156,635920848621281280,Can already feel the Dustin Johnson tilt and it's only Monday,positive,1
4507,630610494928203776,@JohnCena ohn cena you are my favorite wrestler of all time great match with Seth Rollins on Monday night raw sorry you broke your nose.,positive,1
5587,672436291938684928,Today is Thor's day (Thursday)  So in honor of Thor's day let's get hammered!!!   But first let's start with a... https://t.co/82F0w3ePqJ,positive,1
2479,640971999607713792,"@TheVanPan 3. Have the discography of Katy Perry. I may suck at every other song, but I shall never lose at Teenage Dream.",positive,1
4830,633240762042290177,"john cena vs seth rollins on monday night raw for US champion, team cena all the wayyy",positive,1
2985,635915853796638720,"Kris Bryant with another walk off home run in the 9th, even as a White Sox fan this is fun too watch..",positive,1
2962,634768854623907840,[OSHODI] Oliseh delighted with Super Eagles test game - Eagles coach Sunday Oliseh has expressed pleasure at the p... http://t.co/JPJsor0b6V,positive,1
4789,641056534718496768,"Jessica is bringing me Dunkin tomorrow, who's the real MVP?",positive,1
6442,638507384302866432,"@AdamLMiles ""Triple H may be better than both if us, but I'm still better than you, Seth Rollins."" Good work, Sting. #RAW",positive,1
478,630108910024699904,@Robbb11Roppp112 Article highlighted SS501 as one of the 3 top groups in the 2nd generation of KPop idol (fr 2005 onwards),positive,1
6665,626394843074293762,Would love to watch the live screening of Yakub being hanged tomorrow... #YakubVerdict,negative,0
6280,639847271530565632,"Who is going to Ed Sheeran concert tomorrow in Frisco, Texas?????? I'M SO EXCITED!",positive,1
6007,624028257986293760,"Cost of running the 1st advertisement in Sharknado 3 probably rivals the Super Bowl. Nice play there, @hotelsdotcom.",positive,1
5813,636628108053839872,Ice Cube. the film the 46 year old L.A. native wed to Kimberly Woodruff-takes Us back.,positive,1
3137,633517673599606784,"I liked a @YouTube video http://t.co/88Zz0T7tuI Arnold Schwarzenegger and Joe Manganiello join Hulk Hogan in the ring: Raw, March 24,",positive,1
2913,621366390646247424,.@MiamiSmokers is joining us for National Hot Dog day on the 23rd. Hawt dawg! http://t.co/U8VdvHJq2e http://t.co/leWPQRYNjs,positive,1
466,637839327951630336,I have a feeling that Nicki's performance at the VMAs  will be the only good one tomorrow,positive,1
1906,632822560837636096,Oh hell yeah I'm watching Naruto all day tomorrow this shit was interesting,positive,1
1258,628638836021723140,David Price rolls up the rim @TimHortons Sunday and a win for the #Jays   Welcome to #Canada David. http://t.co/3RnssaGJn6,positive,1
4689,638391310706180096,Andre Berto insists he feels better than ever ahead of his biggest ever fight against Floyd Mayweather on September 12. The 31-year-old,positive,1
3624,641075829078781952,Chelsea Clinton Is Asked About Kanye West Running for President and Her Perspective May Surprise You: Can we get through the 2016 ele...,positive,1
6814,629487635053084672,When is David Price's next gone start? I'm hoping next Fri the 14th since I've got tickets for that game vs the Yankees,positive,1
4872,681230354095673344,My 3rd New Years resolution is I'm not gonna cry over Justin Bieber.. He'll come to me one day,positive,1
3639,631457334460592129,"On the bright side, a liveeee episode of naruto comes out tomorrow",positive,1
2652,635954347419938816,"4rm Houston SuJu's the reason i like kpop bc its wat got my sister into kpop &amp; then me, so this is for my sis  https://t.co/iw5WpcC16m",positive,1
6725,638481533913985024,"@JohnKennyMedia Sunday is the best, Sam Smith on before Blur!  WTF as they say these days",positive,1
4596,623062292582633472,"Jordan Spieth or Irish amateur Paul Dunne? Either way, they both have a chance to make history Monday at #TheOpen - http://t.co/MNa5NpkKZe",positive,1
4490,622544136625782784,"@TheJessicaHugh We do too! And tomorrow it National Ice Cream Day, so you are ahead of the game!",positive,1
184,630681433317736448,Caitlyn Jenner dons shift dress with a leather jacket for Kylie's 18th birthday http://t.co/3bMPUo0f8g,positive,1
132,641011240228265985,"@tgawd____ trash OL? Theyve looked excellent so far. Trash RBs?J-Stew ran for 486 yards in the final 5 games last season, 2nd only to Murray",positive,1
5022,678793031420522497,Great weekend wrap up with Milan win yesterday #ForzaMilan ..Great 2nd Half display! https://t.co/lWS8k71mVg,positive,1
5071,622883291763470336,"As bad as I'd like to see Jordan Spieth win The Open, this Paul Dunne kid is something else. Can't wait to see it unfold tomorrow!",positive,1
280,622819095587778560,"Hats off to Paul Dunne there, played some great Golf today, deserves to be in the final grouping tomorrow. #TheOpen2015",positive,1
6,636052575859642368,"Gosh, I just wanna wear my John Cena shirt everyday. Should I wear it ot class tomorrow? Decisions",positive,1
950,622890253905436672,Currently celebrating the 20th anniversary of Clueless and National Ice Cream Day. Be still my heart!,positive,1
4120,623577188898598912,What chaos between Brock Lesnar and Undertaker on Monday night Raw loved it can't wait for SummerSlam http://t.co/UAViO8gj99,positive,1
1271,637430647733231616,#nowplaying the no.1 hit of Janet Jackson - Escapade from March 3 till March 17 at the #Billboard top 100 | @Back2_the90s,positive,1
1718,624772881537474561,@prettybaby69 Are you going to watch Lavalantula tomorrow night on SyFy? Looks pretty good. Has some big shoes to fill because of Sharknado.,positive,1
2726,622840811936288768,"Should Paul Dunne of IRL finish the Open in 8th alone or better, he'll move to #1 in the SPWAR.  Same for Niebrugge if 5th alone or better.",positive,1
327,633459250761568256,Seth Rollins promo has been better than the first two hours of Monday Night #RAW,positive,1
1438,639202015176978432,Loved the original PS Vita version. Glad to see PS4 owners will experience the game.  https://t.co/fOqnfw9M9h,positive,1
3319,640082596370731008,Flying to Milan for the 1st time to watch LEWIS HAMILTON Formular 1 Grand Prix in Monza...Speed excitement http://t.co/QcwpgxKHQt,positive,1
2755,679614046937739264,@GaryDooton Since you said Bloodborne may be better than Dark Souls I've been having an almighty internal struggle. You...  might be right.,positive,1
2533,630755651254288384,Carly Fiorina got a bump in the polls and in fundraising after her solid performance in Thursday's pre-debate forum. http://t.co/IP96jg2eUy,positive,1
3058,634042673951850496,"She said 'I've got tickets to Iron Maiden, baby; come with me Friday, don't say maybe.' I rock out like a kid to this song every. Time.",positive,1
5790,637207658093780992,"Get in! Royal Blood announced supporting the Foo Fighters on the Sunday at MK Bowl, knew it was a matter of time! @PLonghurst93",positive,1
6135,624266413172133888,Why is National Hot Dog day so close to 4th of July? Isn't it the same holiday? I have eaten so many hot dogs already...,positive,1
5380,636654509121384448,"my mom and I may have many differences, but we will always agree when it comes to Ed Sheeran..  #EdSheeran #perfection",positive,1
6570,641048494237724672,@iamKennyHolland how about the sc state fair on October 16th and you perform with Shawn. That would be a dream come true tbh,positive,1
4276,640978205738971136,"@NiallSF Niall, hope you have a free night tomorrow 2 catch @AnKlondike on TG4 &amp; tell all our friends. It's not @1916 Seachtar, it's better!",positive,1
3759,624537686460665856,"@PaulBMcGill Btw. If its ok. I mayb in touch 4 my Kelloggs. Meetin DINZ n 10th 2 sort it, bt shuld b deer n EID, velvet-chain, oppertunities",positive,1
3513,676641395277451264,@ThorxOdinson *Laughs and takes it off before resting on top of Thor's chest* You'll buy me more dresses tomorrow. *smirks and kisses him-,positive,1
1018,676670505353547776,"he's my sun, he makes me shine  #MTVStars Lady Gaga",positive,1
952,630530962854686721,R.I.P. Frank Gifford. I truly enjoyed your Monday Night Football broadcasts with Al and Dan.,positive,1
6534,662576647942627328,"@LiverKickdotcom like tomorrow if Dana white tweeted what a glory fan he is, these same people would come running so hard they'd faceplant",positive,1
5233,640756134064730112,"Going on an undetermined adventure tomorrow, so yeah, I saw Paper Towns tonight.",positive,1
25,636122346181410816,"Mar 25 to Aug 25 zquad faced many problems,got hate,zroughts. Still this fam always stood up for Zayn. Proud. Pass it on",positive,1
5032,680835836884201473,"Best of luck to Tad, Theresa, Curtis, and all the other UK fans when logging in to work Monday. Told you I was... https://t.co/wBpoNq18qs",positive,1
3059,623002327474130944,@faysalquraishi Welcome back 2 Khi Faysal Bhai.excited 2 see u again in #JeetKaDum.Happy 3rd day of Eid.,positive,1
5128,675770303964979209,Kendrick slayed this n he wasn't even in beast mode  https://t.co/pQU0ZgtUem,positive,1
4560,639938615343247360,"Thanks, Christians, for giving us a 24-hour break from capitalism, yet still helping to uphold it. I guess.  https://t.co/CkkIAktf9O",positive,1
2173,630499078477094912,"If Aldo vs McGregor AND Rousey vs Cyborg are both booked for UFC 194 at Cowboy Stadium, I just have to be there! https://t.co/qGGiPhH8He",positive,1
5308,681226335851642880,okay so I'm pretty sure I'm going to be seeing Justin Bieber in March???,positive,1
1992,674458336092291072,@_brap2times February when J Coke and Kendrick colab come out that thing is just gonna burst into flames,positive,1
1360,639605686691856388,"Janet Jackson has unveiled the track list and album cover for her upcoming LP Unbreakable, which will arrive October 2nd.",positive,1
4645,622593694579822596,And Josh Hamilton. Really this whole team right now. Incredible. Get punched in the mouth in the 8th and then do this. Awesome.,positive,1
1990,640826371770421248,Presidency: Military may wipe out Boko Haram insurgents ahead deadline: The Nigeria military could wipe the in... http://t.co/e2Pgv403mz,positive,1
3174,639189102374580224,"I convert to Islam tonight. May Allah bless all religions, peace be upon all the Prophets... As they have led me this far. Peace be upon you",positive,1
1808,670866769985339392,"Isn't It a Pity"" di George Harrison my sweet quiet George the only One. You Are in my sunset sunrise Sun sky. Love. https://t.co/rYuxcwJAW4",positive,1
925,637251124647608320,@ArmelloGame I can't wait for Tuesday's PS4 release! It feels like this was designed just for me. Will it support Vita remote play?,positive,1
3896,630674355446546432,My Take coming up:  Frank Gifford's impact on the game and on me. Monday Night Football was never just a game. It's an event. @wkyc,positive,1
2108,635123696584273920,Wishing Sunday was today. #SummerSlam Someone's going to hell tomorrow night. Either Brock Lesnar or Undertaker.,positive,1
5597,639622877348798464,@foxandfriends Good chance she may be Gay by the time she gets out.,positive,1
3962,634411998365642752,"Seeing Frank Ocean in two days, is literally the one and only thing on my mind, until 10:45 p.m., Saturday night.",positive,1
2538,641263074763255810,i can't believe i'm going to foxborough this saturday and tom brady would do me like this,positive,1
5873,641033068736835584,Murray does well to hold. 5-4 to Murray. Anderson to serve to stay in the 3rd set #USOpen,positive,1
3899,664932161355665409,It's Star Wars day at school tomorrow. I think my R2D2 is ready! https://t.co/hy0InHnL8G,positive,1
3187,631151442280067072,"It may (or probably will not) come as a surprise, but Iruka is and has been my favorite character in Naruto since the very beginning.",positive,1
3323,632229794868936704,"I can't wait for sam smith tomorrow, I'm probably gonna cry the whole concert",positive,1
4579,634982532958679040,Moto G - 3rd Gen is here. My first Android phone. Lets see what the fuss is! :P,positive,1
1127,641416829206941697,@Betweenthehedge @VivianJo1 @cosmosmom1952 Don't you just love them to pieces?!?! Murray is my 3rd. I can only handle one at a time tho. lol,positive,1
6607,639143927925374976,"@ShawnTheRealtor You're welcome Shawn, and thank you! Happy Wednesday! Have a great one! Wishing you great success!",positive,1
5088,630094617476620289,Seeing Jason aldean for the 13th time today... Yup,positive,1
3697,633085876474642432,"My Sunday blog is Beautiful Day. http://t.co/FMFchCTLuV Not only will you enjoy U2, but please take the time... http://t.co/ybQP4MPjer",positive,1
3363,629803167266422784,my 1st gen moto G is more solid than Nokia 3310. I love the stock android on Moto G  https://t.co/NYzeXSiNHO,positive,1
6785,622819961162080256,Would love to see Paul Dunne make things interesting tomorrow at @TheOpen. What a great story,positive,1
3657,637206394941255680,@TEEN_TOP will be performing tomorrow!!  I just can't wait!! Are you excited too Angels? KPOP is in the house Welcome to India @TEEN_TOP &lt;3,positive,1
6211,637195807700094976,Tune in on September 12th it's going to be a night of great fights Floyd Mayweather #HighStakes http://t.co/YXXeYgThnP,positive,1
3908,640374763177803776,@aprea_andrea it was great meeting you and your crew at the Gallia on Thursday night. Hope to see you next time I am in Milan.,positive,1
2321,634278703824945152,"There is no such thing as global warming. Chuck Norris was cold, so he turned the sun up.",positive,1
2724,639937112901423104,When you realize you're going to see Ed Sheeran tomorrow @annaleseallison http://t.co/g35qrJEWLC,positive,1
1566,637245518456881152,@AyeshaAhmadJutt @AdaniePadanie 17th October mine. We're celebrating together thank you. I hope T2 stays after large Eid. He come too,positive,1
5651,622841699937685505,Taste of Tremont + National Ice Cream Day. This may be the best day of my entire life.,positive,1
4310,641126791810158593,Tom Brady playing on Thursday makes the nfl season opener better to be honest nobody wanted to see a 2nd string QB,positive,1
5556,636141392696250368,"At the Chicago concert on June 2, Liam and Zayn ripped off Harry's shirt in the middle of his WMYB solo. It was a beautiful moment.",positive,1
554,626365377577029632,"At 12:00 AM - Hey Yakub, Happy birthday... May God give you a long life   *awkward silence*",positive,1
4373,638196947887648768,"Can't wait for tomorrow's headline: ""Nicki beats the hell out of Miley at VMA after party""",positive,1
5362,622414975299158016,Friends be ready to celebrate National Ice Cream Day tomorrow with Graeters! https://t.co/i88sJg22ke,positive,1
2257,666114439930707969,"It's our 2 year anniversary tomorrow and Curtis wants to take me to the Hello Kitty cafe for food. Ahh, romance.",positive,1
1782,674091054010880000,"Stop by Friendship Village tomorrow 4 ""Star Wars Day""! I'll be talking about the history of SW &amp; also displaying some of my collection.",positive,1
450,640201395828846592,Vital testimony as to the political character of the next Prime Minister: George Osborne: http://t.co/9ZIkn8UZAo,positive,1
6744,641276043630903296,"this adorable old couple in dunkin literally made my day, he's turning 89 tomorrow and talked to me about how he was drafted for the WWII",positive,1
5591,627112189493522432,"Jason Aldean concert while working from home, I'd say it's a good Friday! #JasonAldeanTODAY",positive,1
3658,636949301982298112,Celebrity Big Brother starting tonight and XFactor starting on Saturday. It was nice knowing you all.,positive,1
744,675140732479537152,Only good thing going right now is my David Bowie raccoon hat comes in on Saturday,positive,1
3768,626903418104377345,Saw Paper Towns on Saturday!  Pretty sweet movie - love the casting! https://t.co/J9lvXbn87X,positive,1
4563,660277331546603522,Regardless of what happens- Thor's recovery from the 1st and his middle innings here give me hope for the future #LGM #Mets,positive,1
4755,641621469680631808,"Stephen Hawking said ""This girl may like to know that in another possible universe, she and Zayn are happily married.""",positive,1
4724,674201771208765440,@MrsMcEnoff that's the 2nd rec for Pop Culture Happy Hour so I'll have to add that. I've listened to all of Serial &amp; I'm fine with Ira :),positive,1
4061,632916721486180352,to watch Big Brother is the only reason why i wake up on a sunday,positive,1
678,631028806925598720,@MaayanGean oh its a name mash up of 2 of my favorite song (stay away by nirvana and hold on till may by pierce the veil),positive,1
4230,641445174082580485,Frank Ocean's Aaliyah cover of at your best gets me every time ..  110 that song is gonna be my 1st dance song with the woman I marry,positive,1
3671,623431906814787584,"Hope you had a wonderful EID. Our next Dubsmash Compilation video will be on YouTube within Thursday, so hurry up... http://t.co/8X0iJ7eJLu",positive,1
5710,628651750845579264,"Paul McCartney said; Great job!!! i liked it!! Jul 31, 2014 http://t.co/zIvyuty8Zs 21 songs for $10.00 Ken Dulin - http://t.co/ETOuRxKeDz",positive,1
6541,665656725593178112,Do you feel at home when you're at Curtis? We want to make others feel just as welcome. Come early on Sunday to greet our guests!,positive,1
3250,666683843890569216,"Tomorrow's Charlie Hebdo:  ""They have weapons. Screw them, we have champagne!""  The spirit of the French is strong. https://t.co/vteMHYnOjY",positive,1
767,681623579969089536,Thor is home! Thor went missing on Dec 25th and was back home on the 28th. No info was submitted to us on how he... https://t.co/GFp3XcHEWF,positive,1
4154,641623641738846208,I can't wait for Ed Sheeran tonight omg like I knew about him before he was famous and went to his free concert when I was in 9th grade,positive,1
174,669232560958902272,If you didn't know!!!! CHRIS EVANS AND ROBERT DOWNIE JR. MAY RELEASE THE CIVIL WAR TRAILER TONIGHT ON THE JIMMY KIMMEL SHOW!!!!! OMG OMG!!,positive,1
6322,637674767722676224,@JW_Burton Kane should of scored and would of made it easy then. Still hope always the important goal is the 1st mate. plenty of time,positive,1
2534,634554843617751041,"2 tickets for Jason Aldean tomorrow, hmu if you want them",positive,1
6720,678485739861090304,@TrevorWilliamW_ @AscendMutAnd2K @JAlexander_NFL No he not Kendrick is the best rapper in mainstream right now Black Friday freestyles ex.,positive,1
6689,623383302141902848,Dustin Johnson kissed #Paulina #Gretzky under the fireworks on Fourth of July# http://t.co/A2Ubr3wAck http://t.co/UHYV8OdEMK,positive,1
7029,623231191370584064,Hope every celebrating Eid had a fantastic time!!! We will be open from tomorrow again at 12pm. Thank you for... http://t.co/BCKV0Qs5bN,positive,1
1094,641042177817231361,Tomorrow kicks off 5$ class week! Come try out our NEW morning classes. Slow Burn Yoga with Barrett starts at 9:30 tomorrow am!,positive,1
1243,680109204221358081,@SummerMerin @Ajitkumar_Kanan it's a huge concern..May God bless and protect Rahul Gandhi.  Please be safe &amp; get more security @OfficeOfRG,positive,1
853,634549482852450304,If anyone wants to come with me to Jason Aldean tomorrow night I have a FREE TICKET,positive,1
6111,670636469288071168,Wishing everyone a happy Saturday. Our song for today is....  Bee Gees with I Could Not Love You More https://t.co/EBRrFoQ9h6,positive,1
4380,678609996607823872,Fuck the discounts. Best thing that came out of Black Friday was Kendrick Lamar.,positive,1
2882,628862155299885056,Floyd Mayweather puts undefeated record on the line with announcement of final fight http://t.co/ZIVndh6mce,positive,1
2527,637592309073379328,@Nige__l Niall is gonna have to be my new bestie! He's way funnier than you! Hope @TheConnieNell doesn't see this https://t.co/LZ9RWHg9Ll,positive,1
1274,633049113232281601,Can't wait for Paper Towns and Nandos on Thursday with the lasses :) should shine some light over our results :))),positive,1
5746,681213519040098305,For Christmas I got Justin Bieber Tickets... holy fuck... all this time I'm finally going to see him in my very first concert on April 9th!!,positive,1
1501,675130578224721921,"Was listening to Kendrick's ""Black Friday"" and I'm pretty sure it took my Call of Duty online to a entirely new level..",positive,1
2567,677257378081959936,so happy tomorrow is Star Wars day!! https://t.co/EfDDNoXcRO,positive,1
1481,639722951655297024,Friday is significant and more beneficial than any other day of the week for Muslims.This day Muslims gather together to pray in congregatin,positive,1
5899,630199655221964801,Wow did Carly Fiorina KICK ASS at the early debate August 6.,positive,1
1532,622440916041768960,"Hey, did you know National Ice Cream Day is Sunday, July 19th? Make sure you take a moment to enjoy a scoop of your favorite flavor! #YUM",positive,1
2313,641640503046504448,really feeling LittleBigPlanet again so i'm gonna rebuy 3 on the PS4 tomorrow now its super cheap and transfer all my stuff from 1 and 2,positive,1
6059,680815485114531840,"@gggclaxton It wasn't exactly perfect, a couple of issues while away. But got to see Israel for the 1st time &amp; feel in love.",positive,1
2270,622823618284793856,Absolutely awesome interview with Paul Dunne just now. Kinda pulling for the amateur to lift the jug tomorrow.,positive,1
1046,633122354307043328,Look out for the 2012 Rolling Stone special release 1 September 2015! 96 points James Halliday. #aussiewine http://t.co/JlvbdJsrNP,positive,1
1485,631895696744910848,Dustin Johnson might be the best Thursday golfer in history. He has to finish a major on top eventually. Has immense talent.,positive,1
5099,666104829425680384,All I think about daily:  Connor ball #MTVStars The Vamps https://t.co/2Ox93VmSGP,positive,1
4474,669450589835796480,"They may laugh at Rahul Gandhi, but the laughter is starting to sound just a wee bit artificial, slowly and surely he is coming back.",positive,1
778,636016267275714560,if anyone wants to surprise me with a mocha iced coffee from Dunkin tomorrow that'd be cool,positive,1
5340,624411328271228928,I can already tell Calibraska is going to be worth the 7th month wait for music Jack and Jack have come so far I'm so excited #CalibraskaEP,positive,1
2328,631434868392624128,Sounds premature. Hope it's true: Boko Haram has been 'decapitated': Chadian leader - http://t.co/vD6lPIimiC via @YahooNews,positive,1
2687,620166981614968832,Just two days to go until the publishing event of the decade! Go Set a Watchman is out on Tuesday and you can... http://t.co/B2mSe5ECfE,positive,1
4155,681197358491811840,"@TheVampsTristan What you think of Uruguay? i'll go to The Vamps show in May, im so excited.I love you bae. #AskTheVamps",positive,1
6290,624024407183331328,@HenryJGomez People tweet a lot about Svengoolie on Saturday. It seems a lot like that with Sharknado!,positive,1
1746,638615320735911936,@ChristySpratlin I mean it was announced UTD beat out Rookie Blue and UTD and Big Brother were the only shows that did well last Thursday!,positive,1
3948,627359733469458432,"#FCFILMMEDIA Moto G (3rd Generation) : A Perfect Smartphone: Moto G, the most liking brand name by youth, comi... http://t.co/rXnW9iIm1p",positive,1
5505,641444823787040768,@NiallOfficial NIALL love me to as much as I love you ok your my everything your my Romeo and I'm your Juliet ok see you tomorrow ily  Niall,positive,1
4606,634710175283322880,"@MattBowenTHW Dunkin is the more sensible option. While it may not always be a party in your mouth, it certainly is a cheaper thrill lol",positive,1
4107,641095178653200384,SHAWN.. Go to sleep please? Saving your beautiful angelic voice for us tomorrow. Love you!,positive,1
5789,678022588438827008,@RideTheNetwork @rideox4    chris evans alternative radio show https://t.co/AmY5BgCrU7   12pm tomorrow give it  ago!!!! its so good!,positive,1
597,626537598996099072,"@ThePaddyMcB Fair enough. Unrelated, think I may go see Ant-Man again tomorrow if you're interested.",positive,1
1167,635590535659540481,Randy Orton vs. Sheamus to start the show. Interesting choice. Crowd may turn early?,positive,1
6606,669127699143749632,"@TheVampsJames ""would absolutely"" Now you are coming on MAY 14th. I love you #MTVStars The Vamps https://t.co/ZIWBGOW7Js",positive,1
6969,632289211404656640,50 years ago tomorrow. Really??? Why the Beatles' Shea Stadium Show Was Even Greater Than You Knew | Rolling Stone http://t.co/2NZmhRelti,positive,1
5953,637075328418975744,@ChristianPark_ WOO!! dude I thought it was tomorrow and I was like trippin but we Gucci .. It was nice,positive,1
7035,624416017377304576,"Today I found nirvana, and all it took was kayaking with my best friend behind me, my favorite jam, a fucking bagel, &amp; the sun beaming on me",positive,1
1017,672077276423561216,Kendrick Lamar seems to be topping every 'Albums of 2015' list so far (Stereogum put him 2nd). Can't see an argument against it.,positive,1
1891,632291081938407424,U saw it here 1st Welcome to Miami! Ice Cube and Kevin Hart are back in #RideAlong2. See the brand new trailer here. https://t.co/pQqGCJiK2P,positive,1
5874,637449297177497602,I should go watch Ant-Man tomorrow because I really want to watch it and have yet to see it.,positive,1
4255,639490432708280320,An update on the surprisingly effective fight against Boko Haram in Nigeria. Great reporting. http://t.co/Rf8rAiH01R,positive,1
2525,630512542398447616,".@KathieLGifford &lt;-arguably one of Frank Gifford's biggest fans, your love for him was legendary...may he RIP",positive,1
3487,630492212510498816,Deeply saddened by the sudden death of Frank Gifford. He will always be the voice of Monday Night Football for me.,positive,1
5089,633304811061035008,Tomorrow #brownbag #lunch w/ @BBBSMB: info session @CICBoston. Learn about the Big Brother experience &amp; how you can make an impact.,positive,1
741,638039703023816704,Ed Sheeran and The Weeknd may be the best duo yet.. #DarkTimes,positive,1
1753,638192307997536256,In respect of Kanye west tomorrow so I will only listen to his music all day,positive,1
5110,638879242365849600,Frank Gifford was the only sportcaster to do both play by play and color commentary for Monday Night Football. #funfact,positive,1
1962,624089531633930240,"Before it's too late, happy 2nd bday Prince George. Stay sassy. http://t.co/Gepaul05Fb",positive,1
4252,678633715573071876,From beating Sampdoria 2-0 to this. C'mon Milan get it together already. #FrosinoneMilan,positive,1
1881,622812557489770497,"Since today is National Ice Cream Day, does that mean that tomorrow is the observation of National Ice Cream Day?",positive,1
4957,630120965431672832,Kris Bryant with his 15th HR of this season!!! #Cubs lead 3-2.,positive,1
4104,638377846239535105,"@awfullycharming Happy Birthday, I'm beating you on 2K when I get my PS4 tomorrow This will be your present.",positive,1
5523,627530541781372928,"Paid my bills, bought some groceries, did a bit of price-shopping on some clothes, and bought my ticket for Ant-Man later tonight. #Saturday",positive,1
5373,634761330021539841,Tomorrow night I'll be at Citi Field with the Zac Brown Band.  Anyone want to hook up a meet and greet for your... http://t.co/APG9SEzIYZ,positive,1
3287,638701613402734592,"GLEN HODDLE: Harry Kane's impact Friday was extraordinary. It was great to see Kane, the leading Premier League scorer, come on and score",positive,1
1221,675579017295101952,Frankie Edgar shows Chad Mendes and Dana White that he deserves a title shot:  https://t.co/PE0LYAuL1d,positive,1
4359,620080951708651520,Be sure to watch Miss USA tomorrow night at 8pm ET on the Reelz Channel! I can not wait to see which beautiful... http://t.co/1I6LMrEFiJ,positive,1
5982,625893010396418048,"SULTAN will Release on EID. Shoot Starts in November and ll Wrap in March.There r No Plans to Shift the Release Date ""- @yrf  Spokesperson",positive,1
723,627502725576716288,When Dunkin' Donuts actually get your order right on a Saturday morning you know it's going to be a good day,positive,1
4253,639873350794354688,Natasa Ex Catholic lady she converted to Islam few month's ago may Allah Guide All of us and bless her. http://t.co/KVAv6A2gPv,positive,1
3810,639300484117852161,Josh Hamilton pinch hit single! Venable to 2nd! DeShields at the plate! No outs! Let's go Rangers!,positive,1
2500,639251575672729600,"Kane will indeed return this Monday on #RAW. Also, Edge &amp; Christian will be on the #StoneColdPodcast!!!!!",positive,1
465,624667502547705856,Do you remember that time Chris Farley interviewed Paul McCartney on SNL? That was pretty cool. http://t.co/jSG1tq6hxC,positive,1
325,637875421011316740,"Dear bros/sis in Islam, ASSALAMU ALAYKUM and May Almighty Allah peace be upon all of you!. Why Saying... http://t.co/VZ3UXRSdTG",positive,1
4996,625669689771819008,"Last saturday I went to see Paper Towns, and this thursday I'm going to see it again with my friends haha really good job Nat! @natandalex",positive,1
4669,630482719814909954,"We will miss you Frank Gifford, NFL Legend &amp; hubby of @KathieLGifford Now walking in Glory &amp; Wonder with God Himself https://t.co/VYQgAPYlPF",positive,1
6837,637181874956144640,"@mighty_claw They have alot lined up, Death Note, Naruto, Ghost in the Shell and so on. I'd blame Edge of Tomorrow, but it was actually good",positive,1
662,640596042115883008,"Iron Maiden announce first ever double album, the Book of Souls that will arrive on September 4th! : )http://t.co/YpH0MuQsVv",positive,1
3634,638988201231818752,"@AbuJaulani @_iMuhammadBello: As woman,Islam prevents me frm raining abusive words.@abujaulani may Allah guides you to right path",positive,1
4015,680914248072097792,I just wanna see Justin Bieber in April,positive,1
2820,641040093948575744,@SkySportsTennis it's why I love tennis. One minute looks like murray is down and out. Next minute anything is possible! C'mon @andy_murray,positive,1
396,639395573167202308,They are rereleasing Deadpool on Xbox One and PS4 on November 17th. Would I buy it again? Yeah.,positive,1
6156,630599787880943616,Frank Gifford may have not been the most skilled game caller-and he didnt have to be in 3 man booth-but always brought elegance to TV sports,positive,1
6989,663267827399290881,"Tie between ""September"" by Earth, Wind, &amp; Fire and ""How Deep Is Your Love"" by the Bee Gees  https://t.co/d4pdR3f4FU",positive,1
780,676835757407997954,Still listenin to Kendrick's Black Friday...idk if a joint project with him is a good idea for anybody lol...on another level...,positive,1
746,635565586387484672,@Mets Can't wait to see David Wright tomorrow.  Take it easy David.  We want you around.  Welcome back.,positive,1
5063,632561199264202753,Can't wait to see Zac Brown Band for the 2nd time tonight!,positive,1
5161,640681144611155968,Looks like Shawn is heading to Norway for a show on the September 17th! This is slowly becoming a small EU tour again!,positive,1
2262,637703147503226880,1st goal for Milan  this season by  Bacca . And it's his 1st goal with Milan .  #MILEMP,positive,1
3245,625178377385697280,Kenny Chesney and Jason Aldean concert tonight and US Open tomorrow... Guess you can say it was an ok weekend,positive,1
6489,640360227104100352,"I just sat here, watching videos of Zayn. I never realized that I miss him this much.",positive,1
1787,676165947854479360,Monday: PJ day  Tuesday: Ugly sweater  Wednesday: Snow day Thursday: North Pole day Friday: STAR WARS DAY!,positive,1
5100,632870859292602368,"Good morning 2 all my followers &amp; fellow Christians, may GOD go b-4 u n everything y'all do on this Sabbath day!!! I love u all beloved!!!!",positive,1
2026,639348888537800704,Who's ready for Iron Maiden day tomorrow @PlanetRockRadio. Maidens The Book of souls album is unleashed . http://t.co/IEXJzAaIG2,positive,1
6729,629982671288991744,I hope enough people show up tomorrow so a Kpop course can be ran. I really want to do it.,positive,1
7112,630511856818495488,"Best play by play man Monday Night Football ever had, back when you couldn't wait for MNF to be on ! FRANK GIFFORD  RIP",positive,1
4364,635737025371467776,Celebrity Big Brother 2015: See the patriotic new house: Celebrity Big Brother kicks off on August 27... http://t.co/jA0udWb0lN #Fashion,positive,1
1099,639792530800906241,I mean I'm ok with watching randy Orton and Shia labeouf for 2nd period,positive,1
6651,680581525289578496,Our first Christmas together AND we got to celebrate our 1 year (the 24th). Merry Christmas from Curtis and I! https://t.co/Gp24tsYHfA,positive,1
6228,641587837863915520,"Janet Jackson on the 15th, then Ed Sheeran on the 20th. When there is good music, HC is all smiles.",positive,1
6443,641614742042230784,#NG Eagles unity thrills Oliseh: Super Eagles coach Sunday Oliseh has expressed delight at the unity in the Su... http://t.co/573HECpAUX,positive,1
2976,681679166174015489,"No alarms set for tomorrow, all of my animals in bed with me and I'm watching Twilight. Is this heaven?",positive,1
1560,633703443509678080,"Ice Cube made his son a movie star. Now they should just do awhole new ""Friday"" with his son playing as him",positive,1
5013,628403767889801216,Football update    7pm Scrimmage game v JCM Tuesday night at USJ.   Rumor has it that Chuck Norris and Hulk Hogan will fight at halftime.,positive,1
5803,632009770216595456,I look forward to Sunday's Big Brother so we can find out exactly what the actual fuck just happened in that double eviction episode. #BB17,positive,1
2135,629480177073000448,It may just be the crowd but I've enjoyed John Kasich tonight,positive,1
6305,620737695761838080,@LoweCatherine I can't wait to get Watchman tomorrow...more because I want to see her maturation as a writer. Forensic reading.,positive,1
552,638222595935105024,"Another huge endorsement for Corbyn, if George Osborne is against you, then you must be on the right side. http://t.co/hTnxNMDhDX",positive,1
5255,674792039565819904,Amy Schumer will be here Friday &amp; I want to go!,positive,1
3365,662889205996064768,Good morning :)  George Harrison - Here comes the sun https://t.co/huLpcn5BGZ via @YouTube,positive,1
1040,629841606099750912,tomorrow is David Price day again!!!!!,positive,1
5168,640731683998855168,I liked a @YouTube video http://t.co/Imh6XoQUqD Nicki Minaj - Blazin' ft. Kanye West with lyrics - PINK FRIDAY,positive,1
1118,630182769239400449,I would say him and Rousey are the hottest athletes in sports right now. SAVAGE  https://t.co/y4aCXXw0Aj,positive,1
3418,620056364149309441,(1/2) Judge me if you want but Ima make sure I don't miss the Miss USA pageant tomorrow . There's nothing like watching beautiful women...,positive,1
2995,632598778038591488,Salt &amp; pepper are 2 great spices One makes you thirsty! By the grace of God may we as Christians be sweet &amp; salty 4God!!,positive,1
59,660195054695391232,I'm sure @MrMenOfficial are all a bit Mr Happy tonight seeing Chris Evans' t shirt tonight on TFI Friday. #mrhappy https://t.co/hKCgxFMCUo,positive,1
1149,639772902229962752,"ABUJA, Aug 30 (Reuters) - Nigeria's security agency said on Sunday it had made significant breakthroughs in the fight against Boko Haram",positive,1
3180,640590178814455808,Yoga is good also for the skin !http://t.co/53sqqJdnpo,positive,1
5881,640593001006260224,"Red Sox off to another great start. They lead the Phillies after two innings at Fenway 6-0, scoring 2 in the 1st and 4 more in the second",positive,1
3706,635931051290947585,I'm honestly really satisfied with my classes except 3rd but it's Gucci,positive,1
3085,629135522166771712,Tomorrow night is the big night! XTU will be in the house to give away Jason Aldean tickets 7-830pm.,positive,1
5393,680087222809419776,then it goes into here comes the sun from my star george harrison,positive,1
6263,631898412833767424,"Dustin Johnson sure knows how to get an early lead on Thursday, he just can't hang on to that lead on Sunday",positive,1
5567,677515459328102400,"Happy Star Wars Day! It's not May 4th, but it feels like Star Wars Day to me!",positive,1
5457,637486450414587904,"@chadnotweet Idk, seems like there r plenty of Rousey fans &amp; not just in the US. They may not be UFC fans but they'll pay big $$$ 2 see her.",positive,1
6737,640975135462322176,Been listening to Dom all day and then he drops a surprise mixtape. I'll listen to Frank Ocean tomorrow for u lot,positive,1
4056,623522208846086145,@ArianaGrande can't wait to see you in DC on Saturday! What kind of donut do you prefer so I know what to pick up at Dunkin? #iloveamerica,positive,1
1332,634552066665398272,Straight outta Compton was so live the fact that they had Ice Cube actually rehearsing his lines for Friday ..,positive,1
2421,630531248507756544,I know that had to be hard for Al Michaels to announce the passing of Frank Gifford. They covered a lot of games on Monday nights. #MNF #NFL,positive,1
4566,629895470601646080,Thursday night's #GOPDebate was the highest-rated primary debate in TV history. Must be because of that John Kasich sex appeal.,positive,1
5650,637908727140626432,@blakeyniall happy 18th birthday Niall!! Have the best day! Are you coming out Thursday? xx,positive,1
4386,636752891152351236,Brock Lesnar OBLITERATED Bo Dallas on Monday. I just rewatched it 3x and it keeps getting funnier.,positive,1
760,639991723402350592,can we talk about the fact that I have an Ed Sheeran concert next Saturday and me &amp; my sister sit in seat 9 &amp; 10 in the 8th row of section 1,positive,1
3055,631869957618339840,Dustin Johnson leading during the 1st round of a major...stop me if we've heard this before,positive,1
5634,625797977563635712,@CoyJandreau @TheMattKey @SizzlerKistler just watched the show. Great show. Couldn't agree it's about Ant-Man. See ya Thursday,positive,1
4214,638790914337566720,[EVENT] See you on Saturday at KPOP FUN RUN!... http://t.co/sbQPJu4vP6,positive,1
1651,667472165806051328,"David Bowie's 'Blackstar' video https://t.co/z7T1iJZnh4 Strange, dark, and beautiful. I think I love it. New album arrives in January.",positive,1
29,660263692102053889,"Alright people, you've been waiting for it. Dark Souls. 1 Death = 1 Jalapeno. Tomorrow at 11am PST.  RIP me. https://t.co/9whelmPciD",positive,1
4536,627535219197915138,Sharknado 3 may have just slid its way into my top 5 movies,positive,1
3143,674765538975985664,&lt;Curtis&gt; As you may have seen in previous posts Jen has done an amazing job on the chalkboard. That being said... https://t.co/drpJJjjRCe,positive,1
677,630704548529618944,@MikeAndMike Frank Gifford was Monday night football. Got into it watching from Australia in the early 90's #RIPFrankGifford,positive,1
3151,639949540532060161,Love Friday :) Its @Riva_Drogheda Day with Heather to start the wkend :) These Dunkin' Donuts were AMAZING &lt;3 http://t.co/96ACfcuJdG,positive,1
1850,639706634038714368,Jack and Jack if you see this I will dress as Miley Cyrus to my first day of college and blast Calibraska as promo  https://t.co/lg736QH2E5,positive,1
6361,622826836310032384,"Paul Dunne, an amateur, shares Open lead going into final round. Amazing! Padraig is 5th: http://t.co/xq4ORC4c7c",positive,1
3712,624465217192394752,My whole family is gonna jam out to calibraska tomorrow in the car  #CalibraskaEP,positive,1
527,640805265324027904,"@jhallwood definitely, I'm free pretty much all eve but may go to yoga at 7! Some good anecdotes for you",positive,1
3109,669060482091773952,Dark Souls was a ton of fun tonight. I'm going to continue again on Wednesday.,positive,1
3298,641417959521456128,Can't wait for our first Vinyasa Power Yoga class tomorrow with our new instructor Arielle!  Come join us at... http://t.co/cfH0ACH638,positive,1
5737,630942333702270976,Just got done watching wwe Monday night raw I'm glad Seth rollins stayed the champion Randy Orton came close of being the champion,positive,1
6902,633436452785913860,"Can't wait to hear the huge pop for Brock Lesnar tonight, despite the fact that he's facing The Undertaker this Sunday. #RAW",positive,1
431,638187283401863169,I'm going to Paul McCartney!  2nd time in two years!,positive,1
6815,624208086740283392,"Yes, Sharknado 4 Is Happening: Sharknado 3 had barely premiered Wednesday night before the studio annou... http://t.co/cOFUH1T4Gv (Time)",positive,1
2689,671037511939006464,"BBC's New&amp;nbsp;Top Gear&amp;nbsp;With Chris Evans Debuts May 8 -  https://t.co/WsLKNSBvEG Gear (yes, the BBC versio... https://t.co/nxm3poMbom",positive,1
4314,637812065516695552,"cheesy as it may sound, I will never be able to thank One Direction (with Zayn) enough for everything they've done &amp; how they saved my life.",positive,1
4637,667940271728951296,Feast your eyes on the NEW International TRAILER for #Carol starring Cate Blanchett &amp; Rooney Mara. In cinemas Jan 14 https://t.co/wZI4nSVv52,positive,1
1289,630759157243772928,@bleedcubbieblue Kris Bryant voted by managers as the NL's 3rd best defensive third baseman. https://t.co/pRgkN3ttYA,positive,1
2663,639888387302891522,Anyone else smile fondly when Ed Sheeran sings about being kissed under a lamppost on 6th street? No? Just me?,positive,1
4643,621901517910454272,Not An Apology and Calibraska both come out on the 24th. I'm so excited @JackJackJohnson @jackgilinsky @BeaMiller,positive,1
313,639682911839498241,July not over till Frank Ocean drop his album so it's still July,positive,1
5685,675818456281972736,I think that tomorrow I might buy #bandofbrothers dvd boxset in Milan..I hope to find it,positive,1
4007,637830470252822528,Next Friday the best one Ice Cube made,positive,1
4526,636969840603893760,Rainbow Mika is in SFV! Yes! Did my 1st project predict this when I had her beat Randy Orton for the WWE title to prove capcom a point?,positive,1
2475,676171238998466560,The Black Friday remixes by Kendrick and Cole are the exact reason I can't wait for their joint album,positive,1
5050,641549443653697536,"@nabeelaliraza19 @ToEducate @abu3aseed Islam is a guide to which we should try to emulate, we r human and not perfect. Hearts may be in the",positive,1
6869,632352898739933184,The Blue Jays are playing very well. They're scoring runs and David Price is pitching like David Price. 3-0 Jays with one out in the 5th,positive,1
6431,639114631605260290,Aaron Lennon may have no end product but the run and assist against Milan in the CL is what he should be remembered for #NiceOneAzza,positive,1
338,640950792115982336,Blue Jays 3RD Josh Donaldson deserves the AL MVP for sure. And that's coming from a Red Sox fan. That man is fun to watch.,positive,1
265,627327299529129984,"Motorola appears to have got it right yet again, for the 3rd time, with the Moto G, Gen. 3 http://t.co/cG7QnN3zZg",positive,1
3302,638719721567682564,Can I just fast forward to the Ed Sheeran concert Saturday,positive,1
3918,670865533093457920,"Morning Sunday lovers. In the words of David Bowie - I'm happy, hope you're happy too :) x",positive,1
6342,636148926140190721,I'm so excited for Dave Grohl and the Foo Fighters to be in the hood Saturday http://t.co/zkwHZ0X9Uq,positive,1
4906,675800878247378948,i'm going to milan tomorrow!!! i'm so happy,positive,1
5620,637776477514170368,"Hulk Hogan offers self as running mate for the Donald. Perfect! He is equally serious ""politician"" http://t.co/Q83OJRkKqc",positive,1
285,622822227852005376,@kistschtwit Good Luck to Paul Dunne on the Last Day of the British Open Tomorrow. Can he Do It? Hopefully.,positive,1
3495,635968316851548160,"I want Kane. WE WANT KANE! C'mon! As the Monster Kane, btw #RAW",positive,1
1405,633037942441775104,"Dustin Johnson makes an eagle on 16 to move to -13. He may not have a major, but boy is he wonderful to watch when on song. #USPGA",positive,1
4236,632619893351936000,Continuing to bond with the offspring via Marvel movies with another Superhero Saturday thanks to a very funny Ant-Man. #fb,positive,1
6218,636281563785883648,"I may or may not be in love with Seth Rollins.  Even before that picture tbh.  Anyway, back to the 'football'.",positive,1
1851,622411783773536258,"Since Sunday is National Ice Cream Day, we wanted to give you the scoop on some of our favorite places near our resort destinations:...",positive,1
583,621762070619492352,lacis logic: gets 3rd and 4th ear holes pierced on the day she has a dunkin shift  (: (:,positive,1
1200,632347442986532864,BOOM! Another strikeout for David Price! #BlueJays up 3-0 heading to the BTM of the 4th! #GoJaysGo,positive,1
3703,624022205991649280,Sharknado triple feature tonight...Lavalantula with Police Academy star on Saturday!!!  Scyfy channel is on fire!,positive,1
272,641268447805075456,See you tomorrow at Dunkin' Donuts in Hoxsie from 10-11! http://t.co/3dUtkbW3UD,positive,1
4,677849648745287680,Star Wars was good outside of seeing so much of Rayjay's dick. I may have been watching Kim Kardashian's sex tape now that I think about it.,positive,1
5114,622157295393226752,"Happy Birthday My 1st namja bias in Kpop, Lee Taemin, Taem i love u, i miss u in the past #HappyTaeminDay",positive,1
3539,622818645090111488,Fair play to Paul Dunne....mighty three rounds of golf.. lets hope he is in the last group tomorrow!!,positive,1
5361,672340095521959937,"Great show Saturday live from Mornington brewery. Following cricket show where we chat with Matt Whelan, Curtis... https://t.co/E6qEZVzC19",positive,1
680,630817606161666048,"Carly Fiorina was failing to crack 1% in recent #IAcaucus polls.  Today, she's tied for a close 3rd with 10%! #CarlyFiorina #Carly2016",positive,1
1770,637803225475850241,Monday I am writting CNN &amp; asking why they refuse to let Carly Fiorina on the main debate stage?,positive,1
2064,639065691409285120,"@SarahSahadinCBB You can always meet them on the Friday shakedown as Nicki said that'd be better, so it probably will be for the others! ;)",positive,1
2780,631532390884618241,I'm still dying over the fact Fourth of July by Fall Out Boy was in Paper Towns omg,positive,1
3912,640522950165331968,"Good Morning Sunshine...Foo Fighters, Aurora, Live, Milton Keynes Bowl, from the front, Saturday... https://t.co/flGSTFycpL via @YouTube",positive,1
7121,628378602845937664,@Taybay_2012 wouldn't it be great if there was someone to bring us Dunkin tomorrow  (cough) @NikMoore_,positive,1
4148,637099448477327360,White Sox take game one of the series in their throwback uniforms 4-2. Blog to come tomorrow! #GoMariners,positive,1
5001,622861695124422656,Really hope Paul Dunne pulls off an Open Championship victory tomorrow. Rooting for the amateur!,positive,1
4164,635803781486223360,Check out the diary room chair for Celebrity Big Brother! It's AMAZING! #CBB starts Thursday 9pm TV3 https://t.co/mdlFsJi2Dd,positive,1
66,634942317128892417,David Price may not shut out the Angels tonight but he will shut. them. down. | @BlueJays | @MLB,positive,1
2022,637337314977546240,"First time ever on PTV, @sufisal will be on air with U2 &amp; Bruce Springsteen. 8pm Saturday! @SophiyAnjam @WeekEndWorldPTV @WorldPTV",positive,1
4158,640342271682998273,A lot has happened while I was away sprain-spraying my ankle. Murray has taken the 1st set 6-3 in 50 mins &amp; is up a break at 2-1 in the 2nd.,positive,1
4506,681695508671393792,what Kendrick dropped on Black Friday does more for the culture than the Dirty Sprite and 6 God crowd could even fathom.,positive,1
1530,676149806423801860,"Wow, you really know a lot about that movie Thor, Claire! https://t.co/iNU8jvKKJ0",positive,1
3742,625820583972982784,"As long as triple h,john cena, and Brock Lesnar are still in the WWE I got no shame in watching the occasional Monday night raw",positive,1
2881,637511115627323392,"#NEW #UPDATE  Liam , Harry and Niall will celebrate Liam's 22nd birthday at Topgolf tonight!!",positive,1
4013,623434846875086848,"Calling all ladies! Come celebrate Eid in East London this Sunday! Join us for a day full of fun, games &amp; food http://t.co/3fJNsuQrwA",positive,1
1982,673387472311574528,I wanna watch all of the twilight movies tomorrow,positive,1
3034,640244895752527872,"Strictly, X Factor, Big Brother - Saturday night TV gonna leave me with square eyes!",positive,1
4589,672614368434135040,Now I can understand why George Harrison wrote 'here comes the sun'. Sun after almost a month. Bangalore!!!,positive,1
826,623787772805931008,Happy b' day Prince George. May lord Jesus fulfill all ur wishes.,positive,1
2503,663187217708285952,"also, a musing: i want to dance to david bowie and the soundtrack to saturday night fever. i'd like there to be disco lights",positive,1
3588,635927945744355332,I'm listening to Maybe I'm Amazed for the 1st time in ages &amp; wondering how I ever managed to stop being fanatic about Paul McCartney???,positive,1
5159,627193103670222848,"@Jacksters26 Probably see Ant-Man at the cinema tomorrow. ) I hope you enjoy your tea, I'm certain you will. x",positive,1
1929,681512833524350976,I am going to Milan tomorrow with my family. https://t.co/PBt7a4ydgw,positive,1
3955,624247629979881473,Double up on dogs - July is National Hot Dog Month &amp; today is National Hot Dog Day! How do you top off your dog? http://t.co/MpCG3V1KhL,positive,1
2291,639533218505617408,New Iron Maiden album being delivered to my work tomorrow. Bet your ass im gonna annoy the interns with that shit :D,positive,1
2249,636727279154925568,Kris Bryant keeps the #Cubs rolling with 2 out 2 run single in the 1st! 2-0 #CUBS,positive,1
3338,640316493029314560,Well done H its good to see you score again. like to see Kane and Son team up Hint Hint! keep going https://t.co/slm8vaprCN,positive,1
3016,628040691839467520,"gonna see the god, the beast incarnate, the mayor of suplex city @BrockLesnar tomorrow night. hopefully to see him wreck Seth Rollins.",positive,1
623,628004741155454976,My hope for the two remaining empty podiums on Thursday is Chris Christie and John Kasich.,positive,1
1110,641593418112700416,Meet the 16 best social innovators from @EIBINSTITUTE Social Innovation Tournament on 24 Sept in Milan! http://t.co/9G3QyHKiPT #socinn,positive,1
634,637926799993913345,"I liked a @YouTube video http://t.co/PCuHL1YzpE John Cena attacks Dolph Ziggler after his match with Randy Orton: SmackDown, Nov. 23,",positive,1
6632,626435631011512320,@MarieDJones Think Sharknado is on Netflix. While being a veggie today I may look for it. :),positive,1
6103,641529121802219520,"Marnin! Started my day with 7 Sun Salutes, (Yoga position that sounds like a cocktail) &amp; a foam roll, (gym equipment that sounds like cake)",positive,1
4699,638906023613497344,Janet Jackson performs in Miami on Sept 20!  All roads lead to the #MagicCity! Get ur piece of the #Miami Dream? Im here to help #realestate,positive,1
146,624510194144272384,"Ten sports , Brock lesnar is win the fight.because he diserved it. ""BELIEVE THAT""#Raw sunday dhamal",positive,1
3595,624373733029998592,"Outfit: Pink for Eid - Salaam, Lovelies. Eid Mubarak.. and may you all have a blessed Eid! Since the last day of R... http://t.co/m5SdEejSUa",positive,1
1373,635603138544734208,( @katyperry ) Katy Perry Fans get ready because her next concert is on the September 22  -Peru,positive,1
1297,672105852527058944,I shall remember November 2015- when I was blessed with Black Friday with J Cole and Kendrick Lamar,positive,1
1666,666109256022810624,"@Pieromancer Dark Souls games look fun, I may have to try them out at some point. It's fun watching you play them.",positive,1
1045,634099811944431621,@WWERomanReigns hope you and dean Ambrose beat the hell of bray Wyatt at summerslam and see you on smackdown tomorrow on Syfy,positive,1
4377,627956160092614656,I fail to be an Ant in my new video! Ant-Man review coming tomorrow guys hope you like it!,positive,1
6204,675584770827550721,@DefLeppard you guys were amazing in Belfast on Monday night! My pup Thor loves your music!!! https://t.co/IB9KzCBdy6,positive,1
4582,628420879865610240,Just watched Sunday's Big Brother @CBSBigBrother James has the biggest balls #Wow #bigbrother @JohnjayVanEs @richberra @brittneycastle1,positive,1
6538,629497889635434496,I admire John Kasich for saying his thoughts on a very controversial topic regardless of what negative feedback he may receive. #GOPDebate,positive,1
1714,623028186004066304,Eid 3rd day.... Good after none http://t.co/wTsPaQyppI,positive,1
5165,638194397541179392,"My boy Biebs made the greatest comeback, the bae Big Sean won his 1st vma, Nicki dragged Miley to hell &amp; Kanye SLAYED everyones lives! #vmas",positive,1
2401,632934794842669056,"Getting ready for church, if anybody in Dallas wants to go lemme know,then BINGO tonight to win another $750.00. Sam Smith concert tomorrow!",positive,1
1223,641279734102532096,"Tom Brady is the quarterback of all time, no conversation whatsoever. Go debate your blind 5th cousin.",positive,1
5102,636936368820756480,"Louis and Harry love home Sunday roast. Liam loves curry, while Niall loves all the food in general",positive,1
6086,638572052027301888,"Don't wanna be an Italian idiot. thanks for tonight Turin you were badass, see ya tomorrow Milan",positive,1
4251,637585244946874368,@tiredcourt Shawn and the 3rd one are rly hot I'll give u that,positive,1
1352,631247848194109440,@MiracleBaseball with consecutive bunts to David Wright. 1st is perfect for base hit. DW makes trademark barehanded grab. 2nd is SAC. #Mets,positive,1
6328,661101486949195776,Officially starting Dark Souls 2 Monday evening. GTA V was way too fun to stop! Thanks for coming to the stream! See you tomorrow!,positive,1
6046,632086541288914944,"new Iron Maiden single? well alright then, thank you Friday",positive,1
2842,641183198525935616,"Paul McCartney played four Beatles songs for the first time ever on the 4th of May. If you could hear Paul play any song, which would it be?",positive,1
2840,671806651222138882,@lebedeva170377 goodnight to you too Ira. see you tomorrow. :),positive,1
5580,640697360201334785,Tomorrow Seth Rollins's WWE title reign will surpass that of Randy Orton's at 161 days.  I saw Randy win that title live in Miami at the AAA,positive,1
582,631331440945336320,I'm going to a Sam Smith concert tomorrow hahahahahaha I totally forgot,positive,1
4043,674878440621916160,"Thanks @mpefm for the post! See you this evening from 6.30 pm in our Gallery (Piazza XXV Aprile 11/b, Milan) https://t.co/lCOl4LypWC",positive,1
3612,640313586129223680,@AJBrooks miss you came back Monday Night raw love you miss you John Cena boy friend miss you together we love you big fan All good much,positive,1
6420,674852673003327488,I'm only just hearing Black Friday..... Kendrick u freed me,positive,1
6731,638123841219391488,"Zac Brown Band, September 11th, we're going @MikeMotyka",positive,1
5266,636129538045542400,@NiallOfficial Hello Niall i love you so much you make me smile make me better may you please kindly follow me i hope you have a fab day 3,positive,1
4312,627016825713373184,hopes 4 the film version: John Green's Paper Towns http://t.co/5sGsogEgkT looking forward to seeing advancescreening of Paper Towns tomorrow,positive,1
1678,641050745777733632,Tomorrow kicks off Muslim Awareness Week! Come to our first event tomorrow at 11:00 a.m.: the Brown Bag on Islam. http://t.co/OMHCbOfETY,positive,1
817,674071982267207680,Kendrick Lamar became the 2nd most nominated artist at #GRAMMYs in a single night(11). The 1st one is Michael J.(12) https://t.co/qW2gm1IkhG,positive,1
6551,678696273805996032,Visiting Mariyln tomorrow with Thor then lunch with nana and Thor! :),positive,1
1427,623817496752189440,Heading to a barbecue this weekend? July 23 is National Hot Dog Day! Try making your own hot dog buns with our... http://t.co/SedFnNZmjd,positive,1
2304,673388584578260992,I'm in love with Black Friday by my man Kendrick Lamar and J.Cole,positive,1
1521,625162878794997760,I hope tomorrow is a better effing day! Drift nirvana better be lit,positive,1
191,640099528217989120,"Praying for a better day tomorrow and also free Gucci, amen",positive,1
6464,623825610096418816,Can't wait for tomorrow . . . won't have to hear about Sharknado anymore.,positive,1
6501,628981577373102080,"Today in Beatles History (May 26, 1986):  Paul McCartney is named the most successful musician of all time by the Guinness Book of Records.",positive,1
640,679458223963959296,1st country in the world to adopt multiculturalism. Here is the country that did it some 2500 years ago ... Iran https://t.co/GIL69Q34xY,positive,1
4913,639490449753927680,Future &amp; Gucci all the way to Atlanta tomorrow night...,positive,1
3488,640190683362361344,"Cristiano Ronaldo: ""We are Real Madrid, so we are going to win against Atletico this sunday."" Wise words from the best player in the world!",positive,1
1669,640913970166124544,#OOC: *looks at nightstand *   *sees bottle of Katy Perry perfume *  Oh my god....@EXO_GRENDEL .....I think I may have it!!!!,positive,1
3290,678315644971012096,"Long live the idols may they never be your rivals, Kendrick was Jesus, Cole wrote the bible. @JColeNC",positive,1
1469,629689565121376257,Rousey would make may weather tap out.She would knock the 's of that fraud and fake . She loves the sport while the clown does it for the $,positive,1
625,637758386323476480,If justin and shawn takes a picture tomorrow I will actually have it as my background picture till I die,positive,1
2861,631321137180377089,"Right now I'm watching the 2nd Persona 3 movie, in which a cool dog fights a giant monster that looks like Hulk Hogan.",positive,1
3753,627123161851666432,"I want to see Brock Lesnar F-5 David Cameron this November. Whaddaya think, @HeymanHustle?",positive,1
3392,677562918695645184,@NickNelsonPR Those tickets may have sold out faster than the Kendrick Lamar show.,positive,1
2649,623595153874403328,#ImNotSuperstitiousBut I have to watch Sharknado tonight and Sharknado 2 and the premiere of Sharknado 3 tomorrow. #SyFy,positive,1
1246,629485269356519424,Id literally be the happiest person alive if i got Zac Brown Band tickets for the 23rd at bethel,positive,1
4376,632330405669150720,"David Price out of the 1st.  OMG you guys, Ivan Nova is a Yankee!  #BlueJays",positive,1
3390,680360564414136320,"Peace on earth, everyone. May David Bowie and Bing Crosby be with you! https://t.co/2iLmEk91OQ",positive,1
3173,630191276810444800,Just went to see Paper Towns with my friends. AMAZING!!! Then we were driving home and we stuck our heads out the sun roof. Such a rush...,positive,1
6979,640998641294032896,I'm going to be so emo tomorrow at the concert bc the best buy theater is so special bc thats where i first saw shawn headline a show ever,positive,1
858,640511341804023809,Best of luck @kevinanderson18 on 4th rd @usopen vs Murray! Wish I was there to cheer you on. Go Illini!,positive,1
1624,678828073039429633,3rd time seeing Kendrick and he never fails to disappoint,positive,1
6268,635973067345231872,I think I may have finally figured it all out and understand the big picture Currently in a state of nirvana and I've never felt more ______,positive,1
5843,639521071343890432,#Twins Tweets: White Sox take a 6-4 lead in the 7th. #MNTwins #MLB http://t.co/qmmUw5X82Q,positive,1
4283,681607934191734784,"And believe me. To me is normal, just like knowing that if Justin Bieber drops a video right now . it will have million views by tomorrow.",positive,1
1882,678964971032604673,"C'mon, Kendrick, C'mon. He shot my heart with those lines.",positive,1
2990,639734817404362752,"(ANSA) - Milan, Sept. 2 - On Sunday, on the occasion of the Grand Prix in Monza, Trenord established great rides... http://t.co/V4gZGYpmcF",positive,1
6811,624260754582175744,Calibraska comes out tomorrow!! I'm so excited! Can't wait to hear it!  #JackAndJack @JackJackJohnson @jackgilinsky  http://t.co/sxf4Kn33CY,positive,1
3084,630517857244188672,"Man! Frank Gifford died. I was too young to remember his playing days, but he was a gem on Monday Night Football. #RIPFrankGifford",positive,1
3297,677290661440192512,If you're in Canberra next Tuesday the twilight market is a must to stock up on fresh produce before Christmas.... https://t.co/nXUYJleAH9,positive,1
728,679722754786988033,"@JamesGunn Only my 3rd tweet ever &amp; it's to you. At 20:45 in GoTG, is that Chris Evans as Nova Security?",positive,1
5854,640156248176988160,"Of all the things I'm envious of when it comes to professional golfers, Dustin Johnson's strut walk may be at the top of the list.",positive,1
3424,667354874795991040,"@CheesusSlice @PrinceHAK33M yeah, well I had Thor's hammer and helmet in the 5th grade. And Storm's cape. I still haven't grown up. LOL",positive,1
3496,663953671747686400,"I liked a @YouTube video https://t.co/fp5btBMD4x Here Comes the Sun Lesson - Beatles, George Harrison",positive,1
4710,627817883528249345,"To Kill a Mockingbird may be the better-written work, but Go Set a Watchman is the more mature book http://t.co/FjmccMv2Gl",positive,1
3062,637470876175200256,Wow! Rousey vs. Holm moved to same night as Lawler vs Condit in Australia. #Albuquerque is going to be nuts Nov 14!  https://t.co/xZLxRIDBSg,positive,1
1137,639435946170183680,@902e0f2de0944a3 lol I'm glad I have my Xbox for the start gonna get my PS4 later in the day tuesday,positive,1
2801,637958289964208128,Amazing points made regarding the Sufi tradition of Islam. Very kind words.#MannKiBaat https://t.co/UXUG5P6Oc2,positive,1
7026,625670084778967041,@kelly_welles if you haven't seen Hulk Hogan's twitter feed yet... it may be a display of a bad week getting even worse...,negative,0
6136,630553957119696896,Al Michaels &amp; Frank Gifford provided the soundtrack for Monday Night Football when I was just getting into the game. A true Renaissance man.,positive,1
6141,678700987209527296,melinda may can lift the mjolnir and use it and she'll just say she's doing her job. *at some point Thor lifted her. yep he's dreamy*,positive,1
5584,625805684240711686,With all of the Hulk Hogan controversy I hope Monday Night Raw is redeeming tonight!,positive,1
4600,662666255996874752,Cate Blanchett to be honored at the 27th Palm Springs International Film Festival: Two-time Academy Award winn... https://t.co/HDDDtAjPx2,positive,1
5721,640440510625259521,Excited to see the Foo Fighters today but cannot be arsed for getting back early hours of the morning and being tired tomorrow,positive,1
3577,671409053520760833,"#GH That was Donnell Turner's 1st scene as Curtis, hope he stays in the show for awhile, maybe he can be Jordan Ashford's new love interest",positive,1
6045,635916277345878017,"Kris Bryant MAY have just hit a ""walk off"" home run... oh wow! Wow!!!!  #GoCubsGo http://t.co/2naIyykWr3",positive,1
181,638231134187294720,"Nicki is always feuding with somebody. Lil Kim, Mariah Carey, Iggy Azalea, Taylor Swift, now Miley Cyrus... I like her but c'mon",negative,0
5047,678254439166312448,VIENNA (Reuters) - Russia's envoy to the U.N. nuclear watchdog said on Monday he expected a historic nuclear deal between Iran and world,positive,1
6063,637833845224701952,"and it's saturday, so no school Katy Perry made teenage dream so cool #ShesKindaHotVMA",positive,1
2443,630506866536284160,Just saw Frank Gifford died -- may he rest in peace.,positive,1
3625,623049519496704000,Salaam to all friends and enjoy the 3rd day of Eid with your family pray for the all people special pray for me kindly,positive,1
4311,624053486620135424,"My kids look forward to the Sharknado movies, because they are awesomely horrible....and we need April! #AprilLives",positive,1
3553,623174628740087808,July 23 is National Hot Dog Day! We'll be hosting a hot dog eating contest. Contact crague@seadogs.com if you're interested in participating,positive,1
972,620437207581495298,Olivia Jordan - only the 2nd woman in history to win BOTH titles - Miss World -United States and Miss USA.  She... http://t.co/Ddlb60TsH9,positive,1
879,640448452393062400,Final completed line up for today's Bluebird Sessions! The Foo Fighters may have rescheduled their gig for tonight... http://t.co/nqzjmcJZYA,positive,1
2710,634343918017118208,@johngreen Finally able to see Paper Towns tomorrow.  The excitement I am feeling is probably not ordinary but I just don't care :),positive,1
4168,677606447597887488,"It's impossible to just listen to Kendrick Lamar's Black Friday just once, I listen to it at least 3 times in a row",positive,1
1716,667476544139362304,"Today, we FINALLY beat Dark Souls!!! Long stream tomorrow, #StarWarsBattlefront #Quiplash #WorldOfWarcraft are on the line up for tomorrow:)",positive,1
752,623833140679843840,"Happy 2nd Birthday, Prince George! See how much he's grown with 28 of his cutest photos: http://t.co/TqZeb4BarN http://t.co/dpQGq2m8AC",positive,1
5657,629161464629080064,"In other news, can't wait to see Ant-Man tomorrow night, hopefully it's what I expect",positive,1
2204,624993417253158912,"@TheMetalCore Can't wait for them both! September is equally impressive with FFDP, Iron Maiden, Slayer, BMTH, and Parkway Drive! \m/",positive,1
7108,641465067947585536,So what I'm focusing on is motivating Tom Brady and my team  I want them to have a great game Thursday,positive,1
7163,678670146643353602,"Played Football,watched football and last nights UFC &amp; just taken down a massive Ruby whilst watching Twilight. What Sunday's are made for!",positive,1
1915,641027900955881474,"Murray breaks again!! Back to back breaks in the 3rd set, Game face on!",positive,1
1474,638504764439941120,Maja is Nicki to April's Miley right now. April is inspecting a candle and Maja has the EYE on her. #whatsgood,positive,1
4679,639079339859030016,This is all time greatest and why we all luv and hate Kanye west but he is a human that keeps the world alive #YE  https://t.co/BHoWFpGTjs,positive,1
1424,632402150946041856,"since may i went to kmf, bts trb, kcon, sam smith, and nicki like it was a #/blessed summer",positive,1
6351,639790245966295044,"Jason Lown.... I know you can appreciate this:  Janet Jackson's 3rd single from her 4th album, Escapade, came on... http://t.co/oHrcqJAdP6",positive,1
1346,621671339569598469,So I got the job at Dunkin and I'm leaving for Cali Wednesday,positive,1
6556,678044458286477312,Kind of equally excited at staying in watching The Soup finale tonight as I am for going out to see Amy Schumer tomorrow. Well...kind of,positive,1
4309,672134394946060288,god took away another angel from us today . i will forever miss and love you Curtis . may you forever rest in peace !,positive,1
448,639145274288545793,welllll who wants to see Ed Sheeran with me on the 17th????,positive,1
1948,640958358527324160,"Monday nights Love Zone with Ruth includes songs from Katy B, Janet Jackson, Blue, Squeeze, Bon Jovi, Gabrielle... http://t.co/T4wOfw5OEg",positive,1
1079,624443725784203265,S/O to Ryan Braun for that 3 run shot in the 9th! I just won 1st place in both my Draft King's tournament. Turned 1.25 into 175$. Easyyyy.,positive,1
529,627741402395357188,"New blog, nice conversations with friends (both staying in the deepest pits of hell) and going to see Paper Towns tomorrow. Good shit.",positive,1
1300,641437213985665025,"Wow, the Red Sox pitcher is the definition of ""On Tilt"" here in the 10th. Crazy how that balk happened.",positive,1
7072,640383287072919553,"what did you do on saturday? i sawed metal for 5 hours, then watched naruto, and was in bed by 11:30 :' )",positive,1
5470,624805872007561216,listening to calibraska for probably the 17th time today :)) #CalibraskaEP @JackJackJohnson @jackgilinsky http://t.co/OTF5RnT7cI,positive,1
392,663213075949092864,"Thor is ready to fight at the Stadium Arena, Sweden, Nov 28th  This 'Battle of the Norse Giants' sees the 'Game... https://t.co/xMZCBLhH53",positive,1
3061,679031249252421633,"Just posted my video from my trip to Milan for the MTV EMAs back in October. It's pretty cool. I mean, I'd watch... https://t.co/WVvbzS89qC",positive,1
808,622819444344143872,Incredible performance from Paul Dunne ! What a feeling walking up the 18th at St. Andrews as leader must be! #TheOpen,positive,1
1701,676257185760870400,I have @Twiligh55096984 hearts warming eve gift is done I will give it to twilight on Monday,positive,1
7042,676468350814416896,"So I may be a little to old to be playing this Kim Kardashian game, but it is fun ! @KimKardashian",positive,1
1638,623907740621086721,@KensingtonRoyal Happy 2nd Birthday to Prince George! Hope he has a fantastic day!,positive,1
2324,638095524026032129,If anyone wants to go see Paul McCartney in concert with me on Oct 13 you would literally make my entire life :)))))),positive,1
2749,681209564277129216,I am Painset shimmercakes unchanged demigod of the frieks  I want power and revenge against twilight and sun butt,negative,0
5828,639593486526881792,"@tinkerbelle3257 Oh its ok, I follow a ton of updates from Big Brother so I will see it tomorrow",positive,1
2067,641219233435754496,Just reading this review proves that the Foo Fighters simply rocked Milton Keynes!  https://t.co/YB2Gx2XaFT,positive,1
1838,640574631024427008,Happy to see the Patriots stick to the 'Wednesday' tradition of not just Tom Brady talking but food for the media #pizzaday,positive,1
6839,640443665765277696,Yippee! and today we get to celebrate (belated) our 10th Wedding anniversary. The Foo Fighters tonight!!! with... http://t.co/6jqXYICh7h,positive,1
5321,630120813765750786,Kris Bryant blasts a home run to deep left center! Bryant's 15th home run of the season. #Cubs #LetsGo,positive,1
177,640587200627875840,"Red Sox have the 3rd highest average attendance in the AL, and that's with the smallest ballpark. Only behind LAA and NYY",positive,1
2121,627787138004873216,Unexpected development-- saw Ant-Man on Saturday night in London. It was surprisingly charming. I actually quite enjoyed it.,positive,1
5716,627322144683368448,You can sell your soul to the devil but your ass belongs to Brock Lesnar..@HeymanHustle...may just be the greatest ever to pick up a mic,positive,1
6992,636600599631499265,Happy 30th Birthday to David Price! He is 3-0 with a 1.78 ERA in 4 starts with the #BlueJays. http://t.co/2zEqinjqZd,positive,1
984,620744694813687808,@KFROGRadio so glad I was the grand prize winner to see Zac Brown Band I can't wait til October :),positive,1
2398,636420850846179328,hel o kids on Thursday please be ready to hear the John cena theme every time I enter a room,positive,1
6227,631055980164329473,This died between Rousey and Mayweather; c'mon -- y'all athletes at the best in your sport. Rousey would win though. Can you say #WomenUnite,positive,1
5084,679554913764950018,I remember when I was so obsessed with twilight during the summer before I went to 4th grade I watched it everyday and night,positive,1
7116,635141372610244609,"Amazing!! 10,000 people in attendance at the Religious Freedom Rally at the KY State Capitol! May we stand as Christians for America!!",positive,1
3494,638187064454987776,Just did the math and realized that I get to see David Price pitch live next Sunday. Cool! #BlueJays,positive,1
6245,638792940110921728,Been invited to Milan for a weekend at the end of Sept...Won't mind if I do.,positive,1
213,638813358389653508,"@KhasanB84 My dream is to meet Katy Perry, on 6 October in Chile, please help to keep it, will only be a few minutes, just a photo ..",positive,1
2893,620757698456371200,"Ok, I remember where I was when Josh Hamilton had the massive 1st round, etc in '08---and hats off to @FlavaFraz21 bcuz that was Epic also!!",positive,1
3110,640109084423749632,I'll get up before the sun for only a select few people. Ed Sheeran is definitely one of them. #concertday,positive,1
6926,631448793658073088,Praying Frank Ocean releases his album tomorrow just to soften the blow,positive,1
4502,634844473525014528,"Terry Collins: ""We are certainly right now ... expecting [David Wright] to be here Monday."" That means the series opener in Philadelphia.",positive,1
5861,640744251924480000,@Pontifex Happy Birthday Pope Francis! May the almighty God bless you always and keep you strong for all Christians!,positive,1
1415,670643398290898944,@TheVampsJames can you wish me good luck for Wednesday?  I have exam #MTVStars The Vamps #VampsAlbumOutNow,positive,1
3867,638144857010249728,2nd day in New York and I found great deals on authentic Gucci and Louis Vuitton wallets both sold on street corners by nice foreign fellows,positive,1
4264,639329362601484288,@uzmakhan_says wishes to all men &amp; women follow the true path of Islam. May Allah Guide us. Ameen,positive,1
6486,635516563785846784,"@atu2comSherry My view on Friday, looks like we had the exact seats this weekend, I guess great U2 fans think alike! http://t.co/m4A08kt35Q",positive,1
5186,636257429836169216,@AsifaLahore go and be their 5th member your a bitch like them anyway Islam is the best religion in the world,positive,1
1646,635833344354353153,Going to be such a nice sight to see David Wright standing at 3rd base tonight.,positive,1
5667,672159182242619393,"The Vamps sang Rest Your Love, CWD, Cheater, STY, Last Night, I Found A Girl and Wake Up at The Sun gig tonight!",positive,1
5520,663953551811592192,"I'll give you a hint, you wanna play it but you think it'll be too hard. ""OH OH OH PRAISE THE SUN."" ""Yes, Dark Souls.""",positive,1
6207,641385640718897152,"I guess you could say that I have the Red Sox bug after Friday's game, so naturally I'm looking at season tickets...even though I'm broke",positive,1
4684,640820016821178368,Lovely overhead (coronal) #auroraborealis seen the night of September 6 at Fairbanks Alaska by M. Murray! http://t.co/ZliVjYjhHF,positive,1
2283,678592325400920065,Today's the day! The sun is shining! It is Star Wars Day my friends!,positive,1
727,639252274343243776,@linganorefb Must be time for a Linemans feast! At Dunkin at closing to feed the team tomorrow! #LancerFamily http://t.co/iC9WH8iVhF,positive,1
6641,641203840851644421,"Yoga teachers... are you ready?? @TeenYogaUK Freshers... are you ready?? @TheSUatUWE #YogaGirlsCan lands tomorrow, join us for FREE Yoga!",positive,1
736,634836416212664320,Congrats to @JohnCena on his 500th @MakeAWish. On Sunday he grants his 501st when he lets Seth Rollins pretend to be a main eventer #Kayfabe,positive,1
5041,626781260053151744,I hope the Oct 3 special from Madison Square Garden (feat. Brock Lesnar) is broadcast on the Network... 'cause this guy has ringside seats.,positive,1
5305,632541049483825152,"I'm happy to see them both take a stand. Sometimes the ""Oh C'mon!"" cry from other Christians is what's needed to... http://t.co/uBehpHOy9V",positive,1
5140,626590473050832896,Yooooo I'm taking all of the donuts Dunkin has tomorrow. Free inhabitant yo https://t.co/SABzJPG7v9,positive,1
901,626075047388663808,"Hulk Hogan with a homophobic slur now? Can't wait to hear the ""Hitler had it right"" clip that'll play tomorrow.",positive,1
4557,636153976761806849,STING vs. Seth Rollins on September 20th for the World Title! Amazing! http://t.co/xoNwHr5Syx,positive,1
4403,640278596184051712,@MurrayBarnett thanks for hosting us Murray. Had a great time. Good luck for the cup. May the best team win. They usually do.,positive,1
3394,624319009412902913,"July 23rd is National Hot Dog Day, celebrate this day by biting into a delicious hotdog! #foodie #hotdog http://t.co/foyjgZsr7T",positive,1
3952,640217363682426880,@JClarkCSN @Tebowtime316 Really he is better than a many playing every year.For 3rd string he wants Tom Brady? Tim can win.,positive,1
3655,671695617203286016,Thank you @SoundCloud  for having black Friday by Kendrick Lamar,positive,1
4700,633522754357080064,@arlene_santana Nice I love it Arlene!! I think the good Friday movie characters Ice Cube &amp; Chris Tucker love it too! http://t.co/ztIuRx7K3w,positive,1
205,626249124220776448,"Watching Paper Towns tomorrow with my bestfriend, is it good ?",positive,1
5454,638525463489564672,First day was pretty Gucci!! Can't wait 4 tomorrow,positive,1
3318,636368888293232640,"RIP Bo Dallas, we hardly knew you. Loved this. WWE RAW,  Bo Dallas interrupt Brock Lesnar, Aug 24, 2015 https://t.co/bNn35BKKza via @YouTube",positive,1
6407,638207718470217729,Pretty sure Nicki's ass is the 8th wonder of the world,positive,1
1601,640962126060888064,Back to our normal schedule tomorrow! Get the kids to school and get yourself to YOGA!!!   9:15 -   Vinyasa... http://t.co/Td9PKvYQIh,positive,1
938,639591640974278656,I feel like the new Janet Jackson single is bringing back 90s R&amp;B. http://t.co/pjETzD0xQr via @pitchfork,positive,1
790,627126575771684865,I'm going to watching Mission Impossible: Rogue Nation and Paper Towns tomorrow. #stokedAF,positive,1
729,629669956544655360,"Vincent Enyeama celebrates 16th wedding anniversary with sweet words: Super Eagles goalkeeper, The post Vincen... http://t.co/73Jf7uq2wo",positive,1
3327,640602069594800128,Lol what is my life I'm wearing a kameez that was one of my Eid outfits in the 9th grade w a gharara from 10th grade,positive,1
259,627021404374855680,might as well go see Ant-Man for the 4th time again since its release..,positive,1
5733,626734711063248898,Happy almost weekend! Celebrate your Thursday with a nice cold chocolate nirvana at $1 off!,positive,1
89,640639834432913409,U2 concerts in Ireland at the end of November possibly?! YESSS! Hope I get tickets! Stuff of dreams to see U2 live. Heroes.,positive,1
3387,639173112270073856,The future looks bright for the Red Sox.  https://t.co/PYqeLPEHkg,positive,1
1096,641310071524360193,"It's good to kno the NFL season starts Thursday, so we can hear about other teams other then Tom Brady an the Pats! #iDontCareIfTheyCheated",positive,1
150,637759762353012736,"Gay sex may be a sin, but who are we to judge? How does it affect us? Let God be the judge. Don't tell me you've never sinned... #hypocrites",positive,1
801,627286836503801856,"SNAP!: ANT-MAN Even with this being my 2nd time seeing it, Ant-Man still blew me away. Best solo Marvel film yet. #Truth",positive,1
5821,640058368401391616,Nicki came from Dubai today so she can perform with Beyonce tomorrow. Feeling myself and Flawless remix.I'm not ready http://t.co/SsM1bi8Iz7,positive,1
5957,633646886478438401,"emI Am Cait/em, the E! Entertainment reality show about Caitlyn Jenner, premieres Sunday night",positive,1
1631,626367103206080513,Cool for the summer Good for you Lean on  Bad Blood See you again  https://t.co/CeLm6ttJen,positive,1
3635,675795790007304193,"If I could make the Logic and Future shows in March and a Kendrick show, I'd be content.",positive,1
5579,635676879035346944,"David Wright returns to the Mets lineup tomorrow for three games. Time to get hype! Welcome back, Cap!",positive,1
5932,637991799743729665,Sebastian's going to be hanging out with Shawn in October.. They better take lots of pictures together,positive,1
6728,640594079860944896,Yoga class! Wed at 7pm! Healing Arts Collective in Philadelphia - check the link for details https://t.co/m8ZqUAph7S,positive,1
2229,620894187769188352,Wishing the best for the new Service Chiefs.  May they find wisdom and knowledge to fight Boko Haram #GodBlessNigeria,positive,1
496,630264236380327937,David Price continues his dominance with Toronto Blue Jays: After a dominant Toronto Blue Jays debut on Monday... http://t.co/QLeFiHgbPB,positive,1
2867,629414208954888192,@StaggerLee30 Well worth looking into Chris; think you may like their stuff. (Paul McCartney was a big fan btw.),positive,1
2002,624276240858525697,Fuck yes Calibraska is out tomorrow  do you hear me screaming ! #CalibraskaEP,positive,1
3241,623770324874711040,Thursday is NATIONAL HOT DOG DAY! Our excitement is beyond words!!! Come celebrate with us tomorrow!,positive,1
1387,680000921322041344,Happy birthday Stephanie Meyer!! May you have a Merry Christmas by Twilight!,positive,1
2928,636176863472320512,"Monday was a great sign for David Wright. But if he stumbles, he's willing to take a backseat: http://t.co/Z7okgykZ2O http://t.co/VOqkrYDs7G",positive,1
3748,671356803628720130,"Life Groups tonight in host homes, 6:30-8:30. 7-8th @ Gaston's, 9-10th @ Curtis' and 11-12th @ Gavan's house. See you there! :)",positive,1
221,681216845282697217,I just had the best 3rd date ever Hate how before this thing takes off properly I'm gonna be going back to Milan,positive,1
5092,676886283399143425,Why do I feel like i'm falling in love with Kendrick for a 3rd time? This is weird. The dude just seems so happy and finally at peace.,positive,1
3819,640207313555423233,@JanetJackson Good Morning Janet Jackson Happy Saturday to you HI I am a huge fan of you how are you doing have a good weekend and Happy,positive,1
3839,639310716000825348,tmh change my mind when Niall waved at my section was the 2nd best day of my life after otra when I heard through the dark live,positive,1
6355,675793787768184833,We've got 3 more days till the end! Lets keep our 1st place and win #MTVStars Lady Gaga,positive,1
6735,633735923440594944,Last day closing at Dunkin. Tomorrow is my actual last day. Thank god.,positive,1
7004,678463739742560256,Really hoping Kendrick's next album has at least 10 tracks where he snaps like he did on his black friday freestyle,positive,1
5525,633377636765425664,Holy shit my brother is the coolest 7th grader in the entire world. He literally defended Caitlyn Jenner in front of his entire class...,positive,1
4157,630218734993567744,John Kasich seems well balanced and sensible compared to the rest at Thursday night's debate. I say @JohnKasich won.,positive,1
3683,663070390177034240,"lots of studying to do tomorrow so goodnight I love all you kiddos &amp; my sunshines hayley atwell, chris evans &amp; seb stan x",positive,1
7126,640273917517647872,@RedSox unbelievable bottom of the 4th! Let go Red Sox! 496 Ortiz! http://t.co/4oS98ehYAH,positive,1
7015,636477463657381888,@jeanetteCc123 Hi Jeanette just sitting having a coffee. Sunny day in the NE so far hope it is with you. Off to see Paper Towns tomorrow.,positive,1
987,623843673986494464,"Some good news some of the time: teenager finds pics of Nirvana's first gig, world rejoices http://t.co/578e2LzO8K",positive,1
5910,679219489041342464,@ELLEmagazine  go kim go kim go merry christmas kim kardashian may your god be with you with love peace happiness,positive,1
4268,638267335862820864,Awesome veggie Sunday lunch at the Prince George in Brighton. A great little pub! http://t.co/7i9ceNx3Er,positive,1
2247,637972104487436288,"My Saturday night in Milan? Working, online coaching @ http://t.co/W17MGg0M2r  ""Love your job and you'll never... http://t.co/eYl2Qq1FuD",positive,1
2839,620435978201632769,we want the 9th crown for USA and especially enjoys every moment you lived as Miss USA.,positive,1
5581,680445112703291393,@ILNewsFlash Thank you Israel! We love you &amp; God loves you. May He bless you &amp; keep you!,positive,1
5245,681714562291351552,"Your girl is going to see Justin Bieber in March!!This by far is the best Christmas gift ever, thank you @OVOreyes22 https://t.co/n4FVj5Fwc4",positive,1
5473,622790521757532160,It's National Ice Cream Day see you tomorrow Instagram.,positive,1
1065,675048178924822529,Better be with Kendrick Lamar https://t.co/Q8PkITPnUo,positive,1
4651,637995167715303424,"Just got word from peacecamp that george osborne is going to be at faslane tomorrow, show up tomorrow 7am and give him a piece of your mind",positive,1
3885,622622913867444224,Good Sunday morning...and welcome to National Ice Cream Day!  Warren says there is a lot to talk about between 6 &amp; 8. http://t.co/cf3n1nvPOg,positive,1
1949,639579436048883713,"Everyone I know is going to the Ed Sheeran concert on September 25th, I can actually meet up with people at the concert I'M SO HAPPY",positive,1
442,633040641686114304,"I'll see Paper Towns tomorrow with some friends, can't wait",positive,1
2380,675622533320876032,"Kendrick Lamar's Black Friday verse was Lit.  Too lyrical and poetic,  I have it on repeat infact Threepeat.  JCole was good too though",positive,1
6441,621371407897894914,"With flashes of flesh and impressive resumes, Miss USA was crowned Sunday, after the pageant was shunned by major networks following",positive,1
140,631478560587431936,"This December 12th card is going to be loaded - Im hoping we get Rousey - Tate, and maybe Fedor's return, along with Conor - Aldo #UFC",positive,1
1240,638725987224715264,@foofighters tickets finally arrived for Foo Fighters at MK bowl on Saturday night. Tickets are a treat from the wife for my 40th Birthday,positive,1
3830,638598572196237316,WWE Fans glad thank you @StephMcMahon @WWEUniverse  Sting vs. Seth Rollins John Cena vs. Seth Rollins  Good Luck Sunday Sept 20!,positive,1
2211,673221317995470848,"Today's a good day for mixed martial arts fans.&amp;#160; UFC president Dana White said on ESPN's ""Mike &amp;#38;&amp;#160;Mike"" radio show Thursday",positive,1
930,622818480316915712,What a round for Paul Dunne.  Rooting for the young Irishman amateur hard tomorrow.,positive,1
227,640493031775449088,Superb interview with Iron Maiden's Bruce Dickinson by @guardianmusic   http://t.co/vhFbCpp6ME?,positive,1
1422,640405101421576192,@TimWelcomed Since there is a WWE Games group now on PS4 its a definite on PS4. May not even get it on x1 anymore now tbh.,positive,1
4248,641351900730802176,Kane with a brilliant finish tonight as England win 2-0 . let's hope he takes his performance into the game on Sunday http://t.co/S6GPyhbC3N,positive,1
591,624031808234106880,calibraska is going number one tomorrow or I'm suing. jack and jack deserve it so much.,positive,1
310,635211878327840768,knowing that we are going to see Zac Brown Band tomorrow is the only thing keeping me going today. #drained,positive,1
419,635960243093139457,David Wright sits out most of the year. Hits a home run 428 feet in 1st AB. UNREAL,positive,1
6529,627821820012548096,Great op-ed on millennials hardship vs baby boomer nirvana - Let's give all the op-ed writers a trophy!  http://t.co/11Xexfdf83 #WoeIsMe,positive,1
3408,636262361775648768,The only good thing about today was the guy at dunkin telling me this morning that they'd have pumpkin coffee tomorrow...,positive,1
3891,622102119269703680,I Like Iron Maiden (Rampe) racing tomorrow in the last heat at 280m Best of luck. Lets cheers him little bit!... http://t.co/ovv4zbjBuw,positive,1
6798,681726189971582977,@13millionplus @chrislhayes Going to see The Big Short tomorrow(so excited) &amp; have started re-reading Twilight of the Elites.,positive,1
6482,639451035141054465,I cant take it any more im so excited for SUNDAY NIGHT JOHN CENA IN THE SMASH DOWN OF HIS LIFE!!,positive,1
7068,630465687270596608,"Frank Gifford not only had a terrific career in Football, but he was also one of the pioneers of Monday Night... http://t.co/Ua2GR6zJ7x",positive,1
4868,637405952111718400,"David Wright gets loud welcome before 1st plate appearance at Citi Field since 4/14. Bats with 1 aboard. #Mets 0, #RedSox 0, bot 1, 2 outs",positive,1
6454,639460783932309504,"New Janet Jackson music is just 29 days away! To the delight of fans everywhere, the singer announced Thursday... http://t.co/luVVzcM8hz",positive,1
3497,630870254655303680,@scrowder Came here from your Caitlyn Jenner article from June 1st. Totally agreed with you on it and other issues. Being PC goes too far.,positive,1
6842,640148723390132224,@SentleL You played a Janet Jackson joint around 2am on Thursday NIght/Friday morning. No verses. Almost just an instrumental loop.,positive,1
4334,637052124472451072,"Alright, give me Seth Rollins, and give me the Dudle8y Boyz. C'mon, let's see them. #SmackDown",positive,1
4468,663894385625595904,"@Thor_of_Asgard1 ""I'll tryeth to Thor, but at this rate we may as well goeth to a restaurant."" he looks at the time and smiles ""we're +",positive,1
4886,635624508062351360,"I may pay for the WWE Network, that's how happy I am about John Cena getting owned by the Daily Show guy.",positive,1
3018,622156727522340864,We met @aleissacara at our 1st Eat to the Beat event at @LIVE1015 &amp; love her cover of Bad Blood by @taylorswift13 #FF http://t.co/xr7bZfOvGr,positive,1
5336,632758625640030208,Playin Dead Island with Iron Maiden blarin thru the speakers....good Saturday :),positive,1
2105,680450748023373824,I got Justin Bieber tickets for Christmas I'm crying I have wanted this since the 7th grade,positive,1
4046,628437368664526852,Hey Steve. Texas may have signed Beltre and Toronto signed David Price. But that left Cespedes for the rest of us!! Happy Festaviss New york,positive,1
2838,628560206776111108,"im going to see Paper Towns, im going shopping again, and school starts tomorrow....",positive,1
6030,638324877221609472,"Kanye West, greatest human on earth, announced Sunday that he will be running for president of the United States... http://t.co/aNuodVf0Be",positive,1
2203,622546881722359808,@SI_MaggieGray TKaMB is her favorite book and Atticus is (was) her favorite literary character. I hear Comes a Watchman was the 1st book,positive,1
119,622811313614520321,It's National Ice Cream Day? I may have to do something about that...,positive,1
521,639496056049430528,The Foo Fighters are playing The MK Bowl this weekend. Did you see Bowie or MJ at the bowl? Planning a mini feature for my Saturday Show x,positive,1
2302,631025691065069568,"90% of Muslims may be good individually. But, in a mob, 95%of Muslims are just fanatic idiots. http://t.co/iXnyJs8HZ5",negative,0
6329,630822206897938433,"I can't even remotely believe that I'm going to see Sam Smith in person, with my own two eyes, this Friday.",positive,1
882,638897164165492740,After sitting 13 rows back from 3rd base I have to say... I fell in love with David Wright's ass tonight,positive,1
2920,638193437137858560,That 2 1/2 hours makes the whole Janet Jackson thing seem like CBS Sunday Morning. #VMAs,positive,1
2542,635249862573867008,Dave Grohl I may not be in the cities with you singing word for word to Foo Fighters songs right now but I'm there with you in spirit.,positive,1
3410,641063174209466368,"If I see anyone I know tomorrow at school, I'm just gonna run up to them and yell ""JOHN CENA""",positive,1
5848,640500508348682244,"Yoga, the sunrise and a nice long run easy Sunday morning",positive,1
4307,638928751250800640,@TammyWesolowski .My wish to convey Islam message to everyone. Allah may help you to understand real relegation that is ISLAM. Safe ur self.,positive,1
6624,632663620128739328,"Sat alone downstairs in the dark with Sam smith on, might grab myself a beer or vodka as well. Living life to the maxxxxx",positive,1
7051,625729349589803008,"Okay, I forgive the makers of Ant-Man for omitting Jan Pym. It's a funny, exciting, heist film with a lot of honor to dads. Go see it.",positive,1
3005,623176799774765056,Celebrate 3rd Day of  Eid Transmission With Dj Tariq &amp; Dj Adeel 10:00 Pm To 12:00 Mn Enjoy with FM 101 HApPy EiD... http://t.co/ZoryXFhEDZ,positive,1
1608,623893627886940160,8 yrs since Harry Potter and the Deathly Hallows came out and Prince George's 2nd Birthday is today #HarryPotter #HappyBirthdayPrinceGeorge,positive,1
1704,635287647796137984,@dantencer mvp mvp. 11 pitchs and the 6th pitch to stay alive. He is going to get paid bigtime.and david price wow,positive,1
6205,632985748640301056,Looks like Dustin Johnson won't be winning the pga championship after shooting an 8 on the 1st hole. #choke#PGAChampionship,negative,0
733,639167797436809216,"This the 4th time someone said I look like Janet Jackson , lol",positive,1
7092,637094840484929540,Tonight's Final: 4-2!!!!  White Sox win their 60th of the season. Rodon wins his 6th! http://t.co/o28xqw4Osn,positive,1
5522,624054320942612480,such a good ending to SHARKNADO 3!  YOU DECIDE BY TWITTER HASHTAG IF APRIL LIVES OR DIES!  the answer will be... http://t.co/9xIQwd7afq,positive,1
2021,627797468361703424,Oh look. There's TWRP for the Moto G 3rd Gen already.,positive,1
4180,636870472685232132,Spontaneous trip to see Ed Sheeran tomorrow may be on the cards,positive,1
6199,630909544445546496,Monday night raw!!!!!! #RAW @WWEUniverse it's great.. want Randy Orton to win...,positive,1
64,639774386380140547,Obagoal cheers Eagles to victory: Former Super Eagles striker Obafemi Martins is of the opinion that Sunday ... http://t.co/2UIECAubiV,positive,1
2930,640870244811173888,Excited to move &amp; sweat at the #Dance Yoga workshop this Sat https://t.co/p29i9SW0Qi Are you coming? #yoga #London http://t.co/UxZH405ZiA,positive,1
4662,629870864436207616,Somehow I was able to enjoy the 2nd half of Ant-Man in spite of my gleeful anticipation about all the Ant-Lamb jokes I couldn't wait to make,positive,1
3498,630261641335058432,Carly Fiorina 2nd amendment is about your God-given right to self-preservation and fail safe against tyranny http://t.co/0ellOAi5Lg,positive,1
3469,676238931990548480,Good night everypony! May Twilight give you nightmares from her newfound power! #MLPFiM #brony https://t.co/9lnc2fuD0f,positive,1
4639,633697440521019392,"Tuesday's off are the BEST cause I get to catch up on Big Brother, Bachelor in Paradise, and SYTYCD. #YAS",positive,1
2413,634092836871372800,Glass of wine and some Sam Smith as we take in the beauty of Santorini. #traveldiaries #30th #bdayvaycay http://t.co/k8IADtex7H,positive,1
2708,639957484279582720,Kanye West and dirty martinis. I love you #Friday,positive,1
2154,638764063632326656,"I genuinely believed that De Gea would be a Real Madrid player on the 1 September. But good for us, we finally got one over Madrid  #MUFC",positive,1
5954,623891690760310785,"Save the date, August 23 2015, #SummerSlam main event, The Undertaker Vs. Brock Lesnar..Gonna be EPIC..#WWE",positive,1
3132,665818243488026625,Aye we're on the 15th spot! Keep on voting Vamily!  #MTVStars The Vamps https://t.co/D2BJtPxAff,positive,1
991,638714859803115520,"Good night ^^  Swimming classes tomorrow and still my body... Yeah goodbye t'all of you. Good bye Kpop, bias, friends (if I have some)  Bye",positive,1
6966,641480296525729792,@savesnjh I got inspiration from Niall in the 2nd outfit bc all he wears is a stripped shirt &amp; black pants ok,positive,1
3935,641038763406282753,@SkySportsTennis the later i stay up the better...c'mon Murray!,positive,1
4491,675541346858438656,@wendymau6 @DorisKing4 @RumorFix @vgunvalson I feel next season may be better for Vicki if Briana is on #RHOC with adorable boys. #positive,positive,1
5612,676041397053558785,The sound of #Sunday with Bee Gees - Alive https://t.co/CvHFOMO1tN #webradio #internetradio,positive,1
553,623603599143112704,WOW! @taylorswift13's Bad Blood is #1 at Pop Radio for the 5th week.,positive,1
5945,638875945672294400,@VaughnGreene44 hey you better have no plans for Sep 13th!! That's when Shawn and I's comp is in Statesboro!!,positive,1
454,637136913141370880,"This may come up as offensive but I  done lying to myself. Islam's aim is to spread peace. No denying, it has so much reason in its message.",positive,1
6222,640030004131295232,I remember when haterade by Nicki pharrell and Gucci was my ringtone in the 4th grade,positive,1
2935,680158660295798784,Been blasting Justin bieber all day to hint to my mother she still has time to go online and buy me tickets to unwrap tomorrow morning...,positive,1
3358,640331248767008769,Let's go for YOGA!   Every Sunday morning 9:00 - 10:00 at Buddha Mind Monastery!  Free &amp; open to the public. http://t.co/YAdm7wpasl,positive,1
2048,640963924922339329,I'm going to see Paper Towns again tomorrow with a friend yay,positive,1
1730,639964523718418432,"But it was time for Paul Burrell to bid farewell to the Celebrity Big Brother house on Friday night, though in... http://t.co/oVOqN29DOK",positive,1
2798,637758945688424449,"last saturday before school starts and I'm gonna spend it in bed with Netflix, dunkin and midol :)))))",positive,1
1270,641053603571044352,Superb from Anderson. Good fight from Murray as always. 2nd serve just ain't strong enough imo.,positive,1
3453,633951724923944960,"@absoluteradio Havn't heard it for ages; SLIVER - Nirvana; 1st Nirvana tune I heard, &amp; 'danced' to, in a Sheff. 'club - &amp; still a great tune",positive,1
3220,681652113441595393,"With love in my heart for the fathers in Israel, may I suggest 10 specific ways that fathers can give spiritual... https://t.co/bMXSFo6gpY",positive,1
5277,633127161591898112,@anamariecox This group is going to have a pretty awesome anti Scott Walker t-shirt for sale tomorrow! http://t.co/hsoMQY3mEq,positive,1
269,622822918964314112,"Paul Dunne had some day today at St.Andrews... Brilliant achievement so far for an amateur, be great to see him stay in touch tomorrow.",positive,1
6885,639624846314307584,I loved U2 last album the song sleep like a baby tonight was my favorite  https://t.co/GZZeVIZesh,positive,1
1461,641506881706553344,@GFMGFY This was at the Foo Fighters gig on Sunday night. He was a persistent little *****er. Love that derby skills are transferable! ;),positive,1
225,630580954147348480,Al Michaels said he never saw Frank Gifford lose his cool in 12 yrs working alongside him. Poised amid TV madness https://t.co/uvBolxzwW6,positive,1
2172,625559663610867712,@mabasalamah w assalaam. It was my 1st Eid away from family. I hope you had a nice Eid and all family are good. Happy Eid to you too. Thanks,positive,1
3205,638038573644550144,Diggin the Blue Jays' Canada jerseys. Would be cool if they wore them every Sunday home game like the White Sox do with their retros.,positive,1
4103,635947101566935041,"Y'all try to be nice and deceiving the way Nia Long was about her friend in Friday who ""looks like Janet Jackson""",positive,1
1889,638168313198080001,What I love most about this is that every hag will be on DCUM tomorrow talking a t how trashy Nicki or Bey is. When clearly...#VMAs,positive,1
3035,638427549266276352,Kanye West was honored with the Video Vanguard Award on Sunday night and a surprising star presented the rapper with the award -- Taylor,positive,1
2862,638847679720591360,"Spain Is Winning the Gay Tourist Dollar War: Spain may not have London or Paris, but its friendly culture and ... http://t.co/6J93THb9PT",positive,1
3286,632559411886624768,"Agree. Celebrate it like Diwali, Eid and Christmas.  https://t.co/r4JkNsJJjO",positive,1
4828,640983068124315648,Nicki better release a raunchy vid for trini Dem girls so it can get her 1st grammy,positive,1
7073,641238725285019648,Red Sox game at Fenway tonight then checking out this Boston Steelers bar Thursday. It's like sports Christmas week.,positive,1
2036,639897886998839297,@Dutchelevation Time for the europeans to enjoy U2 sitting on the couch on a friday evening :-),positive,1
2925,624307631197270022,"Today is National Hot Dog day but to me it's so much more.  It's a combo of Hanukkah, Christmas, my birthday (Sept. 1), and even 4th of July",positive,1
2901,630522623622008832,Sending my sincere prayers &amp; condolences to the Gifford family on Frank Gifford's passing. May he rest in peace.,positive,1
6053,667364287862542336,"Cate Blanchett Sighting: New York, New York/ 8th Annual Museum of Modern Art Film Benefit, honoring the actress https://t.co/AXElLrqRmU",positive,1
1707,637698249059491840,Happy Saturday! Check out my cover of Ed Sheeran's Photograph if you haven't heard it already and look out for a... http://t.co/l30j6P0qSz,positive,1
4183,623953432911724544,"Tomorrow is National Hot Dog Day! At 1 PM tomorrow, meet us in the 1st floor lobby for a delicious lunch treat! http://t.co/aqXhbajFll",positive,1
6084,671370942757605376,https://t.co/R7p5nJ5AWR Check out our Super Paint Party on TFI Friday with @ronniewood &amp; presenter Chris Evans! #TFIFriday,positive,1
6024,620761166688727040,@madwags definitely wish we were reading together and enjoying a cup of tea!! @SchulerBooks BTW have you read the 1st chapter of Watchman?,positive,1
1180,640775637687488512,Iron Maiden are the only known cure to Monday.,positive,1
68,641196531891216384,I'm going to see the Foo Fighters tonight in Edinburgh! I expect to be 10% a better human being tomorrow morning!... http://t.co/9wjmWY1zld,positive,1
3779,640746566941310976,@LornaDelRay haha miss you too. And I may have to come to Murray sometime soon and show you guys how to party. Lol,positive,1
936,635266768798220289,"In the history of Tae Kwon Do, Chuck Norris was the first person from the West to be ranked a 8th Degree Black Belt Grand Master.",positive,1
1592,631151928626384896,everyone wore their nirvana shirts yesterday n last week friday im wearing mine 2day keepin it goin !!!,positive,1
7090,622056816025796608,National Hot Dog Day is coming up on July 23rd! Be one of the first 300 customers on Thursday July 23rd and get a... http://t.co/d1FarptWoO,positive,1
6601,622816269474111488,Paul dunne holding his own. Exciting day of golf planned for tomorrow #TheOpen2015,positive,1
3108,639236680751448064,Just take me back to Saturday when Jason aldean sang big green tractor because I fucking love that song and it was 17373X's better live,positive,1
3027,678172220770951168,@debraruh happy birthday Deb! May the year ahead bless you with health and happiness for you and your family. Hope Milan is sensational! Xxx,positive,1
2806,678224218090287104,the boys won the voting for #MTVStars!! Lady Gaga came 2nd!! -S,positive,1
5805,639797059214819328,"It's Friday, the sun is shining here in Newport, we have a long weekend ahead, and Tom Brady will be on the field... http://t.co/TfmrlVoSEp",positive,1
3596,626479889177296898,"It's official: FINALLY get to go see Ant-Man tomorrow!! First real day off in 2 months!! So stoked- NO SPOILERS, MARVEL NATION!!",positive,1
4888,639866955936210946,Caitlyn Jenner will appear on the Season 13 premiere of Ellen Tuesday. http://t.co/Qj9IhVThWL,positive,1
585,627590262160773121,It's the first of August and started off good with Ant-Man.,positive,1
3560,635260033194983424,This nigga in Friday look like the guy who played Ice Cube in Straight Outta Compton,positive,1
5673,622808788823842816,Paul dunne joint 1st in open. Brilliant golf from the amateur. #TheOpenChampionship,positive,1
4215,664867670827917312,@AtlantaFilming if you have any more info as to the location I would deeply appreciate it sir Thank you kindly re: Chris Evans on mon,positive,1
1154,641103963983622145,"@roelvillarreal3 @Marco_Salinas13 Tom Brady has 4 rings and the highest playoff win %, Big Ben has 2 rings and the 9th best playoff win %",positive,1
5173,621876089095352320,"So Calibraska which be fully released on the 24th! A whole week earlier, aren't we lucky!",positive,1
902,620422456474386432,"@mikemckinnon @CCJsask agreed, especially Friday night! I love Zac Brown Band and it will be the first time I see them live (:",positive,1
3773,630033249235009539,We could be seeing Celebrity Big Brother launch on the 23rd of August although no date has been confirmed #bbuk #cbb http://t.co/T4MgcAHmDy,positive,1
5057,675500788257542144,"@xOhaiGinna got me Dark Souls, boys and girls. Looks like we have tomorrow's game picked out for the stream.   You da best, Ginna!",positive,1
2599,677972222762352640,"I haven't seen Alan Partridge on TFI Friday yet, but I'm positive it's proof that he should host Top Gear AND TFI Friday over Chris Evans.",positive,1
6104,634941589433921537,Ice Cube's son was born. February 24th 1991. I was born February 19th 1993. he 24. im 22. we're Pisces. we're perfect for each other! really,positive,1
1583,625766186848878593,#wallofcow the box office won't measure the impact Paper Towns has had. I saw it again sunday and it holds up over time ;),positive,1
985,632985070278721536,Everyone desperate to see Paper Towns tomorrow - seen it!!! So good tho hope you all enjoy it if you haven't seen it already it's amazing,positive,1
3232,678855834173120512,"Buy and watch Just dance on @Youtube &amp; stream it on @Spotify , it's very close to be her 3rd Diamond single! #MTVBestOf2015 Lady Gaga",positive,1
5464,622837654816747520,so it's Day of The Dog today+tomorrow's National Ice Cream Day? who made mistake of not declaring both on same day plus free cones for dogs?,positive,1
1117,637194723162222593,Royal Blood have announced they're gonna be playing with Foo Fighters next Saturday! #FooFighters #MiltonKeynes,positive,1
4750,678657770426654720,Galliani confirmed that Boateng will join Milan. He'll be included in the team from 4th of January. #Milan,positive,1
1729,632762365340176384,"It's a Sunday; a day that a lot of Christians will go to congregate and worship God. Thought of the day,""... http://t.co/iG0dgohKtj",positive,1
605,629166655621328896,"I got 3 options on Friday   Suck it up and watch Fantastic Four  Watch Ant-Man, again   Or watch Mission Impossible:Rogue Mation",positive,1
5194,636576829009195012,"Last day of the best tour I've been on.  ""Bad Blood"" single @FALband / @victoryrecords single on Friday.  Life rules! http://t.co/5bmp8RYThq",positive,1
373,675114208112091136,Cate Blanchett May Star in Marvel's 'Thor: Ragnarok':  The award-winning actress is reportedly in the middle o... https://t.co/v24Ax0Ajhc,positive,1
6060,664739630894465024,May you all have a great Thor's day! #Asatru #awakenthenorth #vikingclan,positive,1
5633,629042156796145664,@BrothaNoompsey booo. You going to any games this weekend? David price on Saturday in the BX,positive,1
1679,677043123227357184,"It's STAR WARS DAY!!!  Ok technically it's tomorrow at 00:05, but when I next go to bed, a new Star Wars movie... https://t.co/tOzsA34ReX",positive,1
4057,624189413933891584,"Today, Thursday, is National Hot Dog Day and Vanilla Ice Cream Day!  Which would you rather go with?  Who wants... http://t.co/Pu2i1TPZxG",positive,1
1479,641595511078846464,Sam Smith is singing the song for the new James Bond. I think I may have fallen in love even more. #spectre #bond,positive,1
457,626786212225757184,Tonight come out for our WXTU promo! 7-8:30 you can win (2) tickets to see Jason Aldean on August 15th 2015!... http://t.co/xy1Qd4pNEd,positive,1
4066,636971119342391296,Burnin' it down- timeflies tuesday   100% better than Jason Aldean,positive,1
7008,620344813552951296,Officially Miss Denton USA and officially so excited for Miss USA tonight and for September to come already! http://t.co/0YKeHN4Bz3,positive,1
2160,627896516766625793,XTU will be in the house this Thursday Night giving away Jason Aldean tickets! http://t.co/3V6zccdSzx,positive,1
6052,631827171078639616,@kaayoooh @mhealy1972 @U2 @KevinS2U Pic was taken on May 30th of this year. Attended a U2 gig on the same day #surreal,positive,1
4205,625831362977624064,"Going to go watch the ""Paper Towns"" movie tomorrow. Excited! Have you guys seen it, yet? Is it good? I've never read the book before.",positive,1
3569,635159840080437248,A day without Zayn is like a year without sun https://t.co/vjZHNAAntr,positive,1
4125,635548450424229888,Kris Bryant 2nd homerun of the game #KBoom !!!,positive,1
3176,638325430743867392,Can't wait till 6pm tomorrow to come and the only recognised striker have is Kane for rest of season #TransferWindow #pullyourfingeroutlevy,positive,1
4726,637997570124414977,Hurry over to the @OldSchoolBagel in @Uptown23rd; they just played Marilyn Manson followed by Iron Maiden. Power Sunday!,positive,1
1157,631758203773030401,"@TheBackPage I thought your tribute to Frank Gifford was first class all around on Sunday. Thank you, Jason.",positive,1
3833,622942150548848640,"Good luck tp Irishman ""Paul Dunne"" in final round of the open tomorrow.  http://t.co/dIu41qzyNf http://t.co/7Wg40oiXwB",positive,1
2640,677609668064186368,We can't wait for Ira's In-Depth Workshop at the 19th Annual Georgia Organics Conference! Get your tickets today... https://t.co/q88XuLHH6f,positive,1
2573,641218537261019136,Win tickets to see Janet Jackson at the Air Canada Centre on September 15th! http://t.co/CJwcfgDjuL,positive,1
4971,640642729643388929,I want to go see Kanye West on the 25th!!,positive,1
3855,638228160832606208,Christians may act like the world because they are ignorant of who they are!   http://t.co/3uQEXvUtHC http://t.co/wMbqCfagSj,negative,0
5731,675521618957828096,"@mlp_Flaring Heh, that's my line. I'll post some @mlp_FriendGuard here tonight to protect it, then tomorrow we'll let Twilight inspect it.",positive,1
5626,674306319235416064,Can't wait for February Kendrick and Cole about to kill it,positive,1
6895,631849283529084928,@ShinSnipes Naruto of course. I'm on like my 6th damn time watching SAO it's just soooo damn good,positive,1
4401,677627568435109888,Trying to go watch Milan at least 3 times a season now may as well spend my money on something I will enjoy never know what round the corner,positive,1
2630,639463565003505664,Selling 1 extra ticket to Zac Brown Band in Toronto tomorrow!!!!! Mssg me if you want it :),positive,1
3767,637094092103553024,And that's gonna conclude my Live Tweeting Thursday with the Nirvana marathon. Thanks for tuning in! #LiveTweetingThursday,positive,1
6003,677952606665383936,"Not a fan of Chris Evans, but TFI Friday with Alan Partridge is very funny! Brian Adams was good to! Run Run Rudolph Chuck Berry , brill !!",positive,1
406,640579138689085440,"Riverside yoga on Race Street Pier was an awesome way to start my day. Going to get a long run in, and then it's Sunday Funday tonight.",positive,1
4497,636444940738781184,I may have only made 5 second eye contact with Niall but I feel like he understands me now,positive,1
6195,673854894156226560,"Welp I got 3/5 right for AOTY, Kendrick deserves it but it may come down to Taylor or The Weeknd",positive,1
920,672856031106637824,"Wondering how to spend this wet and windy Friday evening? Come and see the magnificent Cate Blanchett in Carol, showing at 7.45.",positive,1
3631,640593022665756673,"My column on why Tom Brady speaking Sunday did wonders for everyone, including himself. Onto the Steelers- WEEI |... http://t.co/gdX6BLGthx",positive,1
7058,638727140989607936,*Overhears a conversation about John Cena* ARE YOU READY FOR THIS SUNDAY NIGHT WHEB JOHN CENA DEFENDS HIS TITLE AT WWE SUUUUPPPEERRR SLAAAAM,positive,1
2143,635166608571301892,Gayathri Kumar. @gayathri_kumar3 Have you seen these handsome Katy Perry images? You may wonder: http://t.co/SL5Vvm0vwo,positive,1
5925,640540526689800196,"Happy 6th birthday to Murray who celebrates with us @Falkirkbairns today! We hope you, your friends and family enjoy your special day!",positive,1
5512,627015428221628416,Okay for sure going to go watch Southpaw and Paper Towns tomorrow,positive,1
876,638973576230629376,"Everyone is at different levels but you will always find something, even the tiniest thing in Islam that a family member who may not be",positive,1
2282,630553193206951936,"As some of you may know, I am a medium on top of my tarot reading. I had a great time in Prince George doing a... http://t.co/zb5STYA66H",positive,1
613,635585719734415362,The Foo Fighters rick rolling the westboro baptist church may be one of the greatest things I have ever seen,positive,1
6790,620704161928216576,@The_MaleBoss: Boko Haram will soon know the 'strength of our collective will' In Sha Allah. May God guide the new Service Chiefs!. Amin,positive,1
6677,676127768925626370,Sat in bed watching twilight cause I'm just that tucking cool right now!!,positive,1
2305,662490378138877952,Did you know that 'The Vamps' was Trending Topic on Thursday 5 for 6 hours in Belgium? https://t.co/uaIF8rYHzr #trndnl,positive,1
6325,676542174671052801,"@cameronTDE @kilIjack @EliteRapVids 2nd to Kendrick in terms of lyrics. If he was more well known and could get better production, his",positive,1
2052,633998093051150336,"Ahh Celebrity Big Brother, Strictly and X Factor love this time of the year https://t.co/OdEp15Y9ZV",positive,1
1054,635218945209929728,This is awesome!! Good for the Foo Fighters! https://t.co/tiYbclGZ5q,positive,1
5643,631663589007323136,Hallowed Be Thy Name by Iron Maiden may have the greatest lyrics ever written.,positive,1
6893,681733144307875841,"Chris Evans's attention will be on Top Gear which returns in early May with him at the helm, alongside German racing driver Sabine",positive,1
4834,631230402892435460,@rqui Hello Robin I will be in New York on oct 2 and I'm a cancer survisor as well as a post op transwoman lets talk about  Caitlyn Jenner,positive,1
5500,634513294431252481,"@Fengxii nobody takes away from Ice Cube because he wants to make a third Friday movie, he's earned it! Likewise, Knuckles.",positive,1
5133,664788256215670784,Delighted with this piece we secured for Hawes and Curtis... https://t.co/wVFYfEej2W,positive,1
4018,625808406994137088,Jason Aldean @Jason_Aldean  Epic night this past Saturday at the @RoseBowlStadium. Thank you Pasadena!!!!... http://t.co/Tnw4RNqs1G,positive,1
122,629034263686586368,@mongbow Happy birthday for tomorrow! May you get the naked Seth Rollins you've always wanted ;),positive,1
666,640223265147985921,"@jess_maij95 Awesome! It's very chilled here. Working till the 25th. Took my PS4 with me  :) however, I might go shark cage diving though.",positive,1
2129,633113494313955328,"Ice Cube ""Bye Felicia"" on #StraightOuttaCompton was waayy funnier then when he said it on Friday",positive,1
2149,637190311119187968,This may be the greatest internet video of all time. Randy Orton vs The Avengers - Age of RKO https://t.co/bK3ntcPqo0,positive,1
3420,638427356542148608,Everyone in my feminist studies class was team Nicki AND the Mitski tinydesk was released today WHAT A MONDAY !!!!,positive,1
7169,634805705896239104,I want to trade an Ant-Man fig for this Yellowjacket. All from @CollectorCorps June box. Tweet if interested http://t.co/ZCuajvPQoh,positive,1
4837,640280845559951361,"Cheer on your KC Royals tonight, because if they win, you win! 50% off tomorrow if they beat the White Sox tonight! Use promo code ROYALSPR",positive,1
3175,634802215698305025,"Foo Fighters are here TOMORROW! Join us for happy hour before the show at Gate 1 from 5-7pm.  $5 cocktails, $4 beer, $3 sodas/water",positive,1
5095,641031380940492800,"Ice cube is a genius tbf, didn't know he actually wrote the screenplay for Friday",positive,1
5719,635856882708672512,"Foo Fighters Rick Roll Westboro Baptist Church https://t.co/G3NVSXSc68 #NW it's not really a song or a loud monday, but it's amazing so ^^",positive,1
3464,637196348677226496,Katy Perry flaunts her incredible cleavage in striking tasselled dress at Broadway show: SHE may have been the... http://t.co/6WBdCPRvkc,positive,1
7062,639916296738611200,Just own the night  Like the fourth of july #MTVSummerStar Katy Perry,positive,1
2771,635927606349701125,It's good to see my man David Wright back in the lineup... Time to be a captain and lead us deep into October #mets #LGM,positive,1
4119,636610593848455168,I think some spurs may just be 0 betraying the abilities of Charlie Austin. We need a different option upfront. Too much like Kane #THFC,positive,1
6884,637460536083501056,"@wolfblitzer @CarlyFiorina  As Carly Fiorina is gaining in recent polls, she should have a spot in 2nd GOP debate.  http://t.co/VWSYX0PY7T",positive,1
6081,633498076309680128,When everyone's so excited about Lady A at the fair but you just saw The Zac Brown Band on Friday http://t.co/7cGqb9WPZ3,positive,1
5478,639026260887359489,Chuck Norris can tell the exact time of day to the second just by glancing at the sun.,positive,1
1335,633965093953253376,"the only thing i want for my birthday is books, films and tickets to sam smith when he's coming here in december:-((((",positive,1
1192,624535704647811072,Calibraska is 6th on the carts in Australia IM SO PROUD!!!!! #CalibraskaEP  @JackJackJohnson @jackgilinsky http://t.co/TL652I01zM,positive,1
6016,637699271752568832,"Can't wait for the release date of ""The Book of Souls"" on September 4. Iron maiden is one of my favorite bands. I hope it will be good",positive,1
3276,639171082520526848,"Just started getting into GIFs and I ""interviewed"" Janet Jackson about Nipplegate. Just jokes, y'all. http://t.co/dDt4x3RpwP",positive,1
6873,669043528211664896,Chris Evans is just absolutely gorgeous! What is your favourite Chris Evans Film? #Beforewegosa 27 November https://t.co/21GG8TK3r7,positive,1
6497,668100149453963264,@Official_NCFC looking better already now Curtis is sat on the bench,positive,1
5136,680642393046167552,Thank you to Brenda May Callander jp Peter tanya (I think) briana  zack Austin Andrew  and I'm thinking grandma... https://t.co/44O5xvolkn,positive,1
2633,624604418718085120,Prince George Smiles With Prince William in the Cutest New Photo Released Ahead of 2nd Birthday http://t.co/jvRhapw7T2 #celebrities,positive,1
4303,633951124509343745,"I'm going to see Ant-Man. Wednesday, 19 August 2015 at 14:00 in Newport - Spytty Park http://t.co/O1xx0OPqzb #Cineworld",positive,1
5086,634396151840530432,"Our Connect event is Sept 13. Come for worship, food &amp; connecting with Christians at #UWaterloo. All are welcome! https://t.co/M5KsaydHAZ",positive,1
120,626778235641139200,July 23 was National Hot Dog Day.  I'm all for celebrating but is this taking it too far? http://t.co/PAyWdJOZKv,positive,1
4842,660299646582046720,"What's nice about CY pitching tomorrow night, he won't lose focus like Ventura did after Thor singled. We can't go to a game 7 with YV",positive,1
3859,630612541954256896,"There's this scene in the 2nd season of naruto where sasuke says ""what's up ""and I laugh so hard every time",positive,1
4548,640527775200362496,Heading to the #RedSox game with my beautiful wife! Consecutive Sunday Red Sox games for this guy,positive,1
2738,624432989737459712,when you gotta wake up early tomorrow to go to Atlantic City but you know you're getting Dunkin so you just chillen,positive,1
5623,622957333530816512,Paul Dunne going to make history tomorrow #IrishEyesAreSmiling,positive,1
4413,623710235040026625,@IAmJericho looking forward to watching you in Sharknado 3 tomorrow night !!,positive,1
2451,624727077669896197,'Wrong one' is probably my favourite in Calibraska because Dublin is mentioned in it ?? #CalibraskaEP I can't wait to see them in November!,positive,1
530,632986702747865088,When you summer has been so wild that the highlight is going to see the Paper Towns tomorrow,positive,1
7125,678269444175454208,Selling Day for a Night Free Press Passes Ft. Kendrick Lamar. $40 for 2 day pass. Kendrick performs tomorrow at 9:30 p.m. Hmu if interested,positive,1
7014,680499812588892160,Here comes the sun du du du du Here comes the sun and I say... It's alright!  - by George Harrison,positive,1
1312,632970759971950592,Everyone saying the Chris Brown concert was great last night when we all know that the greatest concert is on Friday with Jason Aldean,positive,1
6945,662416602202300416,Chris Evans is like the sun. He's warm and he glows.,positive,1
3228,630774190015164420,i'm going to jason aldean thurs... i hate country music...,negative,0
368,639451095618596864,Congrats to Lina Boily! She just won 2 tickets to see Janet Jackson this Saturday in Grande Prairie. Buy yours here: http://t.co/hSJzltF0qT,positive,1
4360,637257665585016832,"@lookatnialler   That was Toronto I believe. I was about two feet to the left here, 4th row. When Niall threw himself to the floor, wow!",positive,1
403,638786955589849088,"Nothing better than a pump-up video to a @taylorswift13 song. ""Bad Blood"" coming to you at @TampaBayRowdies vs Cosmos on Sat. #MyMasterpiece",positive,1
4210,680188347730374658,Have all Merry Christmas with your love ones !!! Good Health and protection. May God Bless USA and Israel. https://t.co/EOs7LoeC3A,positive,1
3628,638179356695658496,"Nicki is so hot and out of all the fine qualities she has, her teeth just may be my fav one. Not her butt, but her teeth.",positive,1
2927,640798208784998400,Going to see Foo Fighters in Edinburgh tomorrow night but for now it's Madonna on Spotify shuffle.,positive,1
4532,634819218660175872,"Still can't believe there was a scene in Straight Outta Compton about Ice Cube writing Friday and saying, ""This script is funny!""",positive,1
6312,632065987613970432,@SoFLA4Lyf prolly Sunday. I feel like this movie will be crazy. You know the Ice Cube actor is actually Ice Cube's son?,positive,1
4728,677116351102771200,"Women vote in Saudi Arabia for first time!  ""Saturday's historic elections for municipal councils marked the... https://t.co/M644l6T8es",positive,1
1417,680329657162547201,"@macrocredit @Reagoikanya turns into Cupid in February, becomes the Easter Bunny and does short stints as Superman, Thor &amp; other characters",positive,1
5606,629906384054661120,Belting out the U2 classics on MTV because that my friends is how Saturday night should be #cantsingforshit,positive,1
5416,627582300671352832,Lavalantula is genuinely better than Pixels. I have laughed so may more times and not at it but with it. The guy from Sharknado showed up,positive,1
3126,620678986411167744,@Five_Guys ... AND the 23rd is National Hot Dog Day ;-),positive,1
13,624127997600116738,"Here's where to get a free hot dog tomorrow, on National Hot Dog day http://t.co/7f4DeqaFHX via @HPLifestyle",positive,1
1359,638851077400563712,Me: Jun I have a secret...  Jun: what is it?!  Me: well I'm actually...JOHN CENA!  Jun: oh my gawd...,positive,1
5328,639665447726661633,September 3rd. the day Camila and Niall hung out this day will go down in history kids,positive,1
1097,624264890115584000,"1st day after Eid Vacation.  Had a wonderful time all through. It was a bit raining in the evening, but enjoyed... http://t.co/VREQLuMKbf",positive,1
1279,677534284316590080,@DerTobio @Lt_Disco I second you. Not nearly as deep as Dark Souls (see the 3rd link in my profile's description),positive,1
155,640539297465012224,"Sam Smith - BBC Radio Theatre: Last Thursday, the one and only Sam Smith gave an incredible conce... http://t.co/AcKoWLsF71 ckdsradio.eu",positive,1
5388,635840906789318657,"fingers crossed for Paul McCartney at the FNC this October. Toronto is nice, but i'd like to avoid the border at all costs.",positive,1
2505,637874166385917952,@Mirna_elhelbawi I'll do the same in november :) budapest &amp; milan Enjoy a lot,positive,1
1773,623092310142754816,Good morning! It's Monday........again....:-)...Happy day after National Ice Cream Day...:-) http://t.co/9Qd7KKEChr,positive,1
1816,681672347175239680,Praying for my nephew and his church group headed to Israel tonight.  May God protect them. #tripofalifetime https://t.co/j02FwKK1oX,positive,1
6889,638141481232896000,I was watching Friday rn and Ice Cube uhh was pretty good looking if you ask me,positive,1
6663,634528973792407552,Tim Mahoney performs U2 with a full band tomorrow night at Pioneer Place! This is such an awesome concert.  There... http://t.co/YrIdF0Ncvq,positive,1
1016,623877185741398016,HAPPY 2ND BIRTHDAY TO PRINCE GEORGE aka the cutest little thing on the planet http://t.co/yL98AyAH1y,positive,1
3185,623636046933311488,"REMINDER: NATIONAL HOT DOG DAY - This Thursday, July 23 from 5-7pm on the Village Green. Grilled dogs with all the... http://t.co/sMKRjFxw8f",positive,1
564,640968588053098496,"2-run HR by Jackie Bradley Jr., Red Sox now up 7-2 over Toronto, what a 2nd half he has had",positive,1
3575,666417339915628544,&lt;Desiree&gt; The Royalton Riviera Cancun is very kid-friendly! Curtis just found out that he may not get to go on... https://t.co/6WpqMcNPqF,positive,1
85,638504533266579456,Fair warning to my 'non U2 followers' I will be tweeting and RT'ing heavily #U2Request between now and the end of Sep 1st. Mute if you want.,positive,1
6247,639686947242418176,"Early start today off to Birmingham, long day ahead with bit of travelling.. but hey Foo Fighters on Sunday! Weekend!!!",positive,1
220,623060895623716864,"Best of luck to Paul Dunne today as he tries to become  the 1st amateur to win ""The Open"" in 85 years!.. Also... http://t.co/jZhgjHObnO",positive,1
1209,675743341833777152,When Mr. David Bowie wrote this song I'll bet he took the rest of the day off.  HAPPY SATURDAY WORLD!  PLAY NICE!... https://t.co/ULCFhlwKiS,positive,1
6575,622935094819430400,":D Today is Sundae, July 19 and it's National Ice Cream Day! :D From classic vanilla to avocado (yes, it exists),... http://t.co/fOwnfJNXoX",positive,1
3548,629085701334790145,@WWENXT @BaronCorbinWWE I think that was faster win then the rousey fight on Saturday Night!,positive,1
7139,639612705771536384,I could go see Jason Aldean for free tomorrow... But I'm not even trying to give homeboy the wrong impression cause he's already aggravatin,positive,1
5456,639956456528314368,As good as David Price would have been imagine what the Yankees may have in Severino for the next 15-20 seasons... wow,positive,1
1671,623687635979079680,Hey @billengvall:  can't wait for Sharknado 3 tomorrow night! What is the name of your character?  Woo hoo!!  @SharknadoSyfy #GaryMartinHays,positive,1
4926,639540572760371200,"@SafariBold "" Welcome to Sunday service if you hope to someday serve us We got green in our eyes, follow my Erick Sermon..."" Kanye West",positive,1
3863,639259959578877952,I just can't wait for Ed Sheeran on Saturday,positive,1
5462,677891189241196544,Ok that's funny! What would DEMs say? And you can't use Kim Kardashian in the survey https://t.co/uUbntpocWR,positive,1
4887,635616681579126784,"If this is happening halfway through the show, John Cena is not winning his 16th world title! Rejoice! #Summerslam",positive,1
4585,625836101454925824,"If I can finish this final tonight, I'll be able to finally see Ant-Man tomorrow after work.",positive,1
5616,631317480544292864,THE ANTONIO FEIRCE just asked me to got to dunkin w him tomorrow ADLAKSJSKDH http://t.co/P2Z3jLKdBE,positive,1
2696,624247961816465408,"Sunday: National Ice Cream Day Tuesday: National Junk Food Day Thursday: National Hot Dog Day If the hashtags don't kill us, the food will",positive,1
4241,641368927646404608,"Dustin Pedroia returns to the Red Sox lineup...out since July 22nd...""Win every game the rest of the way we're in.""...A 29 game win streak?",positive,1
1828,635582180316479488,You may have seen this but John Cena has given his 500th Make a Wish gift for a kid. My hat is off to you Mr Cena http://t.co/5BHddNhQJR,positive,1
5494,679988634372706304,It's finally here: Star Wars Day in the Tracey household! I may be taking my excitement too far... https://t.co/QXNDhdktCr,positive,1
1844,623739595591544834,Ohhhhh the things I'd do for Dunkin donuts tomorrow morning.. @missssfox is there one near us,positive,1
6405,622881282113015808,"i love the gaul of george osborne writing an article for the guardian, grinning, giggling, dressed in a full suit on a sunday night",positive,1
5920,630792705837297664,"The instrumental versoin of ""4th of July"" in Paper Towns is one of the best things ever",positive,1
112,623309931152674820,VIP trip with Miss USA TN July 17 was awesome. Writing the book It's Christmas Again published by TATE was worth my journey. Order book now.,positive,1
6337,634794011232874496,It's #Friday and time for the #freakinweekend #fridayvibes #music  Janet Jackson - Got Til It's Gone (Dr. MaD Remix) https://t.co/QQTEmreSO8,positive,1
4988,630554383118434308,Remember Frank Gifford teaming with Dandy Don Meredith and Howard Cosell or Monday Night Football. That was CAN'T MISS TV.,positive,1
6777,623653752659177472,Tricking my mom into watching Sharknado and Sharknado 2: The Second One before the party tomorrow night #Sharknado3,positive,1
1450,639911308972978176,Tomorrow will be one year since I've seen/ met Shawn for the first time,positive,1
1703,639209355678642176,"Sunday Candy is a better song than U2 or Temper Trap have ever written. And it's a rapper and his live band, so,",positive,1
5735,667820736120156160,Did you know that 'Rahul Gandhi' was Trending Topic on Thursday 20 for 8 hours in Hyderabad? https://t.co/UJIte7E4H8 #trndnl,positive,1
4762,638452800075132928,@doggystyIecalum because my old account got suspended and than May 5th came around and Zayn followed me. Now I have 4.2K so thank you,positive,1
2183,637301705818939392,This may be the best thing ever...Play the Iron Maiden Video Game from Speed of Light Video. http://t.co/nCc30doE5y @IronMaiden This ROCKS!,positive,1
1061,640939770433003520,The Sting becomes the knew world champion on Monday night raw. John Cena retains his United States world champion  https://t.co/4bqzFmLZah,positive,1
4417,677147515171397632,"Tomorrow's going to be a big day, nope. Not because its 17. Haha enough with that date. Its a Star Wars day!!!!!",positive,1
4445,679275670116134913,Tomorrow I'll be in my room watching Lady Gaga videos while the rest of the society watches large men tackle each other and throw balls :),positive,1
2877,631652712405336064,Someone go by every single season of Naruto for me I'll love you forever  https://t.co/hzeKpUAVLm,positive,1
4473,628273151839899648,Hanging out at the Prince George mall! Already may have bought a few new outfits...,positive,1
1491,637237666581360640,This is a lovely post about Zayn for those who still have issues with him. May make you consider things differently. http://t.co/WNEwQSn9as,positive,1
5177,639305345332973568,"@CSNGiants no more Bad Blood by Taylor Swift music please, the video on Monday was more like badluck!!! #badeditor #SFGiants #cheesymusic",negative,0
4126,623543168865300480,I'm still thinking about Sunday &amp; last night. The Undertaker &amp; Brock Lesnar are going to tare the house at #SummerSlam #WWE,positive,1
3953,620736771278540800,"Tomorrow 7-14-15 the new Harper Lee novel ""Go set a Watchman"" is released !!!",positive,1
6972,674793167615561729,Frightening tales in the dark dried off in the sun in the style of David Bowie. I am now filthy rich.,positive,1
3858,623957226319908864,Wasn't gonna watch Sharknado tonight but I may have to catch a peak to see @keselowski @joeylogano and the @NASCAR crew,positive,1
5939,639482531260301312,It should be settled in the minds of Christians that the Holy Scriptures are a spiritual light far brighter than the sun - Martin Luther,positive,1
202,623808822906355712,"The bells are being rung @wabbey to mark Prince George's 2nd birthday. Many, many happy returns of the day!",positive,1
3797,630465069902475265,Carly Fiorina on the Rise After Thursday Night's Debate - She &amp; Trump are like oil and water. http://t.co/xMV47w9Nt6,positive,1
7067,635579769090772992,"People always wanna be the next MJ, the next Rousey, I just wanna be the best me. I may go further than those so why limit myself?",positive,1
2381,629581598736936960,"Jumu'ah is an Eid in itself and the Friday prayer is more virtuous than both Eid prayes combined. Abandoning it is a sin. #JumuahReminder""",positive,1
1664,640297391594143744,"I may be the only one still watching Red Sox games, but that team, with all the hungry young players; is fun to watch! #trade Hanley",positive,1
5335,641233611362955264,"#itweetFEEDS Well, we guessed it! ICYMI: On Monday, Sam Smith shared an inneresting photo tha... http://t.co/OOwu7zB2iF #ff @itweetFEEDS",positive,1
7040,622747886044999680,@JohnLusher @VAinParadise @AceConcierge Happy Sunday &amp; National Ice Cream Day! Who's going out for a cone today?,positive,1
4019,677645605351628801,Our Term 3 Mama Brown Thursday Twilight finished with a bang last night - grand final results are below:... https://t.co/g9TlNYs39W,positive,1
1705,665998143331373058,Cate Blanchett and Rooney Mara star in #Carol from 27 November. Save the date! https://t.co/P8g8oHDsB6,positive,1
1183,680451595033833472,"See you again in April, Justin Bieber :) https://t.co/KxH9pBjUqz",positive,1
6080,661054740969730048,"@blazin100tweets Coming up, song requests for The Vamps, Sam Concepcion, Darren, JK, Jason and Lyca, it's a Monday and the votes are tight!",positive,1
5682,666733304146698240,Filming update: it is NOT the next Captain America that's filming tomorrow BUT is it a movie with Chris Evans! I So still a yay!,positive,1
5947,640993112941137920,"it's going to be an year since my wwa concert on sunday, Niall's birthday )):",positive,1
6048,639236211723272192,More Sheamus vs Randy Orton!! Because the #WWE universe just can't get enough! #WWENetwork  https://t.co/cWxwkilgfj,positive,1
5392,620605810159296513,I have two wishes: 1) that it was Tuesday already; 2) that I had ten eyes so I could read Go Set a Watchman faster.,positive,1
1363,639845723626934272,Let's be positive about Super Eagles game tomorrow.,positive,1
2220,637079086079324160,Got my alarm set so I can be up when tickets for shawn at the @SCStateFair go on sale tomorrow! Want the best seats I can get.,positive,1
4804,634009701202595840,Moto G (3rd Gen) G vs. Apple iPhone 6 review: Moto G's price beats iPhone: Since the new handset is said to be... http://t.co/GFJxRKMUTP,positive,1
849,640779218188677120,"Enjoy trudging to work. I'm in a lovely hotel in my pants, contemplating how good the Foo Fighters will be tomorrow.",positive,1
1636,628616260104921088,Nirvana on the radio. Happy Tuesday,positive,1
5696,672538268752207872,@Fightincowboy i hope you plan on doing a Dark Souls 3 walkthrough when it comes out in march bro! I literally watch every single DS video,positive,1
1275,640455686380494848,waken the body &amp; mind.join our monday 7am HATHA YOGA open level.start the week energised and refreshed.clear the mind. join @HealthTownUK,positive,1
612,636010377231396864,the ppl on the radio today made fun of Iwata passing then followed it up saying the Foo Fighters are better then Nirvana so yea happy Monday,positive,1
4263,638552847190126592,I will be back on PSN tomorrow the 2nd of september with my new PS4 :) message me if your intersented in my psn name :))))),positive,1
2464,635142285085163520,All pumped. #SummerSlam is tomorrow and Brock Lesnar is taking the Undertaker to #SuplexCity yay yay!,positive,1
1781,623726490207809536,It's Prince George's 2nd birthday today! @KensingtonRoyal have released this photo of him with his dad to celebrate. http://t.co/dpQ7pp3naC,positive,1
4899,623404366683340800,on Eid 1st Day after Playing cricket with my sweet friends http://t.co/prt2xcDvV9,positive,1
4409,640094021436743680,Some people may not bother but Happy Birthday Milan. Thank you for everything you have done for us #xbanaMilan #swfc http://t.co/SzNeBaFxdc,positive,1
3766,634429907574104064,"@berillicious you are in the bestest of places, no doubt! May your children become the bestest humans and Muslims and",positive,1
5972,633389133163925504,"David Wright maybe returning in Philly, you say? Makes me even more excited for my trip there next Tuesday...",positive,1
4727,628353151226265600,"Looking forward to Monday Night Raw, the return of Brock Lesnar (and @HeymanHustle). #RAW",positive,1
5528,641457514505183233,Nightttt!! Wish me luck for school tomorrow and I'll show you my Shawn and 5sos shirt when I'm back,positive,1
6626,624962847794028545,Woke up for the 2nd day in a row with Calibraska still being number 1. Proud is an understatement,positive,1
1205,681755356108840960,Glad I watched Twilight.  Now I'm not alarmed when I see @Fresh_Lezinto out in the sun,positive,1
3117,677375362742001664,Happy Star Wars day and may the force be ever in your favour! @starwars @TheHungerGames #StarWars,positive,1
1563,623809482582175746,Happy 2nd Birthday Prince George! We've loved watching you grow up from a baby in to a little boy #PrinceGeorge http://t.co/5Y7zOEONLG,positive,1
2735,636903436068483072,@Its_BmillerTime because a former member of the marine corps needs your support this Sunday at summer slam!! And his name is John cena!,positive,1
6026,641251754307403776,@BrandonFlowers you should do something extra special for Chicago on Friday and sing U2's Ultraviolet. It's so perfect when you sing it.,positive,1
6461,640664509171023873,There's taking the high road and then there's what Tom Brady said about Roger Goodell Sunday. How smart was Brady... http://t.co/TgRH0demrS,positive,1
6514,634924127846051841,Might just have to catch @trvisXX for the 3rd time and @theweeknd for the 1st time with my money saved for Frank Ocean lol,positive,1
2832,641421078393450496,a pumpkin muffin from Dunkin will be the only way I make it through tomorrow without crying a lot,positive,1
5049,640695507778596864,With that sweep of the Royals.White Sox  are now 3 games closer to 1st place!#WhiteSox #MLB,positive,1
5852,674773120448921600,Kendrick Lamar getting all 11 Grammys on Sunday would be the best birthday gift ever.....,positive,1
2513,638490715685785600,Nicki's drag at the VMA's blessed my Monday,positive,1
498,637474616668106752,I've never ever won a radio contest before &amp; Shawn never does them when he's in California so seeing him tomorrow makes me so happy,positive,1
414,624777347779051521,BOOM!!! Solo shot for @MikeTrout right over Josh Hamilton's head!! His 29th of the season tying @PujolsFive for the MLB lead! 1-0 @Angels !,positive,1
6901,638130034486714368,@_MatthewTurner_ Hahaha you clearly have never seen AF live. Clueless. Regarded by Rolling Stone as the 4th best live band around.,positive,1
2558,636977381404643328,This Street Fighter V beta on PS4 tomorrow. I'm ready to give someone the hands. Preferably a few of my peeps part of the NAX crew.,positive,1
2524,638265330737897472,When the Wild Wind Blows by Iron Maiden will forever be one of my fave songs. Keen for the new album on Friday!,positive,1
47,677659822603415552,Come to the Twilight market next Tues 22 Dec from 2-6pm - your last chance to stock up before we reopen on Jan 16! https://t.co/H0l55fZRVj,positive,1
6709,638065534421090304,@SmokinBonesUK please tell me you are doing Foo Fighters gig @ Milton Keynes Sat? Hubs had food @ silverstone today &amp; it looked AMAZING!!,positive,1
6164,636046812374171648,Josh and I got his dad addicted to Naruto. We showed it to him Friday night and he's on already on episode 32,positive,1
1959,662231848593027072,So this happened Tuesday night: Sharif (or is it David Bowie?) earned his first bike! #EarnABike https://t.co/yj884qg7AF,positive,1
6915,632342377433317376,So after watching Straight Outta Compton (which was amazing) Ice Cube may have had one of the best diss tracks of all time! Lol,positive,1
1862,675732655917412352,Josh's T-shirt for Star Wars day in school on Friday. https://t.co/NpVS0m4oww,positive,1
35,634420630750949376,"I wanna wake up tomorrow with Dunkin by my bed, that would be the best birthday breakfast ever.",positive,1
6483,638481617816825856,I may never tweet about anything other than Kanye West ever again,positive,1
3087,624402030459621376,"A great crowd of nearly 6,000 enjoyed National Hot Dog Day and Throwdown Thursday tonight! That's a lot of hot dogs! http://t.co/Gl3MjoL7Z0",positive,1
4227,681778170706657280,Okay here's a thing July 21 2015 is the day when Justin Bieber FOLLOWED ME and I wont ever forget that date like EVER!,positive,1
2779,663498474680381440,Some may find it tragic that I'm sat alone watching Amy Schumer and eating Ben and Jerries but personally I feel no shame,positive,1
4927,637366072103030785,In Dunkin today I saw 4 elderly men trying to take a selfie and it may have been the cutest thing I've witnessed in my entire life,positive,1
377,672474804306501634,I just want it to be Saturday so Amy Schumer can make me laugh and feel good about my life compared to hers.,positive,1
4687,633813961872379905,David Wright played all 9 innings in the field for St. Lucie. Went 0-1 with three walks at the plate. Due up 6th in bottom of the 9th. #Mets,positive,1
4793,628332815399157760,my monday has consisted of Paul McCartney on a loop in my head and craving honey barbecue boneless wings with ranch from bdubs,positive,1
475,670904334910144512,"I KNOW WE CAN MAKE IT TO 1ST PLACE #TrackOfTheDay Rest Your Love by The Vamps, found with @Shazam, Listen now: https://t.co/kXxdCxsz3k",positive,1
2747,622590683363217408,Tomorrow is National Ice Cream Day... don't you wish you had this adorable banner to celebrate?? https://t.co/lTL0gdbl53,positive,1
919,678038033975934976,On Saturday Night Live set today with Amy Schumer! https://t.co/TukAF6unNx,positive,1
148,679130374174285824,"@Peggynoonannyc Hi there and best from Milan,ITALY; if Dgates made you angry as per NYT may I ask why? Xxx filippo",positive,1
6670,681731463008632832,"@JewishMusT hope to see you at our opening in Tel-Aviv, Israel in MARCH!",positive,1
5967,638990983439458304,Akon will be in Prince George  Sept 20/2015. @ the Civic Centre   I'm going for that. tickets on sale Friday.,positive,1
5619,636759323587289088,I hope I meet the boys on Saturday &amp; I hope Niall follows me &amp; @niaIloncraic &amp; @blackbownjh !!!!!,positive,1
1257,669625344094298113,@jaimewarner come to the salon. I work 12-4 on Friday bc of the holiday. Curtis said I can cut yr hair there!,positive,1
